/*
 Navicat Premium Data Transfer

 Source Server         : 172.16.10.106
 Source Server Type    : MySQL
 Source Server Version : 80026
 Source Host           : localhost:3306
 Source Schema         : yuji

 Target Server Type    : MySQL
 Target Server Version : 80026
 File Encoding         : 65001

 Date: 07/06/2024 17:01:58
*/

SET NAMES utf8mb4;
SET FOREIGN_KEY_CHECKS = 0;

-- ----------------------------
-- Table structure for cms_catalog
-- ----------------------------
DROP TABLE IF EXISTS `cms_catalog`;
CREATE TABLE `cms_catalog`  (
  `catalog_id` bigint(0) NOT NULL COMMENT '主键ID',
  `site_id` bigint(0) NOT NULL COMMENT '站点ID',
  `parent_id` bigint(0) NULL DEFAULT NULL COMMENT '父级栏目ID',
  `name` varchar(100) CHARACTER SET utf8mb4 COLLATE utf8mb4_general_ci NOT NULL COMMENT '栏目名称',
  `logo` varchar(255) CHARACTER SET utf8mb4 COLLATE utf8mb4_general_ci NULL DEFAULT NULL COMMENT '栏目引导图',
  `alias` varchar(100) CHARACTER SET utf8mb4 COLLATE utf8mb4_general_ci NOT NULL COMMENT '栏目别名',
  `description` varchar(255) CHARACTER SET utf8mb4 COLLATE utf8mb4_general_ci NULL DEFAULT NULL COMMENT '栏目简介',
  `ancestors` varchar(500) CHARACTER SET utf8mb4 COLLATE utf8mb4_general_ci NULL DEFAULT NULL COMMENT '栏目祖级IDs',
  `dept_code` varchar(100) CHARACTER SET utf8mb4 COLLATE utf8mb4_general_ci NULL DEFAULT NULL COMMENT '所属部门编码',
  `catalog_type` varchar(50) CHARACTER SET utf8mb4 COLLATE utf8mb4_general_ci NOT NULL COMMENT '栏目类型',
  `path` varchar(50) CHARACTER SET utf8mb4 COLLATE utf8mb4_general_ci NOT NULL COMMENT '站点路径',
  `redirect_url` varchar(255) CHARACTER SET utf8mb4 COLLATE utf8mb4_general_ci NULL DEFAULT NULL COMMENT '标题栏目跳转地址',
  `static_flag` char(1) CHARACTER SET utf8mb4 COLLATE utf8mb4_general_ci NOT NULL DEFAULT '1' COMMENT '是否生成静态页面',
  `visible_flag` char(1) CHARACTER SET utf8mb4 COLLATE utf8mb4_general_ci NOT NULL DEFAULT '1' COMMENT '栏目是否可见',
  `sort_flag` bigint(0) NOT NULL COMMENT '排序字段',
  `index_template` varchar(100) CHARACTER SET utf8mb4 COLLATE utf8mb4_general_ci NULL DEFAULT NULL COMMENT '栏目首页模板',
  `index_file_name` varchar(100) CHARACTER SET utf8mb4 COLLATE utf8mb4_general_ci NULL DEFAULT NULL COMMENT '栏目首页命名',
  `list_template` varchar(100) CHARACTER SET utf8mb4 COLLATE utf8mb4_general_ci NULL DEFAULT NULL COMMENT '列表页模板',
  `list_name_rule` varchar(100) CHARACTER SET utf8mb4 COLLATE utf8mb4_general_ci NULL DEFAULT NULL COMMENT '列表页命名规则',
  `detail_template` varchar(100) CHARACTER SET utf8mb4 COLLATE utf8mb4_general_ci NULL DEFAULT NULL COMMENT '详情页模板',
  `detail_name_rule` varchar(100) CHARACTER SET utf8mb4 COLLATE utf8mb4_general_ci NULL DEFAULT NULL COMMENT '详情页命名规则',
  `tree_level` int(0) NOT NULL COMMENT '栏目层级',
  `child_count` int(0) NOT NULL COMMENT '子栏目数',
  `content_count` int(0) NOT NULL COMMENT '内容数量',
  `status` char(1) CHARACTER SET utf8mb4 COLLATE utf8mb4_general_ci NULL DEFAULT NULL COMMENT '状态',
  `hit_count` int(0) NULL DEFAULT NULL COMMENT '点击量',
  `seo_keywords` varchar(400) CHARACTER SET utf8mb4 COLLATE utf8mb4_general_ci NULL DEFAULT NULL COMMENT 'SEO关键词',
  `seo_description` varchar(1000) CHARACTER SET utf8mb4 COLLATE utf8mb4_general_ci NULL DEFAULT NULL COMMENT 'SEO描述',
  `seo_title` varchar(200) CHARACTER SET utf8mb4 COLLATE utf8mb4_general_ci NULL DEFAULT NULL COMMENT 'SEO标题',
  `publish_pipe_props` mediumtext CHARACTER SET utf8mb4 COLLATE utf8mb4_general_ci NULL COMMENT '发布平台属性',
  `config_props` varchar(2000) CHARACTER SET utf8mb4 COLLATE utf8mb4_general_ci NULL DEFAULT NULL COMMENT '扩展配置',
  `create_by` varchar(50) CHARACTER SET utf8mb4 COLLATE utf8mb4_general_ci NOT NULL COMMENT '创建人',
  `create_time` datetime(0) NOT NULL COMMENT '创建时间',
  `update_by` varchar(50) CHARACTER SET utf8mb4 COLLATE utf8mb4_general_ci NULL DEFAULT NULL COMMENT '最后修改人',
  `update_time` datetime(0) NULL DEFAULT NULL COMMENT '最后修改时间',
  `remark` varchar(255) CHARACTER SET utf8mb4 COLLATE utf8mb4_general_ci NULL DEFAULT NULL COMMENT '备注',
  PRIMARY KEY (`catalog_id`) USING BTREE
) ENGINE = InnoDB CHARACTER SET = utf8mb4 COLLATE = utf8mb4_general_ci COMMENT = '栏目表' ROW_FORMAT = Dynamic;

-- ----------------------------
-- Records of cms_catalog
-- ----------------------------
INSERT INTO `cms_catalog` VALUES (390567488348229, 1630092239507464193, 0, '新闻中心', 'iurl://resources/image/2023/03/17/396941061038149.png?type=resource&id=396941061038149&sid=1630092239507464193', 'news', '1', '390567488348229', NULL, 'common', 'news/', NULL, 'Y', 'Y', 167748979300, NULL, NULL, NULL, NULL, NULL, NULL, 1, 2, -2, NULL, NULL, NULL, NULL, NULL, '{\"pc\":{\"detailTemplate_article\":\"\",\"detailTemplate_image\":\"\",\"staticSuffix\":\"shtml\",\"detailTemplate_audio\":\"\",\"indexTemplate\":\"\",\"listTemplate\":\"list.template.html\",\"detailTemplate_video\":\"\",\"defaultListTemplate\":\"list.template.html\",\"contentExTemplate\":\"\"},\"h5\":{\"detailTemplate_article\":\"\",\"detailTemplate_image\":\"\",\"staticSuffix\":\"shtml\",\"contentExTemplate\":\"\",\"detailTemplate_audio\":\"\",\"indexTemplate\":\"\",\"listTemplate\":\"\",\"detailTemplate_video\":\"\"}}', '{\"HotWordGroups\":\"[\\\"game\\\"]\",\"ArticleImageHeight\":\"600\",\"CatalogExtendModel\":\"\",\"EnableIndex\":\"Y\",\"CatalogPageSize\":\"-1\",\"ContentExtendModel\":\"\",\"ArticleImageWidth\":\"600\"}', 'admin', '2023-02-27 17:23:13', 'admin', '2023-06-06 12:42:39', NULL);
INSERT INTO `cms_catalog` VALUES (390567566614597, 1630092239507464193, 390567488348229, '行业新闻', NULL, 'xwzx_xyxw', NULL, '390567488348229:390567566614597', NULL, 'common', 'news/hy/', NULL, 'Y', 'Y', 167748981100, NULL, NULL, NULL, NULL, NULL, NULL, 2, 0, 0, NULL, NULL, NULL, NULL, NULL, '{\"pc\":{\"listTemplate\":\"\",\"defaultListTemplate\":\"list.template.html\",\"detailTemplate_article\":\"\",\"indexTemplate\":\"list_product.template.html\",\"staticSuffix\":\"shtml\",\"detailTemplate_image\":\"\",\"detailTemplate_audio\":\"\",\"detailTemplate_video\":\"\"},\"h5\":{\"detailTemplate_article\":\"\",\"detailTemplate_image\":\"\",\"staticSuffix\":\"shtml\",\"detailTemplate_audio\":\"\",\"indexTemplate\":\"\",\"listTemplate\":\"\",\"detailTemplate_video\":\"\"}}', '{\"HotWordGroups\":\"[\\\"game\\\"]\",\"ArticleImageHeight\":\"600\",\"CatalogExtendModel\":\"\",\"EnableIndex\":\"Y\",\"ContentExtendModel\":\"\",\"ArticleImageWidth\":\"600\"}', 'admin', '2023-02-27 17:23:32', 'admin', '2023-05-14 10:05:13', NULL);
INSERT INTO `cms_catalog` VALUES (390570590720069, 1630092239507464193, 390567488348229, '思威控新闻', NULL, 'xwzx_swkxw', NULL, '390567488348229:390570590720069', NULL, 'common', 'news/swk/', NULL, 'Y', 'Y', 167749055100, NULL, NULL, NULL, NULL, NULL, NULL, 2, 0, 2, NULL, NULL, NULL, NULL, NULL, '{\"pc\":{\"listTemplate\":\"list.template.html\",\"defaultListTemplate\":\"list.template.html\",\"detailTemplate_article\":\"\",\"contentExTemplate\":\"\",\"indexTemplate\":\"\",\"staticSuffix\":\"shtml\",\"detailTemplate_image\":\"\",\"detailTemplate_audio\":\"\",\"detailTemplate_video\":\"detail_video.template.html\"},\"h5\":{\"detailTemplate_article\":\"\",\"detailTemplate_image\":\"\",\"staticSuffix\":\"shtml\",\"contentExTemplate\":\"\",\"detailTemplate_audio\":\"\",\"indexTemplate\":\"\",\"listTemplate\":\"\",\"detailTemplate_video\":\"\"}}', '{\"HotWordGroups\":\"[\\\"game\\\"]\",\"ArticleImageHeight\":\"600\",\"CatalogExtendModel\":\"\",\"EnableIndex\":\"Y\",\"ContentExtendModel\":\"\",\"ArticleImageWidth\":\"600\"}', 'admin', '2023-02-27 17:35:50', 'admin', '2023-06-03 16:18:27', NULL);
INSERT INTO `cms_catalog` VALUES (390570663739461, 1630092239507464193, 0, '产品中心', NULL, 'product', NULL, '390570663739461', NULL, 'common', 'product/', NULL, 'Y', 'Y', 167749056700, NULL, NULL, NULL, NULL, NULL, NULL, 1, 2, 0, NULL, NULL, NULL, NULL, NULL, '{\"pc\":{\"listTemplate\":\"list_product.template.html\",\"detailTemplate_article\":\"detail_product.template.html\",\"contentExTemplate\":\"\",\"indexTemplate\":\"\",\"staticSuffix\":\"shtml\",\"detailTemplate_image\":\"\",\"detailTemplate_audio\":\"\",\"detailTemplate_video\":\"\"},\"h5\":{\"detailTemplate_article\":\"\",\"contentExTemplate\":\"\",\"indexTemplate\":\"\",\"listTemplate\":\"\",\"staticSuffix\":\"shtml\",\"detailTemplate_image\":\"\",\"detailTemplate_audio\":\"\",\"detailTemplate_video\":\"\"}}', '{\"HotWordGroups\":\"[]\",\"ArticleImageHeight\":\"600\",\"CatalogExtendModel\":\"\",\"EnableIndex\":\"Y\",\"CatalogPageSize\":\"0\",\"ContentExtendModel\":\"\",\"ArticleImageWidth\":\"600\"}', 'admin', '2023-02-27 17:36:08', 'admin', '2023-06-17 16:03:59', NULL);
INSERT INTO `cms_catalog` VALUES (390570748936261, 1630092239507464193, 390570663739461, 'DK系列', NULL, 'product_dk', NULL, '390570663739461:390570748936261', NULL, 'common', 'product/dk/', NULL, 'Y', 'Y', 167749058800, NULL, NULL, NULL, NULL, NULL, NULL, 2, 0, 10, NULL, NULL, NULL, NULL, NULL, '{\"pc\":{\"listTemplate\":\"list_product.template.html\",\"detailTemplate_article\":\"detail_product.template.html\",\"indexTemplate\":\"\",\"staticSuffix\":\"shtml\",\"detailTemplate_image\":\"\"}}', '{\"HotWordGroups\":\"[]\",\"ArticleImageHeight\":\"700\",\"CatalogExtendModel\":\"\",\"EnableIndex\":\"Y\",\"RepeatTitleCheck\":\"0\",\"ContentExtendModel\":\"396563529257029\",\"ArticleImageWidth\":\"700\"}', 'admin', '2023-02-27 17:36:29', 'admin', '2023-04-01 00:33:47', NULL);
INSERT INTO `cms_catalog` VALUES (390570814517317, 1630092239507464193, 390570663739461, 'GK系列', NULL, 'product_gk', NULL, '390570663739461:390570814517317', NULL, 'common', 'product/gk/', NULL, 'Y', 'Y', 167749060400, NULL, NULL, NULL, NULL, NULL, NULL, 2, 0, 12, NULL, NULL, NULL, NULL, NULL, '{\"pc\":{\"listTemplate\":\"list_product.template.html\",\"detailTemplate_article\":\"detail_product.template.html\"}}', '{}', 'admin', '2023-02-27 17:36:45', 'admin', '2023-03-10 19:58:41', NULL);
INSERT INTO `cms_catalog` VALUES (390570870935621, 1630092239507464193, 0, '应用领域', NULL, 'case', NULL, '390570870935621', NULL, 'common', 'case/', NULL, 'Y', 'Y', 167749061800, NULL, NULL, NULL, NULL, NULL, NULL, 1, 0, 6, NULL, NULL, NULL, NULL, NULL, NULL, '{}', 'admin', '2023-02-27 17:36:59', 'admin', '2023-02-27 17:36:59', NULL);
INSERT INTO `cms_catalog` VALUES (390570940239941, 1630092239507464193, 0, '技术支持', NULL, 'support', NULL, '390570940239941', NULL, 'common', 'support/', NULL, 'Y', 'Y', 167749063500, NULL, NULL, NULL, NULL, NULL, NULL, 1, 1, 0, NULL, NULL, NULL, NULL, NULL, NULL, '{}', 'admin', '2023-02-27 17:37:15', 'admin', '2023-02-27 17:37:15', NULL);
INSERT INTO `cms_catalog` VALUES (390571037143109, 1630092239507464193, 390570940239941, '资料下载', NULL, 'download', NULL, '390570940239941:390571037143109', NULL, 'common', 'support/download/', NULL, 'Y', 'Y', 167749065900, NULL, NULL, NULL, NULL, NULL, NULL, 2, 3, 0, NULL, NULL, NULL, NULL, NULL, NULL, '{}', 'admin', '2023-02-27 17:37:39', 'admin', '2023-02-27 17:37:39', NULL);
INSERT INTO `cms_catalog` VALUES (390571116064837, 1630092239507464193, 390571037143109, '组态软件', NULL, 'jszc_zlxz_ztrj', NULL, '390570940239941:390571037143109:390571116064837', NULL, 'common', 'support/download/ztrj/', NULL, 'Y', 'Y', 167749067800, NULL, NULL, NULL, NULL, NULL, NULL, 3, 0, 2, NULL, NULL, NULL, NULL, NULL, NULL, '{}', 'admin', '2023-02-27 17:37:58', 'admin', '2023-02-27 17:37:58', NULL);
INSERT INTO `cms_catalog` VALUES (390571186876485, 1630092239507464193, 390571037143109, '编程软件', NULL, 'jszc_zlxz_bcrj', NULL, '390570940239941:390571037143109:390571186876485', NULL, 'common', 'support/download/bcrj/', NULL, 'Y', 'Y', 167749069500, NULL, NULL, NULL, NULL, NULL, NULL, 3, 0, 0, NULL, NULL, NULL, NULL, NULL, NULL, '{}', 'admin', '2023-02-27 17:38:16', 'admin', '2023-02-27 17:38:16', NULL);
INSERT INTO `cms_catalog` VALUES (390571266605125, 1630092239507464193, 390571037143109, '技术资料', NULL, 'jszc_zlxz_jszl', NULL, '390570940239941:390571037143109:390571266605125', NULL, 'common', 'support/download/jszl/', NULL, 'Y', 'Y', 167749071500, NULL, NULL, NULL, NULL, NULL, NULL, 3, 0, 0, NULL, NULL, NULL, NULL, NULL, NULL, '{}', 'admin', '2023-02-27 17:38:35', 'admin', '2023-02-27 17:38:35', NULL);
INSERT INTO `cms_catalog` VALUES (390571341672517, 1630092239507464193, 0, '培训教程', NULL, 'tutorial', NULL, '390571341672517', NULL, 'common', 'tutorial/', NULL, 'Y', 'Y', 167749073300, NULL, NULL, NULL, NULL, NULL, NULL, 1, 0, -9, NULL, NULL, NULL, NULL, NULL, NULL, '{\"HotWordGroups\":\"[]\",\"ArticleImageHeight\":\"600\",\"CatalogExtendModel\":\"\",\"EnableIndex\":\"Y\",\"CatalogPageSize\":\"0\",\"ContentExtendModel\":\"\",\"ArticleImageWidth\":\"600\"}', 'admin', '2023-02-27 17:38:53', 'admin', '2023-06-17 16:11:29', NULL);
INSERT INTO `cms_catalog` VALUES (390571397627973, 1630092239507464193, 0, '公司介绍', NULL, 'company', NULL, '390571397627973', NULL, 'link', 'company/', 'iurl://content?id=390580083195973', 'Y', 'Y', 167749074700, NULL, NULL, NULL, NULL, NULL, NULL, 1, 5, 0, NULL, NULL, NULL, NULL, NULL, '{\"pc\":{\"detailTemplate_article\":\"\",\"detailTemplate_image\":\"\",\"staticSuffix\":\"shtml\",\"indexTemplate\":\"\",\"listTemplate\":\"\"}}', '{}', 'admin', '2023-02-27 17:39:07', 'admin', '2023-03-16 17:42:16', NULL);
INSERT INTO `cms_catalog` VALUES (390571481559109, 1630092239507464193, 0, '客户反馈', NULL, 'feedback', NULL, '390571481559109', NULL, 'common', 'feedback/', NULL, 'Y', 'Y', 167749076700, NULL, NULL, NULL, NULL, NULL, NULL, 1, 1, 11, NULL, NULL, NULL, NULL, NULL, '{\"pc\":{\"defaultListTemplate\":\"\"},\"ee\":{\"defaultListTemplate\":\"\"}}', '{}', 'admin', '2023-02-27 17:39:28', 'admin', '2023-06-17 17:53:09', NULL);
INSERT INTO `cms_catalog` VALUES (390571673047109, 1630092239507464193, 390571397627973, '关于我们', NULL, 'aboutus', NULL, '390571397627973:390571673047109', NULL, 'link', 'aboutus/', 'iurl://aboutus/?type=content&id=390580083195973', 'Y', 'Y', 167749081402, NULL, NULL, NULL, NULL, NULL, NULL, 2, 0, 1, NULL, NULL, NULL, NULL, NULL, '{\"pc\":{\"detailTemplate_article\":\"company.template.html\"},\"h5\":{}}', '{}', 'admin', '2023-02-27 17:40:14', 'admin', '2023-03-04 16:54:52', NULL);
INSERT INTO `cms_catalog` VALUES (390571784261701, 1630092239507464193, 390571397627973, '联系我们', NULL, 'contactus', NULL, '390571397627973:390571784261701', NULL, 'link', 'contactus/', 'iurl://contactus/?type=content&id=390581258022981', 'Y', 'Y', 167749084102, NULL, NULL, NULL, NULL, NULL, NULL, 2, 0, 1, NULL, NULL, NULL, NULL, NULL, '{\"pc\":{\"detailTemplate_article\":\"contactus.template.html\",\"contentExTemplate\":\"\",\"indexTemplate\":\"\",\"listTemplate\":\"\",\"staticSuffix\":\"shtml\",\"detailTemplate_image\":\"\",\"detailTemplate_audio\":\"\",\"detailTemplate_video\":\"\"},\"h5\":{\"detailTemplate_article\":\"\",\"contentExTemplate\":\"\",\"indexTemplate\":\"\",\"listTemplate\":\"\",\"staticSuffix\":\"shtml\",\"detailTemplate_image\":\"\",\"detailTemplate_audio\":\"\",\"detailTemplate_video\":\"\"}}', '{}', 'admin', '2023-02-27 17:40:42', 'admin', '2023-06-11 16:29:19', NULL);
INSERT INTO `cms_catalog` VALUES (390571849691205, 1630092239507464193, 390571397627973, '合作共赢', NULL, 'business', NULL, '390571397627973:390571849691205', NULL, 'common', 'business/', NULL, 'Y', 'Y', 167749085707, NULL, NULL, NULL, NULL, NULL, NULL, 2, 0, 0, NULL, NULL, NULL, NULL, NULL, '{\"pc\":{},\"h5\":{}}', '{}', 'admin', '2023-02-27 17:40:58', 'admin', '2023-02-27 17:42:15', NULL);
INSERT INTO `cms_catalog` VALUES (390571977228357, 1630092239507464193, 390571397627973, '常见问题', NULL, 'help', NULL, '390571397627973:390571977228357', NULL, 'common', 'help/', NULL, 'Y', 'Y', 167749088807, NULL, NULL, NULL, NULL, NULL, NULL, 2, 0, 0, NULL, NULL, NULL, NULL, NULL, '{\"pc\":{\"indexTemplate\":\"faq.template.html\"},\"h5\":{}}', '{}', 'admin', '2023-02-27 17:41:29', 'admin', '2023-03-04 16:46:04', NULL);
INSERT INTO `cms_catalog` VALUES (390572061470789, 1630092239507464193, 390571397627973, '企业资质', NULL, 'company_qyzz', NULL, '390571397627973:390572061470789', NULL, 'link', 'zizhi/', 'iurl://content?id=390590522888261', 'Y', 'Y', 167749085706, NULL, NULL, NULL, NULL, NULL, NULL, 2, 0, 1, NULL, NULL, NULL, NULL, NULL, '{\"pc\":{},\"h5\":{}}', '{}', 'admin', '2023-02-27 17:41:49', 'admin', '2023-02-27 18:59:58', NULL);

-- ----------------------------
-- Table structure for cms_content
-- ----------------------------
DROP TABLE IF EXISTS `cms_content`;
CREATE TABLE `cms_content`  (
  `content_id` bigint(0) NOT NULL COMMENT '主键ID',
  `site_id` bigint(0) NOT NULL COMMENT '所属站点ID',
  `catalog_id` bigint(0) NOT NULL COMMENT '所属栏目ID',
  `catalog_ancestors` varchar(100) CHARACTER SET utf8mb4 COLLATE utf8mb4_general_ci NOT NULL COMMENT '所属栏目祖级IDs',
  `top_catalog` bigint(0) NOT NULL COMMENT '所属顶级栏目ID',
  `dept_id` bigint(0) NULL DEFAULT NULL COMMENT '部门ID',
  `dept_code` varchar(100) CHARACTER SET utf8mb4 COLLATE utf8mb4_general_ci NULL DEFAULT NULL COMMENT '部门编码',
  `content_type` varchar(20) CHARACTER SET utf8mb4 COLLATE utf8mb4_general_ci NOT NULL COMMENT '内容类型',
  `title` varchar(360) CHARACTER SET utf8mb4 COLLATE utf8mb4_general_ci NOT NULL COMMENT '标题',
  `sub_title` varchar(180) CHARACTER SET utf8mb4 COLLATE utf8mb4_general_ci NULL DEFAULT NULL COMMENT '副标题',
  `short_title` varchar(180) CHARACTER SET utf8mb4 COLLATE utf8mb4_general_ci NULL DEFAULT NULL COMMENT '短标题',
  `title_style` varchar(100) CHARACTER SET utf8mb4 COLLATE utf8mb4_general_ci NULL DEFAULT NULL COMMENT '标题样式',
  `logo` varchar(255) CHARACTER SET utf8mb4 COLLATE utf8mb4_general_ci NULL DEFAULT NULL COMMENT '引导图',
  `source` varchar(100) CHARACTER SET utf8mb4 COLLATE utf8mb4_general_ci NULL DEFAULT NULL COMMENT '来源',
  `source_url` varchar(255) CHARACTER SET utf8mb4 COLLATE utf8mb4_general_ci NULL DEFAULT NULL COMMENT '来源URL',
  `original` char(1) CHARACTER SET utf8mb4 COLLATE utf8mb4_general_ci NOT NULL DEFAULT '0' COMMENT '是否原创（Y=是，N=否）',
  `author` varchar(50) CHARACTER SET utf8mb4 COLLATE utf8mb4_general_ci NULL DEFAULT NULL COMMENT '作者',
  `editor` varchar(50) CHARACTER SET utf8mb4 COLLATE utf8mb4_general_ci NULL DEFAULT NULL COMMENT '编辑',
  `summary` varchar(500) CHARACTER SET utf8mb4 COLLATE utf8mb4_general_ci NULL DEFAULT NULL COMMENT '摘要',
  `static_path` varchar(255) CHARACTER SET utf8mb4 COLLATE utf8mb4_general_ci NULL DEFAULT NULL COMMENT '自定义内容静态化文件路径',
  `status` char(3) CHARACTER SET utf8mb4 COLLATE utf8mb4_general_ci NOT NULL DEFAULT '0' COMMENT '内容状态',
  `attributes` int(0) NULL DEFAULT 0 COMMENT '内容属性',
  `top_flag` bigint(0) NOT NULL DEFAULT 0 COMMENT '置顶标识',
  `top_date` datetime(0) NULL DEFAULT NULL COMMENT '置顶时间',
  `sort_flag` bigint(0) NOT NULL COMMENT '排序字段',
  `keywords` varchar(200) CHARACTER SET utf8mb4 COLLATE utf8mb4_general_ci NULL DEFAULT NULL COMMENT '关键词',
  `tags` varchar(200) CHARACTER SET utf8mb4 COLLATE utf8mb4_general_ci NULL DEFAULT NULL COMMENT 'TAGs',
  `copy_type` tinyint(0) NOT NULL DEFAULT 0 COMMENT '复制类型',
  `copy_id` bigint(0) NULL DEFAULT 0 COMMENT '复制源ID',
  `publish_date` datetime(0) NULL DEFAULT NULL COMMENT '发布时间',
  `offline_date` datetime(0) NULL DEFAULT NULL COMMENT '下线时间',
  `publish_pipe` varchar(100) CHARACTER SET utf8mb4 COLLATE utf8mb4_general_ci NULL DEFAULT NULL COMMENT '发布通道',
  `publish_pipe_props` varchar(500) CHARACTER SET utf8mb4 COLLATE utf8mb4_general_ci NULL DEFAULT NULL COMMENT '发布通道属性，配置独立模板用',
  `link_flag` char(1) CHARACTER SET utf8mb4 COLLATE utf8mb4_general_ci NOT NULL DEFAULT '0' COMMENT '是否链接内容（Y=是，N=否）',
  `redirect_url` varchar(255) CHARACTER SET utf8mb4 COLLATE utf8mb4_general_ci NULL DEFAULT NULL COMMENT '跳转链接',
  `is_lock` char(1) CHARACTER SET utf8mb4 COLLATE utf8mb4_general_ci NOT NULL DEFAULT '0' COMMENT '是否已锁定（Y=是，N=否）',
  `lock_user` varchar(50) CHARACTER SET utf8mb4 COLLATE utf8mb4_general_ci NULL DEFAULT NULL COMMENT '锁定用户名',
  `config_props` varchar(2000) CHARACTER SET utf8mb4 COLLATE utf8mb4_general_ci NULL DEFAULT NULL COMMENT '扩展属性',
  `deleted` tinyint(0) NOT NULL DEFAULT 0,
  `create_by` varchar(50) CHARACTER SET utf8mb4 COLLATE utf8mb4_general_ci NOT NULL COMMENT '创建人',
  `create_time` datetime(0) NOT NULL COMMENT '创建时间',
  `update_by` varchar(50) CHARACTER SET utf8mb4 COLLATE utf8mb4_general_ci NULL DEFAULT NULL COMMENT '最后修改人',
  `update_time` datetime(0) NULL DEFAULT NULL COMMENT '最后修改时间',
  `remark` varchar(255) CHARACTER SET utf8mb4 COLLATE utf8mb4_general_ci NULL DEFAULT NULL COMMENT '备注',
  `like_count` bigint(0) NULL DEFAULT 0,
  `comment_count` bigint(0) NULL DEFAULT 0,
  `favorite_count` bigint(0) NULL DEFAULT 0,
  `view_count` bigint(0) NULL DEFAULT 0,
  `contributor_id` bigint(0) NULL DEFAULT 0,
  `seo_title` varchar(255) CHARACTER SET utf8mb4 COLLATE utf8mb4_general_ci NULL DEFAULT '' COMMENT 'SEO标题',
  `seo_keywords` varchar(255) CHARACTER SET utf8mb4 COLLATE utf8mb4_general_ci NULL DEFAULT '' COMMENT 'SEO关键词',
  `seo_description` varchar(255) CHARACTER SET utf8mb4 COLLATE utf8mb4_general_ci NULL DEFAULT '' COMMENT 'SEO描述',
  PRIMARY KEY (`content_id`) USING BTREE
) ENGINE = InnoDB CHARACTER SET = utf8mb4 COLLATE = utf8mb4_general_ci COMMENT = '内容表' ROW_FORMAT = Dynamic;

-- ----------------------------
-- Records of cms_content
-- ----------------------------
INSERT INTO `cms_content` VALUES (390580083195973, 1630092239507464193, 390571673047109, '390571397627973:390571673047109', 390571397627973, 100, NULL, 'article', '关于思威控', NULL, NULL, NULL, NULL, NULL, NULL, '0', NULL, NULL, NULL, NULL, '30', 0, 0, NULL, 167749286800, '[]', '[]', 0, 0, '2023-02-27 18:14:57', NULL, '[\"pc\",\"h5\"]', NULL, '0', NULL, 'N', NULL, NULL, 0, 'admin', '2023-02-27 18:14:28', 'admin', '2023-03-04 17:09:41', NULL, 0, 0, 0, 0, 0, '', '', '');
INSERT INTO `cms_content` VALUES (390581258022981, 1630092239507464193, 390571784261701, '390571397627973:390571784261701', 390571397627973, 100, NULL, 'article', '联系我们', NULL, NULL, NULL, NULL, NULL, NULL, '0', NULL, NULL, NULL, NULL, '30', 0, 0, NULL, 167749315400, '[]', '[]', 0, 0, '2023-02-27 18:19:15', NULL, '[\"pc\",\"h5\"]', NULL, '0', NULL, 'N', NULL, NULL, 0, 'admin', '2023-02-27 18:19:14', 'admin', '2023-06-03 13:54:39', NULL, 0, 0, 0, 0, 0, '', '', '');
INSERT INTO `cms_content` VALUES (390590522888261, 1630092239507464193, 390572061470789, '390571397627973:390572061470789', 390571397627973, 100, NULL, 'image', '企业资质', NULL, NULL, NULL, NULL, NULL, NULL, '0', NULL, NULL, NULL, NULL, '30', 0, 0, NULL, 167749541700, '[]', '[]', 0, 0, '2023-02-27 18:57:45', NULL, '[\"pc\",\"h5\"]', NULL, '0', NULL, 'N', NULL, NULL, 0, 'admin', '2023-02-27 18:56:56', 'admin', '2023-02-27 18:56:56', NULL, 0, 0, 0, 0, 0, '', '', '');
INSERT INTO `cms_content` VALUES (390591474192453, 1630092239507464193, 390571481559109, '390571481559109', 390571481559109, 100, NULL, 'article', '某美容设备供应商', NULL, NULL, NULL, NULL, NULL, NULL, '0', NULL, NULL, '产品性价比很高，技术支持非常到位，辛苦厂家一直以来的积极响应帮助我们快速完成了项目。', NULL, '30', 0, 0, NULL, 167749564900, '[]', '[]', 0, 0, '2023-02-27 19:00:49', NULL, '[\"pc\",\"h5\"]', NULL, '0', NULL, 'N', NULL, NULL, 0, 'admin', '2023-02-27 19:00:49', 'admin', '2023-02-27 19:06:17', NULL, 0, 0, 0, 0, 0, '', '', '');
INSERT INTO `cms_content` VALUES (390593593204805, 1630092239507464193, 390570870935621, '390570870935621', 390570870935621, 100, NULL, 'article', '自动化控制', NULL, NULL, NULL, 'iurl://resources/image/2023/03/02/391662930513989.png?type=resource&id=391662930513989&sid=1630092239507464193', NULL, NULL, '0', NULL, NULL, NULL, NULL, '30', 0, 0, NULL, 167749616500, '[]', '[]', 0, 0, '2023-02-27 19:09:27', NULL, '[\"pc\",\"h5\"]', NULL, '0', NULL, 'N', NULL, NULL, 0, 'admin', '2023-02-27 19:09:26', 'admin', '2023-03-02 19:40:36', NULL, 0, 0, 0, 0, 0, '', '', '');
INSERT INTO `cms_content` VALUES (390593673801797, 1630092239507464193, 390570870935621, '390570870935621', 390570870935621, 100, NULL, 'article', '自动化改造', NULL, NULL, NULL, 'iurl://resources/image/2023/03/02/391662865252421.png?type=resource&id=391662865252421&sid=1630092239507464193', NULL, NULL, '0', NULL, NULL, NULL, NULL, '30', 0, 0, NULL, 167749618500, '[]', '[]', 0, 0, '2023-02-27 19:09:46', NULL, '[\"pc\",\"h5\"]', NULL, '0', NULL, 'N', NULL, NULL, 0, 'admin', '2023-02-27 19:09:46', 'admin', '2023-03-02 19:40:20', NULL, 0, 0, 0, 0, 0, '', '', '');
INSERT INTO `cms_content` VALUES (390594247798853, 1630092239507464193, 390570870935621, '390570870935621', 390570870935621, 100, NULL, 'article', '智能家居', NULL, NULL, NULL, 'iurl://resources/image/2023/03/02/391662803787845.jpg?type=resource&id=391662803787845&sid=1630092239507464193', NULL, NULL, '0', NULL, NULL, NULL, NULL, '30', 0, 0, NULL, 167749632500, '[]', '[]', 0, 0, '2023-02-27 19:12:06', NULL, '[\"pc\",\"h5\"]', NULL, '0', NULL, 'N', NULL, NULL, 0, 'admin', '2023-02-27 19:12:06', 'admin', '2023-03-02 19:40:06', NULL, 0, 0, 0, 0, 0, '', '', '');
INSERT INTO `cms_content` VALUES (390594920460357, 1630092239507464193, 390570870935621, '390570870935621', 390570870935621, 100, NULL, 'article', '智能充电桩', NULL, NULL, NULL, 'iurl://resources/image/2023/03/02/391662718423109.png?type=resource&id=391662718423109&sid=1630092239507464193', NULL, NULL, '0', NULL, NULL, NULL, NULL, '30', 0, 0, NULL, 167749649000, '[]', '[]', 0, 0, '2023-02-27 19:14:51', NULL, '[\"pc\",\"h5\"]', NULL, '0', NULL, 'N', NULL, NULL, 0, 'admin', '2023-02-27 19:14:50', 'admin', '2023-03-02 19:39:45', NULL, 0, 0, 0, 0, 0, '', '', '');
INSERT INTO `cms_content` VALUES (390595627860037, 1630092239507464193, 390570870935621, '390570870935621', 390570870935621, 100, NULL, 'article', '数控交互', NULL, NULL, NULL, 'iurl://resources/image/2023/03/02/391662547587141.jpg?type=resource&id=391662547587141&sid=1630092239507464193', NULL, NULL, '0', NULL, NULL, NULL, NULL, '30', 0, 0, NULL, 167749666200, '[]', '[]', 0, 0, '2023-02-27 19:18:34', NULL, '[\"pc\",\"h5\"]', NULL, '0', NULL, 'N', NULL, NULL, 0, 'admin', '2023-02-27 19:17:43', 'admin', '2023-03-02 19:39:03', NULL, 0, 0, 0, 0, 0, '', '', '');
INSERT INTO `cms_content` VALUES (390595813359685, 1630092239507464193, 390570870935621, '390570870935621', 390570870935621, 100, NULL, 'article', '扫码支付', NULL, NULL, NULL, 'iurl://resources/image/2023/03/02/391662355566661.jpg?type=resource&id=391662355566661&sid=1630092239507464193', NULL, NULL, '0', NULL, NULL, NULL, NULL, '30', 0, 0, NULL, 167749670700, '[]', '[]', 0, 0, '2023-02-27 19:18:29', NULL, '[\"pc\",\"h5\"]', NULL, '0', NULL, 'N', NULL, NULL, 0, 'admin', '2023-02-27 19:18:28', 'admin', '2023-03-02 19:39:17', NULL, 0, 0, 0, 0, 0, '', '', '');
INSERT INTO `cms_content` VALUES (391272737792069, 1630092239507464193, 390570748936261, '390570663739461:390570748936261', 390570663739461, 100, NULL, 'article', 'DK101B2', NULL, 'dk', NULL, 'iurl://resources/image/2023/03/01/391272742404165.png?type=resource&id=391272742404165&sid=1630092239507464193', NULL, NULL, '0', NULL, NULL, NULL, NULL, '20', 0, 0, NULL, 168552595400, '[]', '[]', 0, 0, '2023-03-02 15:20:47', NULL, '[\"pc\",\"h5\"]', '{\"pc\":{\"template\":\"\",\"contentExTemplate\":\"\"},\"h5\":{\"template\":\"\",\"contentExTemplate\":\"\"}}', '0', NULL, 'N', '', NULL, 0, 'admin', '2023-03-01 17:12:53', 'admin', '2024-05-31 16:29:46', NULL, 0, 0, 0, 0, 0, '', '', '');
INSERT INTO `cms_content` VALUES (391304549122117, 1630092239507464193, 390570748936261, '390570663739461:390570748936261', 390570663739461, 100, NULL, 'article', 'DK101N', NULL, 'dk', NULL, 'iurl://resources/image/2023/03/01/391304550248517.png?type=resource&id=391304550248517&sid=1630092239507464193', NULL, NULL, '0', NULL, NULL, NULL, NULL, '30', 0, 0, NULL, 167766974000, '[]', '[]', 0, 0, '2023-03-02 11:30:47', NULL, '[\"pc\",\"h5\"]', NULL, '0', NULL, 'N', NULL, NULL, 0, 'admin', '2023-03-01 19:22:19', 'admin', '2023-03-02 15:23:38', NULL, 0, 0, 0, 0, 0, '', '', '');
INSERT INTO `cms_content` VALUES (391598214479941, 1630092239507464193, 390571116064837, '390570940239941:390571037143109:390571116064837', 390570940239941, 100, NULL, 'article', '开源人机界面（HMI）软件可行吗？', NULL, NULL, NULL, NULL, NULL, NULL, '0', NULL, NULL, NULL, NULL, '0', 0, 0, NULL, 171687841600, '[]', '[]', 0, 0, '2023-03-02 15:17:18', NULL, '[\"pc\",\"h5\"]', NULL, '0', NULL, 'N', NULL, NULL, 0, 'admin', '2023-03-02 15:17:15', 'admin', '2024-05-28 14:40:16', NULL, 0, 0, 0, 0, 0, '', '', '');
INSERT INTO `cms_content` VALUES (391605537321029, 1630092239507464193, 390567488348229, '390567488348229', 390567488348229, 100, NULL, 'article', '测试111', NULL, NULL, NULL, NULL, NULL, NULL, '0', NULL, NULL, NULL, NULL, '30', 0, 0, NULL, 167774322200, '[]', '[]', 0, 0, '2023-03-02 15:47:08', NULL, '[\"pc\",\"h5\"]', '{\"pc\":{\"template\":\"\",\"contentExTemplate\":\"\"},\"h5\":{\"template\":\"\",\"contentExTemplate\":\"\"}}', '0', NULL, 'Y', 'admin', NULL, 0, 'admin', '2023-03-02 15:47:03', 'admin', '2023-05-30 19:08:15', NULL, 0, 0, 0, 0, 0, '', '', '');
INSERT INTO `cms_content` VALUES (391605605204037, 1630092239507464193, 390567488348229, '390567488348229', 390567488348229, 100, NULL, 'article', '测试222', NULL, NULL, NULL, NULL, NULL, NULL, '0', NULL, NULL, NULL, NULL, '30', 0, 0, NULL, 167774323900, '[]', '[]', 0, 0, '2023-03-02 15:47:20', NULL, '[\"pc\",\"h5\"]', NULL, '0', NULL, 'N', NULL, NULL, 0, 'admin', '2023-03-02 15:47:19', 'admin', '2023-04-28 10:26:04', NULL, 0, 0, 0, 0, 0, '', '', '');
INSERT INTO `cms_content` VALUES (391605718069317, 1630092239507464193, 390567488348229, '390567488348229', 390567488348229, 100, NULL, 'article', '测试555', NULL, NULL, NULL, NULL, NULL, NULL, '0', NULL, NULL, NULL, NULL, '30', 24, 0, NULL, 167774326600, '[]', '[]', 0, 0, '2023-03-02 15:54:52', NULL, '[\"pc\",\"h5\"]', NULL, '0', NULL, 'N', NULL, NULL, 0, 'admin', '2023-03-02 15:47:47', 'admin', '2023-03-08 17:37:50', NULL, 0, 0, 0, 0, 0, '', '', '');
INSERT INTO `cms_content` VALUES (391610790780997, 1630092239507464193, 390567488348229, '390567488348229', 390567488348229, 100, NULL, 'article', '测试文章内容分页', NULL, NULL, NULL, NULL, NULL, NULL, '0', NULL, NULL, NULL, NULL, '30', 0, 0, NULL, 167774450600, '[]', '[]', 0, 0, '2023-03-02 16:08:26', NULL, '[\"pc\",\"h5\"]', NULL, '0', NULL, 'N', NULL, NULL, 0, 'admin', '2023-03-02 16:08:25', 'admin', '2023-04-27 16:18:17', NULL, 0, 0, 0, 0, 0, '', '', '');
INSERT INTO `cms_content` VALUES (392223934677061, 1630092239507464193, 390570748936261, '390570663739461:390570748936261', 390570663739461, 100, NULL, 'article', 'DK101B', NULL, 'dk', NULL, 'iurl://resources/image/2023/03/04/392224004616261.png?type=resource&id=392224004616261&sid=1630092239507464193', NULL, NULL, '0', NULL, NULL, NULL, NULL, '30', 0, 0, NULL, 167789419800, '[]', '[]', 0, 0, '2023-03-04 09:43:20', NULL, '[\"pc\",\"h5\"]', NULL, 'N', NULL, 'N', NULL, NULL, 0, 'admin', '2023-03-04 09:43:19', 'admin', '2023-03-04 09:43:46', NULL, 0, 0, 0, 0, 0, '', '', '');
INSERT INTO `cms_content` VALUES (392225038155845, 1630092239507464193, 390570748936261, '390570663739461:390570748936261', 390570663739461, 100, NULL, 'article', 'DK070B2', NULL, 'dk', NULL, 'iurl://resources/image/2023/03/04/392225040064581.png?type=resource&id=392225040064581&sid=1630092239507464193', NULL, NULL, '0', NULL, NULL, NULL, NULL, '30', 0, 0, NULL, 167789446700, '[]', '[]', 0, 0, '2023-03-04 09:47:57', NULL, '[\"pc\",\"h5\"]', NULL, '0', NULL, 'N', NULL, NULL, 0, 'admin', '2023-03-04 09:47:48', 'admin', '2023-03-04 09:47:58', NULL, 0, 0, 0, 0, 0, '', '', '');
INSERT INTO `cms_content` VALUES (392225895055429, 1630092239507464193, 390570748936261, '390570663739461:390570748936261', 390570663739461, 100, NULL, 'article', 'DK070N', NULL, 'dk', NULL, 'iurl://resources/image/2023/03/04/392225896251461.png?type=resource&id=392225896251461&sid=1630092239507464193', NULL, NULL, '0', NULL, NULL, NULL, NULL, '30', 0, 0, NULL, 167789467700, '[]', '[]', 0, 0, '2023-03-04 09:51:25', NULL, '[\"pc\",\"h5\"]', NULL, '0', NULL, 'N', NULL, NULL, 0, 'admin', '2023-03-04 09:51:17', 'admin', '2023-03-04 09:51:24', NULL, 0, 0, 0, 0, 0, '', '', '');
INSERT INTO `cms_content` VALUES (392226672771141, 1630092239507464193, 390570748936261, '390570663739461:390570748936261', 390570663739461, 100, NULL, 'article', 'DK070B', NULL, 'dk', NULL, 'iurl://resources/image/2023/03/04/392226673655877.png?type=resource&id=392226673655877&sid=1630092239507464193', NULL, NULL, '0', NULL, NULL, NULL, NULL, '30', 0, 0, NULL, 167789486700, '[]', '[]', 0, 0, '2023-03-04 09:54:37', NULL, '[\"pc\",\"h5\"]', NULL, '0', NULL, 'N', NULL, NULL, 0, 'admin', '2023-03-04 09:54:27', 'admin', '2023-03-04 09:54:36', NULL, 0, 0, 0, 0, 0, '', '', '');
INSERT INTO `cms_content` VALUES (392227474538565, 1630092239507464193, 390570748936261, '390570663739461:390570748936261', 390570663739461, 100, NULL, 'article', 'DK050N', NULL, 'dk', NULL, 'iurl://resources/image/2023/03/04/392227475480645.png?type=resource&id=392227475480645&sid=1630092239507464193', NULL, NULL, '0', NULL, NULL, NULL, NULL, '30', 0, 0, NULL, 167789506200, '[]', '[]', 0, 0, '2023-03-04 09:57:51', NULL, '[\"pc\",\"h5\"]', NULL, '0', NULL, 'N', NULL, NULL, 0, 'admin', '2023-03-04 09:57:43', 'admin', '2023-03-04 09:57:50', NULL, 0, 0, 0, 0, 0, '', '', '');
INSERT INTO `cms_content` VALUES (392230587355205, 1630092239507464193, 390570748936261, '390570663739461:390570748936261', 390570663739461, 100, NULL, 'article', 'DK050B', NULL, 'dk', NULL, 'iurl://resources/image/2023/03/04/392230612783173.png?type=resource&id=392230612783173&sid=1630092239507464193', NULL, NULL, '0', NULL, NULL, NULL, NULL, '30', 0, 0, NULL, 167789582200, '[]', '[]', 0, 0, '2023-03-04 10:10:38', NULL, '[\"pc\",\"h5\"]', NULL, '0', NULL, 'N', NULL, NULL, 0, 'admin', '2023-03-04 10:10:23', 'admin', '2023-03-04 10:10:37', NULL, 0, 0, 0, 0, 0, '', '', '');
INSERT INTO `cms_content` VALUES (392230825128005, 1630092239507464193, 390570748936261, '390570663739461:390570748936261', 390570663739461, 100, NULL, 'article', 'DK043N', NULL, 'dk', NULL, 'iurl://resources/image/2023/03/04/392230826864709.png?type=resource&id=392230826864709&sid=1630092239507464193', NULL, NULL, '0', NULL, NULL, NULL, NULL, '30', 0, 0, NULL, 167789588000, '[]', '[]', 0, 0, '2023-03-04 10:11:29', NULL, '[\"pc\",\"h5\"]', NULL, '0', NULL, 'N', NULL, NULL, 0, 'admin', '2023-03-04 10:11:21', 'admin', '2023-03-04 15:48:57', NULL, 0, 0, 0, 0, 0, '', '', '');
INSERT INTO `cms_content` VALUES (392231019274309, 1630092239507464193, 390570748936261, '390570663739461:390570748936261', 390570663739461, 100, NULL, 'article', 'DK043B', NULL, 'dk', NULL, 'iurl://resources/image/2023/03/04/392231020679237.png?type=resource&id=392231020679237&sid=1630092239507464193', NULL, NULL, '0', NULL, NULL, NULL, NULL, '30', 0, 0, NULL, 167789496450, '[]', '[]', 0, 0, '2023-03-04 10:12:16', NULL, '[\"pc\",\"h5\"]', 'null', '0', NULL, 'N', NULL, 'null', 0, 'admin', '2023-03-04 10:12:08', 'admin', '2023-05-31 17:41:19', NULL, 0, 0, 0, 0, 0, '', '', '');
INSERT INTO `cms_content` VALUES (392314732019781, 1630092239507464193, 390570814517317, '390570663739461:390570814517317', 390570663739461, 100, NULL, 'article', 'GK150N', NULL, 'gk', NULL, 'iurl://resources/image/2023/03/04/392314734977093.png?type=resource&id=392314734977093&sid=1630092239507464193', NULL, NULL, '0', NULL, NULL, NULL, NULL, '30', 0, 0, NULL, 167791636500, '[]', '[]', 0, 0, '2023-03-04 15:53:01', NULL, '[\"pc\",\"h5\"]', NULL, '0', NULL, 'N', NULL, NULL, 0, 'admin', '2023-03-04 15:52:46', 'admin', '2023-03-04 15:53:00', NULL, 0, 0, 0, 0, 0, '', '', '');
INSERT INTO `cms_content` VALUES (392315976351813, 1630092239507464193, 390570814517317, '390570663739461:390570814517317', 390570663739461, 100, NULL, 'article', 'GK150B2', NULL, 'gk', NULL, 'iurl://resources/image/2023/03/04/392315978117189.png?type=resource&id=392315978117189&sid=1630092239507464193', NULL, NULL, '0', NULL, NULL, NULL, NULL, '30', 0, 0, NULL, 167791666900, '[]', '[]', 0, 0, '2023-03-04 15:58:02', NULL, '[\"pc\",\"h5\"]', NULL, '0', NULL, 'N', NULL, NULL, 0, 'admin', '2023-03-04 15:57:50', 'admin', '2023-03-04 15:58:01', NULL, 0, 0, 0, 0, 0, '', '', '');
INSERT INTO `cms_content` VALUES (392317191032901, 1630092239507464193, 390570814517317, '390570663739461:390570814517317', 390570663739461, 100, NULL, 'article', 'GB121N', NULL, 'gk', NULL, 'iurl://resources/image/2023/03/04/392317192667205.png?type=resource&id=392317192667205&sid=1630092239507464193', NULL, NULL, '0', NULL, NULL, NULL, NULL, '30', 0, 0, NULL, 167791696600, '[]', '[]', 0, 0, '2023-03-04 16:03:07', NULL, '[\"pc\",\"h5\"]', NULL, '0', NULL, 'N', NULL, NULL, 0, 'admin', '2023-03-04 16:02:46', 'admin', '2023-03-04 16:03:06', NULL, 0, 0, 0, 0, 0, '', '', '');
INSERT INTO `cms_content` VALUES (392318172536901, 1630092239507464193, 390570814517317, '390570663739461:390570814517317', 390570663739461, 100, NULL, 'article', 'GK121B2', NULL, 'gk', NULL, 'iurl://resources/image/2023/03/04/392318174449733.png?type=resource&id=392318174449733&sid=1630092239507464193', NULL, NULL, '0', NULL, NULL, NULL, NULL, '30', 0, 0, NULL, 167791720500, '[]', '[]', 0, 0, '2023-03-04 16:07:06', NULL, '[\"pc\",\"h5\"]', NULL, '0', NULL, 'N', NULL, NULL, 0, 'admin', '2023-03-04 16:06:46', 'admin', '2023-03-04 16:07:04', NULL, 0, 0, 0, 0, 0, '', '', '');
INSERT INTO `cms_content` VALUES (392319031930949, 1630092239507464193, 390570814517317, '390570663739461:390570814517317', 390570663739461, 100, NULL, 'article', 'GK101N', NULL, 'gk', NULL, 'iurl://resources/image/2023/03/04/392319033520197.png?type=resource&id=392319033520197&sid=1630092239507464193', NULL, NULL, '0', NULL, NULL, NULL, NULL, '30', 0, 0, NULL, 167791741500, '[]', '[]', 0, 0, '2023-03-04 16:10:34', NULL, '[\"pc\",\"h5\"]', NULL, '0', NULL, 'N', NULL, NULL, 0, 'admin', '2023-03-04 16:10:16', 'admin', '2023-03-04 16:10:37', NULL, 0, 0, 0, 0, 0, '', '', '');
INSERT INTO `cms_content` VALUES (392319860457541, 1630092239507464193, 390570814517317, '390570663739461:390570814517317', 390570663739461, 100, NULL, 'article', 'GK101B2', NULL, 'gk', NULL, 'iurl://resources/image/2023/03/04/392319861997637.png?type=resource&id=392319861997637&sid=1630092239507464193', NULL, NULL, '0', NULL, NULL, NULL, NULL, '30', 0, 0, NULL, 167791761700, '[]', '[]', 0, 0, '2023-03-04 16:13:51', NULL, '[\"pc\",\"h5\"]', NULL, '0', NULL, 'N', NULL, NULL, 0, 'admin', '2023-03-04 16:13:38', 'admin', '2023-03-04 16:13:50', NULL, 0, 0, 0, 0, 0, '', '', '');
INSERT INTO `cms_content` VALUES (392320660299845, 1630092239507464193, 390570814517317, '390570663739461:390570814517317', 390570663739461, 100, NULL, 'article', 'GK070N', NULL, 'gk', NULL, 'iurl://resources/image/2023/03/04/392320666742853.png?type=resource&id=392320666742853&sid=1630092239507464193', NULL, NULL, '0', NULL, NULL, NULL, NULL, '30', 0, 0, NULL, 167791781300, '[]', '[]', 0, 0, '2023-03-04 16:17:08', NULL, '[\"pc\",\"h5\"]', NULL, '0', NULL, 'N', NULL, NULL, 0, 'admin', '2023-03-04 16:16:53', 'admin', '2023-03-04 16:17:07', NULL, 0, 0, 0, 0, 0, '', '', '');
INSERT INTO `cms_content` VALUES (392321488056389, 1630092239507464193, 390570814517317, '390570663739461:390570814517317', 390570663739461, 100, NULL, 'article', 'GK070B2', NULL, 'gk', NULL, 'iurl://resources/image/2023/03/04/392321493155909.png?type=resource&id=392321493155909&sid=1630092239507464193', NULL, NULL, '0', NULL, NULL, NULL, NULL, '30', 0, 0, NULL, 167791801500, '[]', '[]', 0, 0, '2023-03-04 16:20:44', NULL, '[\"pc\",\"h5\"]', NULL, '0', NULL, 'N', NULL, NULL, 0, 'admin', '2023-03-04 16:20:15', 'admin', '2023-03-04 16:20:43', NULL, 0, 0, 0, 0, 0, '', '', '');
INSERT INTO `cms_content` VALUES (392322371895365, 1630092239507464193, 390570814517317, '390570663739461:390570814517317', 390570663739461, 100, NULL, 'article', 'GK050N', NULL, 'gk', NULL, 'iurl://resources/image/2023/03/04/392322373439557.png?type=resource&id=392322373439557&sid=1630092239507464193', NULL, NULL, '0', NULL, NULL, NULL, NULL, '30', 0, 0, NULL, 167791823100, '[]', '[]', 0, 0, '2023-03-04 16:24:03', NULL, '[\"pc\",\"h5\"]', NULL, '0', NULL, 'N', NULL, NULL, 0, 'admin', '2023-03-04 16:23:51', 'admin', '2023-03-04 16:24:01', NULL, 0, 0, 0, 0, 0, '', '', '');
INSERT INTO `cms_content` VALUES (392323082739781, 1630092239507464193, 390570814517317, '390570663739461:390570814517317', 390570663739461, 100, NULL, 'article', 'GK050B2', NULL, 'gk', NULL, 'iurl://resources/image/2023/03/04/392323089506373.png?type=resource&id=392323089506373&sid=1630092239507464193', NULL, NULL, '0', NULL, NULL, NULL, NULL, '30', 0, 0, NULL, 167791840400, '[]', '[]', 0, 0, '2023-03-04 16:26:58', NULL, '[\"pc\",\"h5\"]', NULL, '0', NULL, 'N', NULL, NULL, 0, 'admin', '2023-03-04 16:26:45', 'admin', '2023-03-04 16:26:57', NULL, 0, 0, 0, 0, 0, '', '', '');
INSERT INTO `cms_content` VALUES (392323760308293, 1630092239507464193, 390570814517317, '390570663739461:390570814517317', 390570663739461, 100, NULL, 'article', 'GK043N', NULL, 'gk', NULL, 'iurl://resources/image/2023/03/04/392323765604421.png?type=resource&id=392323765604421&sid=1630092239507464193', NULL, NULL, '0', NULL, NULL, NULL, NULL, '30', 0, 0, NULL, 167791857000, '[]', '[]', 0, 0, '2023-03-04 16:29:55', NULL, '[\"pc\",\"h5\"]', NULL, '0', NULL, 'N', NULL, NULL, 0, 'admin', '2023-03-04 16:29:30', 'admin', '2023-03-04 16:29:54', NULL, 0, 0, 0, 0, 0, '', '', '');
INSERT INTO `cms_content` VALUES (392325435105349, 1630092239507464193, 390570814517317, '390570663739461:390570814517317', 390570663739461, 100, NULL, 'article', 'GK043B2', NULL, 'gk', NULL, 'iurl://resources/image/2023/03/08/393770083500101.png?type=resource&id=393770083500101&sid=1630092239507464193', NULL, NULL, '0', NULL, NULL, NULL, NULL, '30', 0, 0, NULL, 167791897800, '[]', '[]', 0, 0, '2023-03-04 16:36:20', NULL, '[\"pc\",\"h5\"]', NULL, '0', NULL, 'N', NULL, NULL, 0, 'admin', '2023-03-04 16:36:19', 'admin', '2023-03-08 18:40:55', NULL, 0, 0, 0, 0, 0, '', '', '');
INSERT INTO `cms_content` VALUES (393784398516293, 1630092239507464193, 390571116064837, '390570940239941:390571037143109:390571116064837', 390570940239941, 100, NULL, 'article', '组态软件V4.6.1下载地址: www.goukia.com', NULL, NULL, NULL, NULL, NULL, NULL, '0', NULL, NULL, NULL, NULL, '30', 0, 0, NULL, 167827520700, '[]', '[]', 0, 0, '2023-03-08 19:33:28', NULL, '[\"pc\",\"h5\"]', NULL, '0', NULL, 'N', NULL, NULL, 0, 'admin', '2023-03-08 19:33:27', 'admin', '2023-03-08 19:33:27', NULL, 0, 0, 0, 0, 0, '', '', '');
INSERT INTO `cms_content` VALUES (399084891713605, 1630092239507464193, 390571481559109, '390571481559109', 390571481559109, 100, NULL, 'audio', '测试音频', NULL, NULL, NULL, 'iurl://resources/image/2023/03/24/399322312380485.png?type=resource&id=399322312380485&sid=1630092239507464193', NULL, NULL, '0', NULL, NULL, NULL, NULL, '60', 0, 0, NULL, 167957019100, '[]', '[]', 0, 0, '2023-03-24 11:16:03', NULL, '[\"pc\"]', NULL, '0', NULL, 'N', NULL, NULL, 0, 'admin', '2023-03-23 19:16:32', 'admin', '2023-03-24 16:13:29', NULL, 0, 0, 0, 0, 0, '', '', '');
INSERT INTO `cms_content` VALUES (399145884594245, 1630092239507464193, 390571481559109, '390571481559109', 390571481559109, 100, NULL, 'video', '测试视频', NULL, NULL, NULL, NULL, NULL, NULL, '0', NULL, NULL, NULL, NULL, '30', 0, 0, NULL, 167958414600, '[]', '[]', 0, 0, '2023-03-24 12:47:53', NULL, '[\"pc\"]', NULL, 'N', NULL, 'N', NULL, NULL, 0, 'admin', '2023-03-23 23:09:05', 'admin', '2023-03-24 12:47:52', NULL, 0, 0, 0, 0, 0, '', '', '');
INSERT INTO `cms_content` VALUES (423863874347077, 1630092239507464193, 390570590720069, '390567488348229:390570590720069', 390567488348229, 100, NULL, 'article', 'xxx', NULL, NULL, NULL, NULL, NULL, NULL, '0', NULL, NULL, NULL, NULL, '60', 0, 0, NULL, 168561879700, '[]', '[]', 0, 0, '2023-06-01 19:26:39', NULL, '[\"pc\",\"h5\"]', '{\"pc\":{\"template\":\"\",\"contentExTemplate\":\"\"},\"h5\":{\"template\":\"\",\"contentExTemplate\":\"\"}}', '0', NULL, 'N', NULL, NULL, 0, 'admin', '2023-06-01 19:26:37', 'admin', '2023-06-02 16:57:39', NULL, 0, 0, 0, 0, 0, '', '', '');
INSERT INTO `cms_content` VALUES (423865549504581, 1630092239507464193, 390570590720069, '390567488348229:390570590720069', 390567488348229, 100, NULL, 'article', 'yyy', NULL, NULL, NULL, NULL, NULL, NULL, '0', NULL, NULL, NULL, NULL, '40', 0, 0, NULL, 168561920700, '[]', '[]', 0, 0, '2023-06-01 19:33:53', NULL, '[\"pc\",\"h5\"]', '{\"pc\":{\"template\":\"\",\"contentExTemplate\":\"\"},\"h5\":{\"template\":\"\",\"contentExTemplate\":\"\"}}', '0', NULL, 'N', NULL, NULL, 0, 'admin', '2023-06-01 19:33:27', 'admin', '2024-05-31 16:29:08', NULL, 0, 0, 0, 0, 0, '', '', '');
INSERT INTO `cms_content` VALUES (425521124077637, 1630092239507464193, 390567488348229, '390567488348229', 390567488348229, 100, NULL, 'article', '测试333', NULL, NULL, NULL, NULL, NULL, NULL, '0', NULL, NULL, NULL, NULL, '30', 0, 0, NULL, 168602340000, '[]', '[]', 0, 0, '2023-06-06 11:50:03', NULL, '[\"pc\",\"h5\"]', '{\"pc\":{\"template\":\"\",\"contentExTemplate\":\"\"},\"h5\":{\"template\":\"\",\"contentExTemplate\":\"\"}}', '0', NULL, 'N', NULL, NULL, 0, 'admin', '2023-06-06 11:50:00', 'admin', '2023-06-06 11:50:00', NULL, 0, 0, 0, 0, 0, '', '', '');
INSERT INTO `cms_content` VALUES (425521194676293, 1630092239507464193, 390567488348229, '390567488348229', 390567488348229, 100, NULL, 'article', '测试666', NULL, NULL, NULL, NULL, NULL, NULL, '0', NULL, NULL, NULL, NULL, '30', 0, 0, NULL, 168602342100, '[]', '[]', 0, 0, '2023-06-06 11:50:24', NULL, '[\"pc\",\"h5\"]', '{\"pc\":{\"template\":\"\",\"contentExTemplate\":\"\"},\"h5\":{\"template\":\"\",\"contentExTemplate\":\"\"}}', '0', NULL, 'N', NULL, NULL, 0, 'admin', '2023-06-06 11:50:22', 'admin', '2023-06-06 11:50:22', NULL, 0, 0, 0, 0, 0, '', '', '');
INSERT INTO `cms_content` VALUES (552991598518341, 1630092239507464193, 390570748936261, '390570663739461:390570748936261', 390570663739461, 100, NULL, 'article', 'yyy', NULL, NULL, NULL, NULL, NULL, NULL, '0', NULL, NULL, NULL, NULL, '40', 0, 0, NULL, 171714411700, '[]', '[]', 2, 423865549504581, '2023-06-01 19:33:53', NULL, '[\"pc\",\"h5\"]', '{\"pc\":{\"template\":\"\",\"contentExTemplate\":\"\"},\"h5\":{\"template\":\"\",\"contentExTemplate\":\"\"}}', '0', NULL, '0', NULL, NULL, 0, 'admin', '2024-05-31 16:28:36', 'admin', '2024-05-31 16:28:36', NULL, 0, 0, 0, 0, 0, '', '', '');

-- ----------------------------
-- Table structure for cms_content_rela
-- ----------------------------
DROP TABLE IF EXISTS `cms_content_rela`;
CREATE TABLE `cms_content_rela`  (
  `rela_id` bigint(0) NOT NULL COMMENT 'ID',
  `content_id` bigint(0) NOT NULL COMMENT '内容ID',
  `rela_content_id` bigint(0) NOT NULL COMMENT '关联内容ID',
  `create_by` varchar(64) CHARACTER SET utf8mb4 COLLATE utf8mb4_general_ci NOT NULL DEFAULT '' COMMENT '创建者',
  `create_time` datetime(0) NOT NULL COMMENT '创建时间',
  `update_by` varchar(64) CHARACTER SET utf8mb4 COLLATE utf8mb4_general_ci NULL DEFAULT '' COMMENT '更新者',
  `update_time` datetime(0) NULL DEFAULT NULL COMMENT '更新时间',
  `remark` varchar(500) CHARACTER SET utf8mb4 COLLATE utf8mb4_general_ci NULL DEFAULT NULL COMMENT '备注',
  `site_id` bigint(0) NULL DEFAULT NULL COMMENT '站点',
  PRIMARY KEY (`rela_id`) USING BTREE
) ENGINE = InnoDB CHARACTER SET = utf8mb4 COLLATE = utf8mb4_general_ci COMMENT = '关联内容表' ROW_FORMAT = Dynamic;

-- ----------------------------
-- Table structure for cms_page_widget
-- ----------------------------
DROP TABLE IF EXISTS `cms_page_widget`;
CREATE TABLE `cms_page_widget`  (
  `page_widget_id` bigint(0) NOT NULL COMMENT 'ID',
  `site_id` bigint(0) NOT NULL COMMENT '所属站点ID',
  `catalog_id` bigint(0) NOT NULL DEFAULT 0 COMMENT '所属栏目ID',
  `catalog_ancestors` varchar(100) CHARACTER SET utf8mb4 COLLATE utf8mb4_general_ci NULL DEFAULT NULL COMMENT '所属栏目祖级IDs',
  `type` varchar(20) CHARACTER SET utf8mb4 COLLATE utf8mb4_general_ci NOT NULL COMMENT '类型',
  `name` varchar(255) CHARACTER SET utf8mb4 COLLATE utf8mb4_general_ci NOT NULL COMMENT '名称',
  `code` varchar(50) CHARACTER SET utf8mb4 COLLATE utf8mb4_general_ci NOT NULL COMMENT '编码，站内唯一标识',
  `state` int(0) NOT NULL COMMENT '状态',
  `publish_pipe_code` varchar(50) CHARACTER SET utf8mb4 COLLATE utf8mb4_general_ci NOT NULL COMMENT '发布通道编码',
  `template` varchar(255) CHARACTER SET utf8mb4 COLLATE utf8mb4_general_ci NULL DEFAULT NULL COMMENT '模板',
  `path` varchar(255) CHARACTER SET utf8mb4 COLLATE utf8mb4_general_ci NOT NULL COMMENT '发布目录',
  `content` mediumtext CHARACTER SET utf8mb4 COLLATE utf8mb4_general_ci NULL COMMENT '页面部件内容',
  `create_by` varchar(50) CHARACTER SET utf8mb4 COLLATE utf8mb4_general_ci NOT NULL COMMENT '创建人',
  `create_time` datetime(0) NOT NULL COMMENT '创建时间',
  `update_by` varchar(50) CHARACTER SET utf8mb4 COLLATE utf8mb4_general_ci NULL DEFAULT NULL COMMENT '最后修改人',
  `update_time` datetime(0) NULL DEFAULT NULL COMMENT '最后修改时间',
  `remark` varchar(255) CHARACTER SET utf8mb4 COLLATE utf8mb4_general_ci NULL DEFAULT NULL COMMENT '备注',
  PRIMARY KEY (`page_widget_id`) USING BTREE
) ENGINE = InnoDB CHARACTER SET = utf8mb4 COLLATE = utf8mb4_general_ci COMMENT = '页面部件' ROW_FORMAT = Dynamic;

-- ----------------------------
-- Records of cms_page_widget
-- ----------------------------
INSERT INTO `cms_page_widget` VALUES (1, 1630092239507464193, 0, NULL, 'manual', '首页Banner', 'index_banner', 60, 'pc', 'index_banner.template.html', 'include/pagewidget/', '[{\"items\":[{\"title\":\"高性价比 稳定可靠\",\"summary\":\"DK系列新品发布\\n先进人机交互界面\\nAdvance SCADA HMI Device\",\"url\":\"iurl://catalog?id=390570663739461\",\"logo\":\"iurl://resources/image/2023/03/08/393780329771077.png?type=resource&id=393780329771077&sid=1630092239507464193\"}]},{\"items\":[{\"title\":\"可编程 跨平台 接口丰富\",\"summary\":\"GK系列新品发布\\n先进人机交互界面\\nAdvance SCADA HMI Device\",\"url\":\"iurl://catalog?id=390570663739461\",\"logo\":\"iurl://resources/image/2023/03/08/393780866240581.png?type=resource&id=393780866240581&sid=1630092239507464193\"}]}]', 'admin', '2023-02-27 15:05:52', 'admin', '2023-06-08 11:52:58', NULL);
INSERT INTO `cms_page_widget` VALUES (2, 1630092239507464193, 0, NULL, 'ads', '首页广告位', 'pc_index', 60, 'pc', NULL, 'include/pagewidget/', NULL, 'admin', '2023-03-11 14:56:44', 'admin', '2023-06-02 15:42:45', NULL);

-- ----------------------------
-- Table structure for cms_publishpipe
-- ----------------------------
DROP TABLE IF EXISTS `cms_publishpipe`;
CREATE TABLE `cms_publishpipe`  (
  `publishpipe_id` bigint(0) NOT NULL COMMENT '主键ID',
  `site_id` bigint(0) NOT NULL COMMENT '站点ID',
  `name` varchar(100) CHARACTER SET utf8mb4 COLLATE utf8mb4_general_ci NOT NULL COMMENT '发布点名称',
  `code` varchar(20) CHARACTER SET utf8mb4 COLLATE utf8mb4_general_ci NOT NULL COMMENT '发布点编码（同站点唯一标识）',
  `state` char(1) CHARACTER SET utf8mb4 COLLATE utf8mb4_general_ci NOT NULL COMMENT '发布通道状态（0 = 禁用，1 = 启用）',
  `sort` bigint(0) NOT NULL COMMENT '排序',
  `create_by` varchar(64) CHARACTER SET utf8mb4 COLLATE utf8mb4_general_ci NOT NULL COMMENT '创建人',
  `create_time` datetime(0) NOT NULL COMMENT '创建时间',
  `update_by` varchar(64) CHARACTER SET utf8mb4 COLLATE utf8mb4_general_ci NULL DEFAULT NULL COMMENT '最近修改人',
  `update_time` datetime(0) NULL DEFAULT NULL COMMENT '最近修改时间',
  `remark` varchar(400) CHARACTER SET utf8mb4 COLLATE utf8mb4_general_ci NULL DEFAULT NULL COMMENT '备注',
  PRIMARY KEY (`publishpipe_id`) USING BTREE
) ENGINE = InnoDB CHARACTER SET = utf8mb4 COLLATE = utf8mb4_general_ci COMMENT = '发布通道表' ROW_FORMAT = Dynamic;

-- ----------------------------
-- Records of cms_publishpipe
-- ----------------------------
INSERT INTO `cms_publishpipe` VALUES (390525691940933, 1630092239507464193, 'PC桌面', 'pc', '0', 1, 'admin', '2023-02-27 14:33:09', 'admin', '2023-02-27 14:33:50', NULL);
INSERT INTO `cms_publishpipe` VALUES (414179770527813, 411683596922949, 'PC', 'pc', '0', 1, 'admin', '2023-05-05 10:41:50', NULL, NULL, NULL);
INSERT INTO `cms_publishpipe` VALUES (414287020208197, 1630092239507464193, 'h5', 'h5', '0', 2, 'admin', '2023-05-05 17:58:14', NULL, NULL, NULL);
INSERT INTO `cms_publishpipe` VALUES (416663171403845, 411683596922949, 'ee', 'ee', '0', 2, 'admin', '2023-05-12 11:06:49', NULL, NULL, NULL);

-- ----------------------------
-- Table structure for cms_resource
-- ----------------------------
DROP TABLE IF EXISTS `cms_resource`;
CREATE TABLE `cms_resource`  (
  `resource_id` bigint(0) NOT NULL COMMENT 'id',
  `site_id` bigint(0) NOT NULL COMMENT '站点id',
  `resource_type` varchar(20) CHARACTER SET utf8mb4 COLLATE utf8mb4_general_ci NOT NULL COMMENT '资源类型',
  `storage_type` varchar(20) CHARACTER SET utf8mb4 COLLATE utf8mb4_general_ci NOT NULL COMMENT '存储类型（本地=local，阿里SSO=sso）',
  `name` varchar(255) CHARACTER SET utf8mb4 COLLATE utf8mb4_general_ci NOT NULL COMMENT '资源名称',
  `path` varchar(255) CHARACTER SET utf8mb4 COLLATE utf8mb4_general_ci NOT NULL COMMENT '文件保存相对路径',
  `file_name` varchar(100) CHARACTER SET utf8mb4 COLLATE utf8mb4_general_ci NOT NULL COMMENT '文件名称',
  `suffix` varchar(20) CHARACTER SET utf8mb4 COLLATE utf8mb4_general_ci NOT NULL COMMENT '后缀名，不带.',
  `width` int(0) NULL DEFAULT NULL COMMENT '宽',
  `height` int(0) NULL DEFAULT NULL COMMENT '高',
  `file_size` bigint(0) NOT NULL COMMENT '文件大小',
  `source_url` varchar(255) CHARACTER SET utf8mb4 COLLATE utf8mb4_general_ci NULL DEFAULT NULL COMMENT '来源地址',
  `status` int(0) NOT NULL COMMENT '状态',
  `usage_info` varchar(255) CHARACTER SET utf8mb4 COLLATE utf8mb4_general_ci NULL DEFAULT NULL COMMENT '引用关系',
  `create_by` varchar(50) CHARACTER SET utf8mb4 COLLATE utf8mb4_general_ci NOT NULL COMMENT '创建人',
  `create_time` datetime(0) NOT NULL COMMENT '创建时间',
  `update_by` varchar(50) CHARACTER SET utf8mb4 COLLATE utf8mb4_general_ci NULL DEFAULT NULL COMMENT '最后修改人',
  `update_time` datetime(0) NULL DEFAULT NULL COMMENT '最后修改时间',
  `remark` varchar(255) CHARACTER SET utf8mb4 COLLATE utf8mb4_general_ci NULL DEFAULT NULL COMMENT '备注',
  PRIMARY KEY (`resource_id`) USING BTREE
) ENGINE = InnoDB CHARACTER SET = utf8mb4 COLLATE = utf8mb4_general_ci COMMENT = '资源表' ROW_FORMAT = Dynamic;

-- ----------------------------
-- Records of cms_resource
-- ----------------------------
INSERT INTO `cms_resource` VALUES (390585706414149, 1630092239507464193, 'image', 'Local', '高新技术企业证书.jpg', 'resources/image/2023/02/27/390585706414149.jpg', '高新技术企业证书.jpg', 'jpg', 877, 620, 164314, NULL, 0, NULL, 'admin', '2023-02-27 18:37:20', 'admin', '2023-02-27 18:37:20', NULL);
INSERT INTO `cms_resource` VALUES (390585764667461, 1630092239507464193, 'image', 'Local', '软著-智盘餐饮收费系统.jpg', 'resources/image/2023/02/27/390585764667461.jpg', '软著-智盘餐饮收费系统.jpg', 'jpg', 620, 836, 112314, NULL, 0, NULL, 'admin', '2023-02-27 18:37:35', 'admin', '2023-02-27 18:37:35', NULL);
INSERT INTO `cms_resource` VALUES (390585766010949, 1630092239507464193, 'image', 'Local', '软著-智能锁软件系统.jpg', 'resources/image/2023/02/27/390585766010949.jpg', '软著-智能锁软件系统.jpg', 'jpg', 620, 836, 106006, NULL, 0, NULL, 'admin', '2023-02-27 18:37:35', 'admin', '2023-02-27 18:37:35', NULL);
INSERT INTO `cms_resource` VALUES (390585766039621, 1630092239507464193, 'image', 'Local', '软著-六轴同步示教机械手.jpg', 'resources/image/2023/02/27/390585766039621.jpg', '软著-六轴同步示教机械手.jpg', 'jpg', 620, 836, 102688, NULL, 0, NULL, 'admin', '2023-02-27 18:37:35', 'admin', '2023-02-27 18:37:35', NULL);
INSERT INTO `cms_resource` VALUES (390585766039622, 1630092239507464193, 'image', 'Local', '软著-数据转化系统.jpg', 'resources/image/2023/02/27/390585766039622.jpg', '软著-数据转化系统.jpg', 'jpg', 620, 836, 105742, NULL, 0, NULL, 'admin', '2023-02-27 18:37:35', 'admin', '2023-02-27 18:37:35', NULL);
INSERT INTO `cms_resource` VALUES (390585766039623, 1630092239507464193, 'image', 'Local', '软著-锂电焊接系统.jpg', 'resources/image/2023/02/27/390585766039623.jpg', '软著-锂电焊接系统.jpg', 'jpg', 620, 836, 104923, NULL, 0, NULL, 'admin', '2023-02-27 18:37:35', 'admin', '2023-02-27 18:37:35', NULL);
INSERT INTO `cms_resource` VALUES (390585766039624, 1630092239507464193, 'image', 'Local', '软著-灯光控制系统.jpg', 'resources/image/2023/02/27/390585766039624.jpg', '软著-灯光控制系统.jpg', 'jpg', 620, 836, 111307, NULL, 0, NULL, 'admin', '2023-02-27 18:37:35', 'admin', '2023-02-27 18:37:35', NULL);
INSERT INTO `cms_resource` VALUES (390593585086533, 1630092239507464193, 'file', 'Local', '自动化控制.png', 'resources/file/2023/02/27/390593585086533.', '自动化控制.png', '', NULL, NULL, 670852, NULL, 0, NULL, 'admin', '2023-02-27 19:09:24', 'admin', '2023-02-27 19:09:24', NULL);
INSERT INTO `cms_resource` VALUES (390593664151621, 1630092239507464193, 'file', 'Local', '自动化改造.png', 'resources/file/2023/02/27/390593664151621.', '自动化改造.png', '', NULL, NULL, 658473, NULL, 0, NULL, 'admin', '2023-02-27 19:09:43', 'admin', '2023-02-27 19:09:43', NULL);
INSERT INTO `cms_resource` VALUES (390593773850693, 1630092239507464193, 'file', 'Local', '智能家居.png', 'resources/file/2023/02/27/390593773850693.', '智能家居.png', '', NULL, NULL, 752375, NULL, 0, NULL, 'admin', '2023-02-27 19:10:10', 'admin', '2023-02-27 19:10:10', NULL);
INSERT INTO `cms_resource` VALUES (390594235756613, 1630092239507464193, 'file', 'Local', '只能家居.jpg', 'resources/file/2023/02/27/390594235756613.', '只能家居.jpg', '', NULL, NULL, 24682, NULL, 0, NULL, 'admin', '2023-02-27 19:12:03', 'admin', '2023-02-27 19:12:03', NULL);
INSERT INTO `cms_resource` VALUES (390594916241477, 1630092239507464193, 'file', 'Local', '智能充电桩.png', 'resources/file/2023/02/27/390594916241477.', '智能充电桩.png', '', NULL, NULL, 628040, NULL, 0, NULL, 'admin', '2023-02-27 19:14:49', 'admin', '2023-02-27 19:14:49', NULL);
INSERT INTO `cms_resource` VALUES (390595623899205, 1630092239507464193, 'file', 'Local', '数控交互.jpg', 'resources/file/2023/02/27/390595623899205.', '数控交互.jpg', '', NULL, NULL, 51562, NULL, 0, NULL, 'admin', '2023-02-27 19:17:42', 'admin', '2023-02-27 19:17:42', NULL);
INSERT INTO `cms_resource` VALUES (390595806863429, 1630092239507464193, 'file', 'Local', '5ca4adb6e358a7f3b22602973b689bee.jpg', 'resources/file/2023/02/27/390595806863429.', '5ca4adb6e358a7f3b22602973b689bee.jpg', '', NULL, NULL, 45980, NULL, 0, NULL, 'admin', '2023-02-27 19:18:26', 'admin', '2023-02-27 19:18:26', NULL);
INSERT INTO `cms_resource` VALUES (391272738029637, 1630092239507464193, 'image', 'Local', '391272738029637.png', 'resources/image/2023/03/01/391272738029637.png', '391272738029637.png', 'png', 600, 319, 152854, 'http://www.swikoon.com/upload/resources/image/2017/12/20/40610_600x600.png', 0, NULL, 'admin', '2023-03-01 17:12:54', 'admin', '2023-03-01 17:12:54', NULL);
INSERT INTO `cms_resource` VALUES (391272742404165, 1630092239507464193, 'image', 'Local', '391272742404165.png', 'resources/image/2023/03/01/391272742404165.png', '391272742404165.png', 'png', 600, 464, 310638, 'http://www.swikoon.com/upload/resources/image/2017/12/20/40707_600x600.png', 0, NULL, 'admin', '2023-03-01 17:12:54', 'admin', '2023-03-01 17:12:54', NULL);
INSERT INTO `cms_resource` VALUES (391272743624773, 1630092239507464193, 'image', 'Local', '391272743624773.png', 'resources/image/2023/03/01/391272743624773.png', '391272743624773.png', 'png', 480, 370, 324414, 'http://www.swikoon.com/upload/resources/image/2017/12/20/40708_600x600.png', 0, NULL, 'admin', '2023-03-01 17:12:54', 'admin', '2023-03-01 17:12:54', NULL);
INSERT INTO `cms_resource` VALUES (391272744742981, 1630092239507464193, 'image', 'Local', '391272744742981.png', 'resources/image/2023/03/01/391272744742981.png', '391272744742981.png', 'png', 111, 480, 83557, 'http://www.swikoon.com/upload/resources/image/2017/12/20/40709_600x600.png', 0, NULL, 'admin', '2023-03-01 17:12:55', 'admin', '2023-03-01 17:12:55', NULL);
INSERT INTO `cms_resource` VALUES (391304549236805, 1630092239507464193, 'image', 'Local', '391304549236805.png', 'resources/image/2023/03/01/391304549236805.png', '391304549236805.png', 'png', 600, 319, 152854, 'http://www.swikoon.com/upload/resources/image/2017/12/20/40613_600x600.png', 0, NULL, 'admin', '2023-03-01 19:22:19', 'admin', '2023-03-01 19:22:19', NULL);
INSERT INTO `cms_resource` VALUES (391304550248517, 1630092239507464193, 'image', 'Local', '391304550248517.png', 'resources/image/2023/03/01/391304550248517.png', '391304550248517.png', 'png', 600, 563, 382992, 'http://www.swikoon.com/upload/resources/image/2017/12/20/40703_600x600.png', 0, NULL, 'admin', '2023-03-01 19:22:20', 'admin', '2023-03-01 19:22:20', NULL);
INSERT INTO `cms_resource` VALUES (391304551632965, 1630092239507464193, 'image', 'Local', '391304551632965.png', 'resources/image/2023/03/01/391304551632965.png', '391304551632965.png', 'png', 480, 370, 324414, 'http://www.swikoon.com/upload/resources/image/2017/12/20/40704_600x600.png', 0, NULL, 'admin', '2023-03-01 19:22:20', 'admin', '2023-03-01 19:22:20', NULL);
INSERT INTO `cms_resource` VALUES (391304552861765, 1630092239507464193, 'image', 'Local', '391304552861765.png', 'resources/image/2023/03/01/391304552861765.png', '391304552861765.png', 'png', 111, 480, 83557, 'http://www.swikoon.com/upload/resources/image/2017/12/20/40705_600x600.png', 0, NULL, 'admin', '2023-03-01 19:22:20', 'admin', '2023-03-01 19:22:20', NULL);
INSERT INTO `cms_resource` VALUES (391660445794373, 1630092239507464193, 'file', 'Local', '5ca4adb6e358a7f3b22602973b689bee.jpg', 'resources/file/2023/03/02/391660445794373.', '5ca4adb6e358a7f3b22602973b689bee.jpg', '', NULL, NULL, 45980, NULL, 0, NULL, 'admin', '2023-03-02 19:30:28', 'admin', '2023-03-02 19:30:28', NULL);
INSERT INTO `cms_resource` VALUES (391660767043653, 1630092239507464193, 'file', 'Local', '5ca4adb6e358a7f3b22602973b689bee.jpg', 'resources/file/2023/03/02/391660767043653.', '5ca4adb6e358a7f3b22602973b689bee.jpg', '', NULL, NULL, 45980, NULL, 0, NULL, 'admin', '2023-03-02 19:31:46', 'admin', '2023-03-02 19:31:46', NULL);
INSERT INTO `cms_resource` VALUES (391661733965893, 1630092239507464193, 'file', 'Local', '5ca4adb6e358a7f3b22602973b689bee.jpg', 'resources/file/2023/03/02/391661733965893.', '5ca4adb6e358a7f3b22602973b689bee.jpg', '', NULL, NULL, 45980, NULL, 0, NULL, 'admin', '2023-03-02 19:35:43', 'admin', '2023-03-02 19:35:43', NULL);
INSERT INTO `cms_resource` VALUES (391662355566661, 1630092239507464193, 'image', 'Local', '5ca4adb6e358a7f3b22602973b689bee.jpg', 'resources/image/2023/03/02/391662355566661.jpg', '5ca4adb6e358a7f3b22602973b689bee.jpg', 'jpg', 680, 374, 45980, NULL, 0, NULL, 'admin', '2023-03-02 19:38:14', 'admin', '2023-03-02 19:38:14', NULL);
INSERT INTO `cms_resource` VALUES (391662547587141, 1630092239507464193, 'image', 'Local', '数控交互.jpg', 'resources/image/2023/03/02/391662547587141.jpg', '数控交互.jpg', 'jpg', 900, 383, 51562, NULL, 0, NULL, 'admin', '2023-03-02 19:39:01', 'admin', '2023-03-02 19:39:01', NULL);
INSERT INTO `cms_resource` VALUES (391662718423109, 1630092239507464193, 'image', 'Local', '智能充电桩.png', 'resources/image/2023/03/02/391662718423109.png', '智能充电桩.png', 'png', 600, 400, 628040, NULL, 0, NULL, 'admin', '2023-03-02 19:39:43', 'admin', '2023-03-02 19:39:43', NULL);
INSERT INTO `cms_resource` VALUES (391662803787845, 1630092239507464193, 'image', 'Local', '只能家居.jpg', 'resources/image/2023/03/02/391662803787845.jpg', '只能家居.jpg', 'jpg', 525, 350, 24682, NULL, 0, NULL, 'admin', '2023-03-02 19:40:04', 'admin', '2023-03-02 19:40:04', NULL);
INSERT INTO `cms_resource` VALUES (391662865252421, 1630092239507464193, 'image', 'Local', '自动化改造.png', 'resources/image/2023/03/02/391662865252421.png', '自动化改造.png', 'png', 600, 444, 658473, NULL, 0, NULL, 'admin', '2023-03-02 19:40:19', 'admin', '2023-03-02 19:40:19', NULL);
INSERT INTO `cms_resource` VALUES (391662930513989, 1630092239507464193, 'image', 'Local', '自动化控制.png', 'resources/image/2023/03/02/391662930513989.png', '自动化控制.png', 'png', 670, 462, 670852, NULL, 0, NULL, 'admin', '2023-03-02 19:40:35', 'admin', '2023-03-02 19:40:35', NULL);
INSERT INTO `cms_resource` VALUES (392014237511749, 1630092239507464193, 'image', 'Local', '5ca4adb6e358a7f3b22602973b689bee.jpg', 'resources/image/2023/03/03/392014237511749.jpg', '5ca4adb6e358a7f3b22602973b689bee.jpg', 'jpg', 680, 374, 45980, NULL, 0, NULL, 'admin', '2023-03-03 19:30:03', 'admin', '2023-03-03 19:30:03', NULL);
INSERT INTO `cms_resource` VALUES (392014503784517, 1630092239507464193, 'image', 'Local', '5ca4adb6e358a7f3b22602973b689bee.jpg', 'resources/image/2023/03/03/392014503784517.jpg', '5ca4adb6e358a7f3b22602973b689bee.jpg', 'jpg', 680, 374, 45980, NULL, 0, NULL, 'admin', '2023-03-03 19:31:08', 'admin', '2023-03-03 19:31:08', NULL);
INSERT INTO `cms_resource` VALUES (392014691749957, 1630092239507464193, 'image', 'Local', '5ca4adb6e358a7f3b22602973b689bee.jpg', 'resources/image/2023/03/03/392014691749957.jpg', '5ca4adb6e358a7f3b22602973b689bee.jpg', 'jpg', 680, 374, 45980, NULL, 0, NULL, 'admin', '2023-03-03 19:31:54', 'admin', '2023-03-03 19:31:54', NULL);
INSERT INTO `cms_resource` VALUES (392015982919749, 1630092239507464193, 'image', 'Local', '5ca4adb6e358a7f3b22602973b689bee.jpg', 'resources/image/2023/03/03/392015982919749.jpg', '5ca4adb6e358a7f3b22602973b689bee.jpg', 'jpg', 680, 374, 45980, NULL, 0, NULL, 'admin', '2023-03-03 19:37:09', 'admin', '2023-03-03 19:37:09', NULL);
INSERT INTO `cms_resource` VALUES (392223996751941, 1630092239507464193, 'image', 'Local', '392223996751941.png', 'resources/image/2023/03/04/392223996751941.png', '392223996751941.png', 'png', 600, 319, 152854, 'http://www.swikoon.com/upload/resources/image/2017/12/20/40607_600x600.png', 0, NULL, 'admin', '2023-03-04 09:43:36', 'admin', '2023-03-04 09:43:36', NULL);
INSERT INTO `cms_resource` VALUES (392224004616261, 1630092239507464193, 'image', 'Local', '392224004616261.png', 'resources/image/2023/03/04/392224004616261.png', '392224004616261.png', 'png', 600, 464, 339057, 'http://www.swikoon.com/upload/resources/image/2017/12/20/40699_600x600.png', 0, NULL, 'admin', '2023-03-04 09:43:36', 'admin', '2023-03-04 09:43:36', NULL);
INSERT INTO `cms_resource` VALUES (392224006123589, 1630092239507464193, 'image', 'Local', '392224006123589.png', 'resources/image/2023/03/04/392224006123589.png', '392224006123589.png', 'png', 480, 370, 324414, 'http://www.swikoon.com/upload/resources/image/2017/12/20/40700_600x600.png', 0, NULL, 'admin', '2023-03-04 09:43:36', 'admin', '2023-03-04 09:43:36', NULL);
INSERT INTO `cms_resource` VALUES (392224007712837, 1630092239507464193, 'image', 'Local', '392224007712837.png', 'resources/image/2023/03/04/392224007712837.png', '392224007712837.png', 'png', 111, 480, 83557, 'http://www.swikoon.com/upload/resources/image/2017/12/20/40701_600x600.png', 0, NULL, 'admin', '2023-03-04 09:43:37', 'admin', '2023-03-04 09:43:37', NULL);
INSERT INTO `cms_resource` VALUES (392225038983237, 1630092239507464193, 'image', 'Local', '392225038983237.png', 'resources/image/2023/03/04/392225038983237.png', '392225038983237.png', 'png', 600, 319, 152854, 'http://www.swikoon.com/upload/resources/image/2017/12/20/40612_600x600.png', 0, NULL, 'admin', '2023-03-04 09:47:48', 'admin', '2023-03-04 09:47:48', NULL);
INSERT INTO `cms_resource` VALUES (392225040064581, 1630092239507464193, 'image', 'Local', '392225040064581.png', 'resources/image/2023/03/04/392225040064581.png', '392225040064581.png', 'png', 480, 456, 248465, 'http://www.swikoon.com/upload/resources/image/2017/12/20/40695_600x600.png', 0, NULL, 'admin', '2023-03-04 09:47:49', 'admin', '2023-03-04 09:47:49', NULL);
INSERT INTO `cms_resource` VALUES (392225041383493, 1630092239507464193, 'image', 'Local', '392225041383493.png', 'resources/image/2023/03/04/392225041383493.png', '392225041383493.png', 'png', 480, 370, 324414, 'http://www.swikoon.com/upload/resources/image/2017/12/20/40696_600x600.png', 0, NULL, 'admin', '2023-03-04 09:47:49', 'admin', '2023-03-04 09:47:49', NULL);
INSERT INTO `cms_resource` VALUES (392225042821189, 1630092239507464193, 'image', 'Local', '392225042821189.png', 'resources/image/2023/03/04/392225042821189.png', '392225042821189.png', 'png', 111, 480, 83557, 'http://www.swikoon.com/upload/resources/image/2017/12/20/40697_600x600.png', 0, NULL, 'admin', '2023-03-04 09:47:49', 'admin', '2023-03-04 09:47:49', NULL);
INSERT INTO `cms_resource` VALUES (392225895153733, 1630092239507464193, 'image', 'Local', '392225895153733.png', 'resources/image/2023/03/04/392225895153733.png', '392225895153733.png', 'png', 600, 319, 152854, 'http://www.swikoon.com/upload/resources/image/2017/12/20/40605_600x600.png', 0, NULL, 'admin', '2023-03-04 09:51:17', 'admin', '2023-03-04 09:51:17', NULL);
INSERT INTO `cms_resource` VALUES (392225896251461, 1630092239507464193, 'image', 'Local', '392225896251461.png', 'resources/image/2023/03/04/392225896251461.png', '392225896251461.png', 'png', 480, 371, 216767, 'http://www.swikoon.com/upload/resources/image/2017/12/20/40691_600x600.png', 0, NULL, 'admin', '2023-03-04 09:51:18', 'admin', '2023-03-04 09:51:18', NULL);
INSERT INTO `cms_resource` VALUES (392225897656389, 1630092239507464193, 'image', 'Local', '392225897656389.png', 'resources/image/2023/03/04/392225897656389.png', '392225897656389.png', 'png', 480, 370, 324414, 'http://www.swikoon.com/upload/resources/image/2017/12/20/40692_600x600.png', 0, NULL, 'admin', '2023-03-04 09:51:18', 'admin', '2023-03-04 09:51:18', NULL);
INSERT INTO `cms_resource` VALUES (392225898721349, 1630092239507464193, 'image', 'Local', '392225898721349.png', 'resources/image/2023/03/04/392225898721349.png', '392225898721349.png', 'png', 111, 480, 83557, 'http://www.swikoon.com/upload/resources/image/2017/12/20/40693_600x600.png', 0, NULL, 'admin', '2023-03-04 09:51:18', 'admin', '2023-03-04 09:51:18', NULL);
INSERT INTO `cms_resource` VALUES (392226672873541, 1630092239507464193, 'image', 'Local', '392226672873541.png', 'resources/image/2023/03/04/392226672873541.png', '392226672873541.png', 'png', 600, 319, 152854, 'http://www.swikoon.com/upload/resources/image/2017/12/20/40611_600x600.png', 0, NULL, 'admin', '2023-03-04 09:54:27', 'admin', '2023-03-04 09:54:27', NULL);
INSERT INTO `cms_resource` VALUES (392226673655877, 1630092239507464193, 'image', 'Local', '392226673655877.png', 'resources/image/2023/03/04/392226673655877.png', '392226673655877.png', 'png', 480, 456, 240254, 'http://www.swikoon.com/upload/resources/image/2017/12/20/40687_600x600.png', 0, NULL, 'admin', '2023-03-04 09:54:28', 'admin', '2023-03-04 09:54:28', NULL);
INSERT INTO `cms_resource` VALUES (392226675269701, 1630092239507464193, 'image', 'Local', '392226675269701.png', 'resources/image/2023/03/04/392226675269701.png', '392226675269701.png', 'png', 480, 370, 324414, 'http://www.swikoon.com/upload/resources/image/2017/12/20/40688_600x600.png', 0, NULL, 'admin', '2023-03-04 09:54:28', 'admin', '2023-03-04 09:54:28', NULL);
INSERT INTO `cms_resource` VALUES (392226676666437, 1630092239507464193, 'image', 'Local', '392226676666437.png', 'resources/image/2023/03/04/392226676666437.png', '392226676666437.png', 'png', 111, 480, 83557, 'http://www.swikoon.com/upload/resources/image/2017/12/20/40689_600x600.png', 0, NULL, 'admin', '2023-03-04 09:54:28', 'admin', '2023-03-04 09:54:28', NULL);
INSERT INTO `cms_resource` VALUES (392227474751557, 1630092239507464193, 'image', 'Local', '392227474751557.png', 'resources/image/2023/03/04/392227474751557.png', '392227474751557.png', 'png', 600, 319, 152854, 'http://www.swikoon.com/upload/resources/image/2017/12/20/40603_600x600.png', 0, NULL, 'admin', '2023-03-04 09:57:43', 'admin', '2023-03-04 09:57:43', NULL);
INSERT INTO `cms_resource` VALUES (392227475480645, 1630092239507464193, 'image', 'Local', '392227475480645.png', 'resources/image/2023/03/04/392227475480645.png', '392227475480645.png', 'png', 320, 211, 80432, 'http://www.swikoon.com/upload/resources/image/2017/12/20/40683_600x600.png', 0, NULL, 'admin', '2023-03-04 09:57:43', 'admin', '2023-03-04 09:57:43', NULL);
INSERT INTO `cms_resource` VALUES (392227476287557, 1630092239507464193, 'image', 'Local', '392227476287557.png', 'resources/image/2023/03/04/392227476287557.png', '392227476287557.png', 'png', 320, 206, 137526, 'http://www.swikoon.com/upload/resources/image/2017/12/20/40684_600x600.png', 0, NULL, 'admin', '2023-03-04 09:57:43', 'admin', '2023-03-04 09:57:43', NULL);
INSERT INTO `cms_resource` VALUES (392227477303365, 1630092239507464193, 'image', 'Local', '392227477303365.png', 'resources/image/2023/03/04/392227477303365.png', '392227477303365.png', 'png', 104, 320, 58426, 'http://www.swikoon.com/upload/resources/image/2017/12/20/40685_600x600.png', 0, NULL, 'admin', '2023-03-04 09:57:44', 'admin', '2023-03-04 09:57:44', NULL);
INSERT INTO `cms_resource` VALUES (392230611361861, 1630092239507464193, 'image', 'Local', '392230611361861.png', 'resources/image/2023/03/04/392230611361861.png', '392230611361861.png', 'png', 600, 319, 152854, 'http://www.swikoon.com/upload/resources/image/2017/12/20/40602_600x600.png', 0, NULL, 'admin', '2023-03-04 10:10:29', 'admin', '2023-03-04 10:10:29', NULL);
INSERT INTO `cms_resource` VALUES (392230612783173, 1630092239507464193, 'image', 'Local', '392230612783173.png', 'resources/image/2023/03/04/392230612783173.png', '392230612783173.png', 'png', 320, 210, 83939, 'http://www.swikoon.com/upload/resources/image/2017/12/20/40678_600x600.png', 0, NULL, 'admin', '2023-03-04 10:10:29', 'admin', '2023-03-04 10:10:29', NULL);
INSERT INTO `cms_resource` VALUES (392230614806597, 1630092239507464193, 'image', 'Local', '392230614806597.png', 'resources/image/2023/03/04/392230614806597.png', '392230614806597.png', 'png', 320, 206, 137526, 'http://www.swikoon.com/upload/resources/image/2017/12/20/40679_600x600.png', 0, NULL, 'admin', '2023-03-04 10:10:30', 'admin', '2023-03-04 10:10:30', NULL);
INSERT INTO `cms_resource` VALUES (392230617141317, 1630092239507464193, 'image', 'Local', '392230617141317.png', 'resources/image/2023/03/04/392230617141317.png', '392230617141317.png', 'png', 104, 320, 58426, 'http://www.swikoon.com/upload/resources/image/2017/12/20/40680_600x600.png', 0, NULL, 'admin', '2023-03-04 10:10:30', 'admin', '2023-03-04 10:10:30', NULL);
INSERT INTO `cms_resource` VALUES (392230825295941, 1630092239507464193, 'image', 'Local', '392230825295941.png', 'resources/image/2023/03/04/392230825295941.png', '392230825295941.png', 'png', 600, 319, 166446, 'http://www.swikoon.com/upload/resources/image/2017/12/10/40591.png', 0, NULL, 'admin', '2023-03-04 10:11:21', 'admin', '2023-03-04 10:11:21', NULL);
INSERT INTO `cms_resource` VALUES (392230826864709, 1630092239507464193, 'image', 'Local', '392230826864709.png', 'resources/image/2023/03/04/392230826864709.png', '392230826864709.png', 'png', 320, 208, 95050, 'http://www.swikoon.com/upload/resources/image/2017/12/20/40675_600x600.png', 0, NULL, 'admin', '2023-03-04 10:11:22', 'admin', '2023-03-04 10:11:22', NULL);
INSERT INTO `cms_resource` VALUES (392230828400709, 1630092239507464193, 'image', 'Local', '392230828400709.png', 'resources/image/2023/03/04/392230828400709.png', '392230828400709.png', 'png', 320, 211, 144276, 'http://www.swikoon.com/upload/resources/image/2017/12/20/40676_600x600.png', 0, NULL, 'admin', '2023-03-04 10:11:22', 'admin', '2023-03-04 10:11:22', NULL);
INSERT INTO `cms_resource` VALUES (392230829813829, 1630092239507464193, 'image', 'Local', '392230829813829.png', 'resources/image/2023/03/04/392230829813829.png', '392230829813829.png', 'png', 100, 320, 61181, 'http://www.swikoon.com/upload/resources/image/2017/12/20/40677_600x600.png', 0, NULL, 'admin', '2023-03-04 10:11:22', 'admin', '2023-03-04 10:11:22', NULL);
INSERT INTO `cms_resource` VALUES (392231019368517, 1630092239507464193, 'image', 'Local', '392231019368517.png', 'resources/image/2023/03/04/392231019368517.png', '392231019368517.png', 'png', 600, 319, 152854, 'http://www.swikoon.com/upload/resources/image/2017/12/20/40614_600x600.png', 0, NULL, 'admin', '2023-03-04 10:12:09', 'admin', '2023-03-04 10:12:09', NULL);
INSERT INTO `cms_resource` VALUES (392231020679237, 1630092239507464193, 'image', 'Local', '392231020679237.png', 'resources/image/2023/03/04/392231020679237.png', '392231020679237.png', 'png', 320, 212, 89328, 'http://www.swikoon.com/upload/resources/image/2017/12/20/40672_600x600.png', 0, NULL, 'admin', '2023-03-04 10:12:09', 'admin', '2023-03-04 10:12:09', NULL);
INSERT INTO `cms_resource` VALUES (392231021785157, 1630092239507464193, 'image', 'Local', '392231021785157.png', 'resources/image/2023/03/04/392231021785157.png', '392231021785157.png', 'png', 320, 211, 144276, 'http://www.swikoon.com/upload/resources/image/2017/12/20/40673_600x600.png', 0, NULL, 'admin', '2023-03-04 10:12:09', 'admin', '2023-03-04 10:12:09', NULL);
INSERT INTO `cms_resource` VALUES (392231023206469, 1630092239507464193, 'image', 'Local', '392231023206469.png', 'resources/image/2023/03/04/392231023206469.png', '392231023206469.png', 'png', 100, 320, 61181, 'http://www.swikoon.com/upload/resources/image/2017/12/20/40674_600x600.png', 0, NULL, 'admin', '2023-03-04 10:12:09', 'admin', '2023-03-04 10:12:09', NULL);
INSERT INTO `cms_resource` VALUES (392314732228677, 1630092239507464193, 'image', 'Local', '392314732228677.png', 'resources/image/2023/03/04/392314732228677.png', '392314732228677.png', 'png', 600, 319, 131986, 'http://www.swikoon.com/upload/resources/image/2017/12/20/40668_600x600.png', 0, NULL, 'admin', '2023-03-04 15:52:47', 'admin', '2023-03-04 15:52:47', NULL);
INSERT INTO `cms_resource` VALUES (392314734977093, 1630092239507464193, 'image', 'Local', '392314734977093.png', 'resources/image/2023/03/04/392314734977093.png', '392314734977093.png', 'png', 600, 535, 339675, 'http://www.swikoon.com/upload/resources/image/2017/12/20/40667_600x600.png', 0, NULL, 'admin', '2023-03-04 15:52:48', 'admin', '2023-03-04 15:52:48', NULL);
INSERT INTO `cms_resource` VALUES (392314739003461, 1630092239507464193, 'image', 'Local', '392314739003461.png', 'resources/image/2023/03/04/392314739003461.png', '392314739003461.png', 'png', 600, 456, 533424, 'http://www.swikoon.com/upload/resources/image/2017/12/20/40669_600x600.png', 0, NULL, 'admin', '2023-03-04 15:52:49', 'admin', '2023-03-04 15:52:49', NULL);
INSERT INTO `cms_resource` VALUES (392314744152133, 1630092239507464193, 'image', 'Local', '392314744152133.png', 'resources/image/2023/03/04/392314744152133.png', '392314744152133.png', 'png', 135, 600, 145966, 'http://www.swikoon.com/upload/resources/image/2017/12/20/40670_600x600.png', 0, NULL, 'admin', '2023-03-04 15:52:49', 'admin', '2023-03-04 15:52:49', NULL);
INSERT INTO `cms_resource` VALUES (392315976572997, 1630092239507464193, 'image', 'Local', '392315976572997.png', 'resources/image/2023/03/04/392315976572997.png', '392315976572997.png', 'png', 600, 319, 131986, 'http://www.swikoon.com/upload/resources/image/2017/12/20/40663_600x600.png', 0, NULL, 'admin', '2023-03-04 15:57:50', 'admin', '2023-03-04 15:57:50', NULL);
INSERT INTO `cms_resource` VALUES (392315978117189, 1630092239507464193, 'image', 'Local', '392315978117189.png', 'resources/image/2023/03/04/392315978117189.png', '392315978117189.png', 'png', 600, 535, 339675, 'http://www.swikoon.com/upload/resources/image/2017/12/20/40671_600x600.png', 0, NULL, 'admin', '2023-03-04 15:57:51', 'admin', '2023-03-04 15:57:51', NULL);
INSERT INTO `cms_resource` VALUES (392315979923525, 1630092239507464193, 'image', 'Local', '392315979923525.png', 'resources/image/2023/03/04/392315979923525.png', '392315979923525.png', 'png', 600, 456, 533424, 'http://www.swikoon.com/upload/resources/image/2017/12/20/40665_600x600.png', 0, NULL, 'admin', '2023-03-04 15:57:51', 'admin', '2023-03-04 15:57:51', NULL);
INSERT INTO `cms_resource` VALUES (392315982426181, 1630092239507464193, 'image', 'Local', '392315982426181.png', 'resources/image/2023/03/04/392315982426181.png', '392315982426181.png', 'png', 135, 600, 145966, 'http://www.swikoon.com/upload/resources/image/2017/12/20/40666_600x600.png', 0, NULL, 'admin', '2023-03-04 15:57:51', 'admin', '2023-03-04 15:57:51', NULL);
INSERT INTO `cms_resource` VALUES (392317191360581, 1630092239507464193, 'image', 'Local', '392317191360581.png', 'resources/image/2023/03/04/392317191360581.png', '392317191360581.png', 'png', 600, 319, 131986, 'http://www.swikoon.com/upload/resources/image/2017/12/20/40658_600x600.png', 0, NULL, 'admin', '2023-03-04 16:02:47', 'admin', '2023-03-04 16:02:47', NULL);
INSERT INTO `cms_resource` VALUES (392317192667205, 1630092239507464193, 'image', 'Local', '392317192667205.png', 'resources/image/2023/03/04/392317192667205.png', '392317192667205.png', 'png', 600, 556, 382397, 'http://www.swikoon.com/upload/resources/image/2017/12/20/40659_600x600.png', 0, NULL, 'admin', '2023-03-04 16:02:48', 'admin', '2023-03-04 16:02:48', NULL);
INSERT INTO `cms_resource` VALUES (392317196804165, 1630092239507464193, 'image', 'Local', '392317196804165.png', 'resources/image/2023/03/04/392317196804165.png', '392317196804165.png', 'png', 600, 456, 533424, 'http://www.swikoon.com/upload/resources/image/2017/12/20/40660_600x600.png', 0, NULL, 'admin', '2023-03-04 16:02:55', 'admin', '2023-03-04 16:02:55', NULL);
INSERT INTO `cms_resource` VALUES (392317227700293, 1630092239507464193, 'image', 'Local', '392317227700293.png', 'resources/image/2023/03/04/392317227700293.png', '392317227700293.png', 'png', 135, 600, 145966, 'http://www.swikoon.com/upload/resources/image/2017/12/20/40661_600x600.png', 0, NULL, 'admin', '2023-03-04 16:02:56', 'admin', '2023-03-04 16:02:56', NULL);
INSERT INTO `cms_resource` VALUES (392318172880965, 1630092239507464193, 'image', 'Local', '392318172880965.png', 'resources/image/2023/03/04/392318172880965.png', '392318172880965.png', 'png', 600, 319, 131986, 'http://www.swikoon.com/upload/resources/image/2017/12/20/40657_600x600.png', 0, NULL, 'admin', '2023-03-04 16:06:46', 'admin', '2023-03-04 16:06:46', NULL);
INSERT INTO `cms_resource` VALUES (392318174449733, 1630092239507464193, 'image', 'Local', '392318174449733.png', 'resources/image/2023/03/04/392318174449733.png', '392318174449733.png', 'png', 600, 556, 382397, 'http://www.swikoon.com/upload/resources/image/2017/12/20/40654_600x600.png', 0, NULL, 'admin', '2023-03-04 16:06:52', 'admin', '2023-03-04 16:06:52', NULL);
INSERT INTO `cms_resource` VALUES (392318199750725, 1630092239507464193, 'image', 'Local', '392318199750725.png', 'resources/image/2023/03/04/392318199750725.png', '392318199750725.png', 'png', 600, 456, 533424, 'http://www.swikoon.com/upload/resources/image/2017/12/20/40655_600x600.png', 0, NULL, 'admin', '2023-03-04 16:06:53', 'admin', '2023-03-04 16:06:53', NULL);
INSERT INTO `cms_resource` VALUES (392318202212421, 1630092239507464193, 'image', 'Local', '392318202212421.png', 'resources/image/2023/03/04/392318202212421.png', '392318202212421.png', 'png', 135, 600, 145966, 'http://www.swikoon.com/upload/resources/image/2017/12/20/40656_600x600.png', 0, NULL, 'admin', '2023-03-04 16:06:53', 'admin', '2023-03-04 16:06:53', NULL);
INSERT INTO `cms_resource` VALUES (392319032156229, 1630092239507464193, 'image', 'Local', '392319032156229.png', 'resources/image/2023/03/04/392319032156229.png', '392319032156229.png', 'png', 600, 319, 131986, 'http://www.swikoon.com/upload/resources/image/2017/12/20/40650_600x600.png', 0, NULL, 'admin', '2023-03-04 16:10:16', 'admin', '2023-03-04 16:10:16', NULL);
INSERT INTO `cms_resource` VALUES (392319033520197, 1630092239507464193, 'image', 'Local', '392319033520197.png', 'resources/image/2023/03/04/392319033520197.png', '392319033520197.png', 'png', 600, 556, 337509, 'http://www.swikoon.com/upload/resources/image/2017/12/20/40649.png', 0, NULL, 'admin', '2023-03-04 16:10:17', 'admin', '2023-03-04 16:10:17', NULL);
INSERT INTO `cms_resource` VALUES (392319035768901, 1630092239507464193, 'image', 'Local', '392319035768901.png', 'resources/image/2023/03/04/392319035768901.png', '392319035768901.png', 'png', 600, 455, 555177, 'http://www.swikoon.com/upload/resources/image/2017/12/20/40651_600x600.png', 0, NULL, 'admin', '2023-03-04 16:10:23', 'admin', '2023-03-04 16:10:23', NULL);
INSERT INTO `cms_resource` VALUES (392319062106181, 1630092239507464193, 'image', 'Local', '392319062106181.png', 'resources/image/2023/03/04/392319062106181.png', '392319062106181.png', 'png', 135, 600, 151508, 'http://www.swikoon.com/upload/resources/image/2017/12/20/40652_600x600.png', 0, NULL, 'admin', '2023-03-04 16:10:24', 'admin', '2023-03-04 16:10:24', NULL);
INSERT INTO `cms_resource` VALUES (392319860543557, 1630092239507464193, 'image', 'Local', '392319860543557.png', 'resources/image/2023/03/04/392319860543557.png', '392319860543557.png', 'png', 600, 319, 131986, 'http://www.swikoon.com/upload/resources/image/2017/12/20/40648_600x600.png', 0, NULL, 'admin', '2023-03-04 16:13:38', 'admin', '2023-03-04 16:13:38', NULL);
INSERT INTO `cms_resource` VALUES (392319861997637, 1630092239507464193, 'image', 'Local', '392319861997637.png', 'resources/image/2023/03/04/392319861997637.png', '392319861997637.png', 'png', 600, 454, 265169, 'http://www.swikoon.com/upload/resources/image/2017/12/20/40645_600x600.png', 0, NULL, 'admin', '2023-03-04 16:13:39', 'admin', '2023-03-04 16:13:39', NULL);
INSERT INTO `cms_resource` VALUES (392319864344645, 1630092239507464193, 'image', 'Local', '392319864344645.png', 'resources/image/2023/03/04/392319864344645.png', '392319864344645.png', 'png', 600, 455, 555177, 'http://www.swikoon.com/upload/resources/image/2017/12/20/40646_600x600.png', 0, NULL, 'admin', '2023-03-04 16:13:39', 'admin', '2023-03-04 16:13:39', NULL);
INSERT INTO `cms_resource` VALUES (392319866839109, 1630092239507464193, 'image', 'Local', '392319866839109.png', 'resources/image/2023/03/04/392319866839109.png', '392319866839109.png', 'png', 135, 600, 151508, 'http://www.swikoon.com/upload/resources/image/2017/12/20/40647_600x600.png', 0, NULL, 'admin', '2023-03-04 16:13:40', 'admin', '2023-03-04 16:13:40', NULL);
INSERT INTO `cms_resource` VALUES (392320660484165, 1630092239507464193, 'image', 'Local', '392320660484165.png', 'resources/image/2023/03/04/392320660484165.png', '392320660484165.png', 'png', 600, 319, 131986, 'http://www.swikoon.com/upload/resources/image/2017/12/20/40641_600x600.png', 0, NULL, 'admin', '2023-03-04 16:16:55', 'admin', '2023-03-04 16:16:55', NULL);
INSERT INTO `cms_resource` VALUES (392320666742853, 1630092239507464193, 'image', 'Local', '392320666742853.png', 'resources/image/2023/03/04/392320666742853.png', '392320666742853.png', 'png', 480, 363, 162262, 'http://www.swikoon.com/upload/resources/image/2017/12/20/40640.png', 0, NULL, 'admin', '2023-03-04 16:16:55', 'admin', '2023-03-04 16:16:55', NULL);
INSERT INTO `cms_resource` VALUES (392320669134917, 1630092239507464193, 'image', 'Local', '392320669134917.png', 'resources/image/2023/03/04/392320669134917.png', '392320669134917.png', 'png', 480, 364, 344813, 'http://www.swikoon.com/upload/resources/image/2017/12/20/40642_600x600.png', 0, NULL, 'admin', '2023-03-04 16:16:56', 'admin', '2023-03-04 16:16:56', NULL);
INSERT INTO `cms_resource` VALUES (392320672809029, 1630092239507464193, 'image', 'Local', '392320672809029.png', 'resources/image/2023/03/04/392320672809029.png', '392320672809029.png', 'png', 109, 480, 96459, 'http://www.swikoon.com/upload/resources/image/2017/12/20/40643_600x600.png', 0, NULL, 'admin', '2023-03-04 16:16:57', 'admin', '2023-03-04 16:16:57', NULL);
INSERT INTO `cms_resource` VALUES (392321488142405, 1630092239507464193, 'image', 'Local', '392321488142405.png', 'resources/image/2023/03/04/392321488142405.png', '392321488142405.png', 'png', 600, 319, 131986, 'http://www.swikoon.com/upload/resources/image/2017/12/20/40639_600x600.png', 0, NULL, 'admin', '2023-03-04 16:20:17', 'admin', '2023-03-04 16:20:17', NULL);
INSERT INTO `cms_resource` VALUES (392321493155909, 1630092239507464193, 'image', 'Local', '392321493155909.png', 'resources/image/2023/03/04/392321493155909.png', '392321493155909.png', 'png', 480, 363, 182205, 'http://www.swikoon.com/upload/resources/image/2017/12/20/40635_600x600.png', 0, NULL, 'admin', '2023-03-04 16:20:17', 'admin', '2023-03-04 16:20:17', NULL);
INSERT INTO `cms_resource` VALUES (392321494990917, 1630092239507464193, 'image', 'Local', '392321494990917.png', 'resources/image/2023/03/04/392321494990917.png', '392321494990917.png', 'png', 480, 364, 344813, 'http://www.swikoon.com/upload/resources/image/2017/12/20/40636_600x600.png', 0, NULL, 'admin', '2023-03-04 16:20:18', 'admin', '2023-03-04 16:20:18', NULL);
INSERT INTO `cms_resource` VALUES (392321497673797, 1630092239507464193, 'image', 'Local', '392321497673797.png', 'resources/image/2023/03/04/392321497673797.png', '392321497673797.png', 'png', 109, 480, 96459, 'http://www.swikoon.com/upload/resources/image/2017/12/20/40637_600x600.png', 0, NULL, 'admin', '2023-03-04 16:20:18', 'admin', '2023-03-04 16:20:18', NULL);
INSERT INTO `cms_resource` VALUES (392322372067397, 1630092239507464193, 'image', 'Local', '392322372067397.png', 'resources/image/2023/03/04/392322372067397.png', '392322372067397.png', 'png', 600, 319, 131986, 'http://www.swikoon.com/upload/resources/image/2017/12/20/40624_600x600.png', 0, NULL, 'admin', '2023-03-04 16:23:51', 'admin', '2023-03-04 16:23:51', NULL);
INSERT INTO `cms_resource` VALUES (392322373439557, 1630092239507464193, 'image', 'Local', '392322373439557.png', 'resources/image/2023/03/04/392322373439557.png', '392322373439557.png', 'png', 320, 214, 64577, 'http://www.swikoon.com/upload/resources/image/2017/12/20/40623.png', 0, NULL, 'admin', '2023-03-04 16:23:52', 'admin', '2023-03-04 16:23:52', NULL);
INSERT INTO `cms_resource` VALUES (392322374389829, 1630092239507464193, 'image', 'Local', '392322374389829.png', 'resources/image/2023/03/04/392322374389829.png', '392322374389829.png', 'png', 320, 210, 136668, 'http://www.swikoon.com/upload/resources/image/2017/12/20/40625_600x600.png', 0, NULL, 'admin', '2023-03-04 16:23:52', 'admin', '2023-03-04 16:23:52', NULL);
INSERT INTO `cms_resource` VALUES (392322376101957, 1630092239507464193, 'image', 'Local', '392322376101957.png', 'resources/image/2023/03/04/392322376101957.png', '392322376101957.png', 'png', 101, 320, 54329, 'http://www.swikoon.com/upload/resources/image/2017/12/20/40626_600x600.png', 0, NULL, 'admin', '2023-03-04 16:23:52', 'admin', '2023-03-04 16:23:52', NULL);
INSERT INTO `cms_resource` VALUES (392323082911813, 1630092239507464193, 'image', 'Local', '392323082911813.png', 'resources/image/2023/03/04/392323082911813.png', '392323082911813.png', 'png', 600, 319, 131986, 'http://www.swikoon.com/upload/resources/image/2017/12/20/40622_600x600.png', 0, NULL, 'admin', '2023-03-04 16:26:46', 'admin', '2023-03-04 16:26:46', NULL);
INSERT INTO `cms_resource` VALUES (392323089506373, 1630092239507464193, 'image', 'Local', '392323089506373.png', 'resources/image/2023/03/04/392323089506373.png', '392323089506373.png', 'png', 320, 212, 93639, 'http://www.swikoon.com/upload/resources/image/2017/12/20/40619_600x600.png', 0, NULL, 'admin', '2023-03-04 16:26:47', 'admin', '2023-03-04 16:26:47', NULL);
INSERT INTO `cms_resource` VALUES (392323090669637, 1630092239507464193, 'image', 'Local', '392323090669637.png', 'resources/image/2023/03/04/392323090669637.png', '392323090669637.png', 'png', 320, 210, 136668, 'http://www.swikoon.com/upload/resources/image/2017/12/20/40620_600x600.png', 0, NULL, 'admin', '2023-03-04 16:26:47', 'admin', '2023-03-04 16:26:47', NULL);
INSERT INTO `cms_resource` VALUES (392323092799557, 1630092239507464193, 'image', 'Local', '392323092799557.png', 'resources/image/2023/03/04/392323092799557.png', '392323092799557.png', 'png', 101, 320, 54329, 'http://www.swikoon.com/upload/resources/image/2017/12/20/40621_600x600.png', 0, NULL, 'admin', '2023-03-04 16:26:47', 'admin', '2023-03-04 16:26:47', NULL);
INSERT INTO `cms_resource` VALUES (392323760480325, 1630092239507464193, 'image', 'Local', '392323760480325.png', 'resources/image/2023/03/04/392323760480325.png', '392323760480325.png', 'png', 600, 319, 131986, 'http://www.swikoon.com/upload/resources/image/2017/12/20/40617_600x600.png', 0, NULL, 'admin', '2023-03-04 16:29:31', 'admin', '2023-03-04 16:29:31', NULL);
INSERT INTO `cms_resource` VALUES (392323765604421, 1630092239507464193, 'image', 'Local', '392323765604421.png', 'resources/image/2023/03/04/392323765604421.png', '392323765604421.png', 'png', 320, 219, 84369, 'http://www.swikoon.com/upload/resources/image/2017/12/20/40627_600x600.png', 0, NULL, 'admin', '2023-03-04 16:29:32', 'admin', '2023-03-04 16:29:32', NULL);
INSERT INTO `cms_resource` VALUES (392323767193669, 1630092239507464193, 'image', 'Local', '392323767193669.png', 'resources/image/2023/03/04/392323767193669.png', '392323767193669.png', 'png', 320, 210, 136606, 'http://www.swikoon.com/upload/resources/image/2017/12/20/40628_600x600.png', 0, NULL, 'admin', '2023-03-04 16:29:32', 'admin', '2023-03-04 16:29:32', NULL);
INSERT INTO `cms_resource` VALUES (392323768545349, 1630092239507464193, 'image', 'Local', '392323768545349.png', 'resources/image/2023/03/04/392323768545349.png', '392323768545349.png', 'png', 320, 256, 123559, 'http://www.swikoon.com/upload/resources/image/2017/12/20/40629_600x600.png', 0, NULL, 'admin', '2023-03-04 16:29:33', 'admin', '2023-03-04 16:29:33', NULL);
INSERT INTO `cms_resource` VALUES (392323770740805, 1630092239507464193, 'image', 'Local', '392323770740805.png', 'resources/image/2023/03/04/392323770740805.png', '392323770740805.png', 'png', 101, 320, 54329, 'http://www.swikoon.com/upload/resources/image/2017/12/20/40630_600x600.png', 0, NULL, 'admin', '2023-03-04 16:29:33', 'admin', '2023-03-04 16:29:33', NULL);
INSERT INTO `cms_resource` VALUES (393770081824837, 1630092239507464193, 'image', 'Local', '393770081824837.png', 'resources/image/2023/03/08/393770081824837.png', '393770081824837.png', 'png', 600, 319, 131986, 'http://www.swikoon.com/upload/resources/image/2017/12/20/40631_600x600.png', 0, NULL, 'admin', '2023-03-08 18:34:36', 'admin', '2023-03-08 18:34:36', NULL);
INSERT INTO `cms_resource` VALUES (393770083500101, 1630092239507464193, 'image', 'Local', '393770083500101.png', 'resources/image/2023/03/08/393770083500101.png', '393770083500101.png', 'png', 320, 209, 78115, 'http://www.swikoon.com/upload/resources/image/2017/12/10/40598.png', 0, NULL, 'admin', '2023-03-08 18:34:37', 'admin', '2023-03-08 18:34:37', NULL);
INSERT INTO `cms_resource` VALUES (393770084794437, 1630092239507464193, 'image', 'Local', '393770084794437.png', 'resources/image/2023/03/08/393770084794437.png', '393770084794437.png', 'png', 320, 210, 136606, 'http://www.swikoon.com/upload/resources/image/2017/12/20/40632_600x600.png', 0, NULL, 'admin', '2023-03-08 18:34:37', 'admin', '2023-03-08 18:34:37', NULL);
INSERT INTO `cms_resource` VALUES (393770085785669, 1630092239507464193, 'image', 'Local', '393770085785669.png', 'resources/image/2023/03/08/393770085785669.png', '393770085785669.png', 'png', 320, 256, 123559, 'http://www.swikoon.com/upload/resources/image/2017/12/20/40633_600x600.png', 0, NULL, 'admin', '2023-03-08 18:34:37', 'admin', '2023-03-08 18:34:37', NULL);
INSERT INTO `cms_resource` VALUES (393770086772805, 1630092239507464193, 'image', 'Local', '393770086772805.png', 'resources/image/2023/03/08/393770086772805.png', '393770086772805.png', 'png', 101, 320, 54329, 'http://www.swikoon.com/upload/resources/image/2017/12/20/40634_600x600.png', 0, NULL, 'admin', '2023-03-08 18:34:37', 'admin', '2023-03-08 18:34:37', NULL);
INSERT INTO `cms_resource` VALUES (393780329771077, 1630092239507464193, 'image', 'Local', '40710.png', 'resources/image/2023/03/08/393780329771077.png', '40710.png', 'png', 379, 279, 153896, NULL, 0, NULL, 'admin', '2023-03-08 19:16:18', 'admin', '2023-03-08 19:16:18', NULL);
INSERT INTO `cms_resource` VALUES (393780866240581, 1630092239507464193, 'image', 'Local', '40711.png', 'resources/image/2023/03/08/393780866240581.png', '40711.png', 'png', 470, 344, 176937, NULL, 0, NULL, 'admin', '2023-03-08 19:18:29', 'admin', '2023-03-08 19:18:29', NULL);
INSERT INTO `cms_resource` VALUES (396941061038149, 1630092239507464193, 'image', 'Local', '396941061038149.png', 'resources/image/2023/03/17/396941061038149.png', '396941061038149.png', 'png', 1000, 556, 521299, 'https://inews.gtimg.com/newsapp_bt/0/15699023904/1000', 0, NULL, 'admin', '2023-03-17 17:37:21', 'admin', '2023-03-17 17:37:21', NULL);
INSERT INTO `cms_resource` VALUES (396941063716933, 1630092239507464193, 'image', 'Local', '396941063716933.png', 'resources/image/2023/03/17/396941063716933.png', '396941063716933.png', 'png', 1000, 575, 482848, 'https://inews.gtimg.com/newsapp_bt/0/15699023917/1000', 0, NULL, 'admin', '2023-03-17 17:37:22', 'admin', '2023-03-17 17:37:22', NULL);
INSERT INTO `cms_resource` VALUES (396941065760837, 1630092239507464193, 'image', 'Local', '396941065760837.png', 'resources/image/2023/03/17/396941065760837.png', '396941065760837.png', 'png', 1000, 557, 342232, 'https://inews.gtimg.com/newsapp_bt/0/15699024118/1000', 0, NULL, 'admin', '2023-03-17 17:37:22', 'admin', '2023-03-17 17:37:22', NULL);
INSERT INTO `cms_resource` VALUES (399084971860037, 1630092239507464193, 'audio', 'Local', 'test.mp3', 'resources/audio/2023/03/23/399084971860037.mp3', 'test.mp3', 'mp3', NULL, NULL, 184549, NULL, 0, NULL, 'admin', '2023-03-23 19:00:56', 'admin', '2023-03-23 19:00:56', NULL);
INSERT INTO `cms_resource` VALUES (399085007847493, 1630092239507464193, 'audio', 'Local', '11582.mp3', 'resources/audio/2023/03/23/399085007847493.mp3', '11582.mp3', 'mp3', NULL, NULL, 184549, NULL, 0, NULL, 'admin', '2023-03-23 19:01:05', 'admin', '2023-03-23 19:01:05', NULL);
INSERT INTO `cms_resource` VALUES (399145939935301, 1630092239507464193, 'video', 'Local', 'trailer.mp4', 'resources/video/2023/03/23/399145939935301.mp4', 'trailer.mp4', 'mp4', NULL, NULL, 4372373, NULL, 0, NULL, 'admin', '2023-03-23 23:09:01', 'admin', '2023-03-23 23:09:01', NULL);
INSERT INTO `cms_resource` VALUES (399322312380485, 1630092239507464193, 'image', 'Local', '239017.png', 'resources/image/2023/03/24/399322312380485.png', '239017.png', 'png', 710, 600, 642829, NULL, 0, NULL, 'admin', '2023-03-24 11:06:41', 'admin', '2023-03-24 11:06:41', NULL);
INSERT INTO `cms_resource` VALUES (401996611027013, 1630092239507464193, 'image', 'Local', '5ca4adb6e358a7f3b22602973b689bee.jpg', 'resources/image/2023/04/01/401996611027013.jpg', '5ca4adb6e358a7f3b22602973b689bee.jpg', 'jpg', 680, 374, 27934, NULL, 0, NULL, 'admin', '2023-04-01 00:28:26', 'admin', '2023-04-01 00:28:26', NULL);
INSERT INTO `cms_resource` VALUES (403594903359557, 1630092239507464193, 'image', 'MinIO', '3115 - 副本.png', 'resources/image/2023/04/05/403594903359557.png', '3115 - 副本.png', 'png', 160, 160, 74587, NULL, 0, NULL, 'admin', '2023-04-05 12:51:54', 'admin', '2023-04-05 12:51:54', 'undefined');
INSERT INTO `cms_resource` VALUES (403613280272453, 1630092239507464193, 'image', 'MinIO', '40711.png', 'resources/image/2023/04/05/403613280272453.png', '40711.png', 'png', 470, 344, 179567, NULL, 0, NULL, 'admin', '2023-04-05 14:06:41', 'admin', '2023-04-05 14:06:41', 'undefined');
INSERT INTO `cms_resource` VALUES (403618471546949, 1630092239507464193, 'image', 'MinIO', '52528 - 副本.jpg', 'resources/image/2023/04/05/403618471546949.jpg', '52528 - 副本.jpg', 'jpg', 600, 398, 28610, NULL, 0, NULL, 'admin', '2023-04-05 14:27:48', 'admin', '2023-04-05 14:27:48', NULL);
INSERT INTO `cms_resource` VALUES (403618814787653, 1630092239507464193, 'image', 'MinIO', '165922.png', 'resources/image/2023/04/05/403618814787653.png', '165922.png', 'png', 188, 187, 99230, NULL, 0, NULL, 'admin', '2023-04-05 14:29:12', 'admin', '2023-04-05 14:29:12', NULL);
INSERT INTO `cms_resource` VALUES (403622287241285, 1630092239507464193, 'image', 'MinIO', '52528 - 副本.jpg', 'resources/image/2023/04/05/403622287241285.jpg', '52528 - 副本.jpg', 'jpg', 600, 398, 28610, NULL, 0, NULL, 'admin', '2023-04-05 14:43:19', 'admin', '2023-04-05 14:43:19', NULL);
INSERT INTO `cms_resource` VALUES (403624863486021, 1630092239507464193, 'image', 'MinIO', '166314.png', 'resources/image/2023/04/05/403624863486021.png', '166314.png', 'png', 166, 166, 86261, NULL, 0, NULL, 'admin', '2023-04-05 14:53:48', 'admin', '2023-04-05 14:53:48', NULL);
INSERT INTO `cms_resource` VALUES (403625014710341, 1630092239507464193, 'image', 'MinIO', '3028.png', 'resources/image/2023/04/05/403625014710341.png', '3028.png', 'png', 512, 512, 478791, NULL, 0, NULL, 'admin', '2023-04-05 14:54:25', 'admin', '2023-04-05 14:54:25', NULL);
INSERT INTO `cms_resource` VALUES (403626273288261, 1630092239507464193, 'image', 'Local', '239017.png', 'resources/image/2023/04/05/403626273288261.png', '239017.png', 'png', 710, 600, 943149, NULL, 0, NULL, 'admin', '2023-04-05 14:59:33', 'admin', '2023-04-05 14:59:33', NULL);
INSERT INTO `cms_resource` VALUES (403626696441925, 1630092239507464193, 'image', 'Local', '3028_gaitubao_300x300.png', 'resources/image/2023/04/05/403626696441925.png', '3028_gaitubao_300x300.png', 'png', 300, 300, 190897, NULL, 0, NULL, 'admin', '2023-04-05 15:01:16', 'admin', '2023-04-05 15:01:16', NULL);
INSERT INTO `cms_resource` VALUES (403634058842181, 1630092239507464193, 'image', 'Local', '3115.png', 'resources/image/2023/04/05/403634058842181.png', '3115.png', 'png', 160, 160, 74587, NULL, 0, NULL, 'admin', '2023-04-05 15:31:13', 'admin', '2023-04-05 15:31:13', NULL);
INSERT INTO `cms_resource` VALUES (403634121764933, 1630092239507464193, 'image', 'Local', '3028.png', 'resources/image/2023/04/05/403634121764933.png', '3028.png', 'png', 512, 512, 478791, NULL, 0, NULL, 'admin', '2023-04-05 15:31:29', 'admin', '2023-04-05 15:31:29', NULL);
INSERT INTO `cms_resource` VALUES (403634297425989, 1630092239507464193, 'image', 'Local', '3028.png', 'resources/image/2023/04/05/403634297425989.png', '3028.png', 'png', 512, 512, 478791, NULL, 0, NULL, 'admin', '2023-04-05 15:32:12', 'admin', '2023-04-05 15:32:12', NULL);
INSERT INTO `cms_resource` VALUES (403634613362757, 1630092239507464193, 'image', 'Local', '3028_gaitubao_300x300.png', 'resources/image/2023/04/05/403634613362757.png', '3028_gaitubao_300x300.png', 'png', 300, 300, 190897, NULL, 0, NULL, 'admin', '2023-04-05 15:33:29', 'admin', '2023-04-05 15:33:29', NULL);
INSERT INTO `cms_resource` VALUES (403638926397509, 1630092239507464193, 'image', 'Local', '3028.png', 'resources/image/2023/04/05/403638926397509.png', '3028.png', 'png', 512, 512, 478791, NULL, 0, NULL, 'admin', '2023-04-05 15:51:02', 'admin', '2023-04-05 15:51:02', NULL);
INSERT INTO `cms_resource` VALUES (403639850352709, 1630092239507464193, 'image', 'Local', '3115 - 副本.png', 'resources/image/2023/04/05/403639850352709.png', '3115 - 副本.png', 'png', 160, 160, 74587, NULL, 0, NULL, 'admin', '2023-04-05 15:54:47', 'admin', '2023-04-05 15:54:47', NULL);
INSERT INTO `cms_resource` VALUES (403640310517829, 1630092239507464193, 'image', 'Local', '3028_gaitubao_300x300.png', 'resources/image/2023/04/05/403640310517829.png', '3028_gaitubao_300x300.png', 'png', 300, 300, 190897, NULL, 0, NULL, 'admin', '2023-04-05 15:56:40', 'admin', '2023-04-05 15:56:40', NULL);
INSERT INTO `cms_resource` VALUES (403640947478597, 1630092239507464193, 'image', 'Local', '3028_gaitubao_300x300.png', 'resources/image/2023/04/05/403640947478597.png', '3028_gaitubao_300x300.png', 'png', 300, 300, 190897, NULL, 0, NULL, 'admin', '2023-04-05 15:59:15', 'admin', '2023-04-05 15:59:15', NULL);
INSERT INTO `cms_resource` VALUES (403641196363845, 1630092239507464193, 'image', 'Local', '3028_gaitubao_300x300.png', 'resources/image/2023/04/05/403641196363845.png', '3028_gaitubao_300x300.png', 'png', 300, 300, 190897, NULL, 0, NULL, 'admin', '2023-04-05 16:00:16', 'admin', '2023-04-05 16:00:16', NULL);
INSERT INTO `cms_resource` VALUES (403649370017861, 1630092239507464193, 'image', 'Local', '3028_gaitubao_300x300.png', 'resources/image/2023/04/05/403649370017861.png', '3028_gaitubao_300x300.png', 'png', 300, 300, 190897, NULL, 0, NULL, 'admin', '2023-04-05 16:33:31', 'admin', '2023-04-05 16:33:31', NULL);
INSERT INTO `cms_resource` VALUES (403651543015493, 1630092239507464193, 'image', 'Local', '3028_gaitubao_300x300.png', 'resources/image/2023/04/05/403651543015493.png', '3028_gaitubao_300x300.png', 'png', 300, 300, 190897, NULL, 0, NULL, 'admin', '2023-04-05 16:42:22', 'admin', '2023-04-05 16:42:22', NULL);
INSERT INTO `cms_resource` VALUES (403652036980805, 1630092239507464193, 'image', 'Local', '3028.png', 'resources/image/2023/04/05/403652036980805.png', '3028.png', 'png', 512, 512, 478791, NULL, 0, NULL, 'admin', '2023-04-05 16:44:23', 'admin', '2023-04-05 16:44:23', NULL);
INSERT INTO `cms_resource` VALUES (403653274619973, 1630092239507464193, 'image', 'Local', '3028.png', 'resources/image/2023/04/05/403653274619973.png', '3028.png', 'png', 512, 512, 478791, NULL, 0, NULL, 'admin', '2023-04-05 16:49:25', 'admin', '2023-04-05 16:49:25', NULL);
INSERT INTO `cms_resource` VALUES (403653730992197, 1630092239507464193, 'image', 'Local', '3028.png', 'resources/image/2023/04/05/403653730992197.png', '3028.png', 'png', 512, 512, 478791, NULL, 0, NULL, 'admin', '2023-04-05 16:51:16', 'admin', '2023-04-05 16:51:16', NULL);
INSERT INTO `cms_resource` VALUES (403654854250565, 1630092239507464193, 'image', 'Local', '3028.png', 'resources/image/2023/04/05/403654854250565.png', '3028.png', 'png', 512, 512, 478791, NULL, 0, NULL, 'admin', '2023-04-05 16:55:50', 'admin', '2023-04-05 16:55:50', NULL);
INSERT INTO `cms_resource` VALUES (403656157372485, 1630092239507464193, 'image', 'Local', '3028_gaitubao_300x300.png', 'resources/image/2023/04/05/403656157372485.png', '3028_gaitubao_300x300.png', 'png', 300, 300, 190897, NULL, 0, NULL, 'admin', '2023-04-05 17:01:09', 'admin', '2023-04-05 17:01:09', NULL);
INSERT INTO `cms_resource` VALUES (403656346558533, 1630092239507464193, 'image', 'Local', '3028_gaitubao_300x300.png', 'resources/image/2023/04/05/403656346558533.png', '3028_gaitubao_300x300.png', 'png', 300, 300, 190897, NULL, 0, NULL, 'admin', '2023-04-05 17:01:55', 'admin', '2023-04-05 17:01:55', NULL);
INSERT INTO `cms_resource` VALUES (403656455397445, 1630092239507464193, 'image', 'Local', '3028_gaitubao_300x300.png', 'resources/image/2023/04/05/403656455397445.png', '3028_gaitubao_300x300.png', 'png', 300, 300, 190897, NULL, 0, NULL, 'admin', '2023-04-05 17:02:21', 'admin', '2023-04-05 17:02:21', NULL);
INSERT INTO `cms_resource` VALUES (403656565043269, 1630092239507464193, 'image', 'Local', '3115.png', 'resources/image/2023/04/05/403656565043269.png', '3115.png', 'png', 160, 160, 74587, NULL, 0, NULL, 'admin', '2023-04-05 17:02:48', 'admin', '2023-04-05 17:02:48', NULL);
INSERT INTO `cms_resource` VALUES (403656802267205, 1630092239507464193, 'image', 'Local', '15108.png', 'resources/image/2023/04/05/403656802267205.png', '15108.png', 'png', 155, 155, 73252, NULL, 0, NULL, 'admin', '2023-04-05 17:03:46', 'admin', '2023-04-05 17:03:46', NULL);
INSERT INTO `cms_resource` VALUES (403656988028997, 1630092239507464193, 'image', 'Local', '3115.png', 'resources/image/2023/04/05/403656988028997.png', '3115.png', 'png', 160, 160, 74587, NULL, 0, NULL, 'admin', '2023-04-05 17:04:31', 'admin', '2023-04-05 17:04:31', NULL);
INSERT INTO `cms_resource` VALUES (403657053286469, 1630092239507464193, 'image', 'Local', '15108 - 副本.png', 'resources/image/2023/04/05/403657053286469.png', '15108 - 副本.png', 'png', 155, 155, 73252, NULL, 0, NULL, 'admin', '2023-04-05 17:04:47', 'admin', '2023-04-05 17:04:47', NULL);
INSERT INTO `cms_resource` VALUES (403657939476549, 1630092239507464193, 'image', 'Local', '3028_gaitubao_300x300.png', 'resources/image/2023/04/05/403657939476549.png', '3028_gaitubao_300x300.png', 'png', 300, 300, 190897, NULL, 0, NULL, 'admin', '2023-04-05 17:08:24', 'admin', '2023-04-05 17:08:24', NULL);
INSERT INTO `cms_resource` VALUES (403658829844549, 1630092239507464193, 'image', 'Local', '3115.png', 'resources/image/2023/04/05/403658829844549.png', '3115.png', 'png', 160, 160, 74587, NULL, 0, NULL, 'admin', '2023-04-05 17:12:01', 'admin', '2023-04-05 17:12:01', NULL);
INSERT INTO `cms_resource` VALUES (403658929967173, 1630092239507464193, 'image', 'Local', '3115.png', 'resources/image/2023/04/05/403658929967173.png', '3115.png', 'png', 160, 160, 74587, NULL, 0, NULL, 'admin', '2023-04-05 17:12:25', 'admin', '2023-04-05 17:12:25', NULL);
INSERT INTO `cms_resource` VALUES (403659070709829, 1630092239507464193, 'image', 'Local', '3115 - 副本.png', 'resources/image/2023/04/05/403659070709829.png', '3115 - 副本.png', 'png', 160, 160, 74587, NULL, 0, NULL, 'admin', '2023-04-05 17:13:00', 'admin', '2023-04-05 17:13:00', NULL);
INSERT INTO `cms_resource` VALUES (403659111755845, 1630092239507464193, 'image', 'Local', '3115 - 副本.png', 'resources/image/2023/04/05/403659111755845.png', '3115 - 副本.png', 'png', 160, 160, 74587, NULL, 0, NULL, 'admin', '2023-04-05 17:13:10', 'admin', '2023-04-05 17:13:10', NULL);
INSERT INTO `cms_resource` VALUES (403659360632901, 1630092239507464193, 'image', 'Local', '3115 - 副本.png', 'resources/image/2023/04/05/403659360632901.png', '3115 - 副本.png', 'png', 160, 160, 74587, NULL, 0, NULL, 'admin', '2023-04-05 17:14:11', 'admin', '2023-04-05 17:14:11', NULL);
INSERT INTO `cms_resource` VALUES (403659500908613, 1630092239507464193, 'image', 'Local', '3115.png', 'resources/image/2023/04/05/403659500908613.png', '3115.png', 'png', 160, 160, 74587, NULL, 0, NULL, 'admin', '2023-04-05 17:14:45', 'admin', '2023-04-05 17:14:45', NULL);
INSERT INTO `cms_resource` VALUES (403659709231173, 1630092239507464193, 'image', 'Local', '3115.png', 'resources/image/2023/04/05/403659709231173.png', '3115.png', 'png', 160, 160, 74587, NULL, 0, NULL, 'admin', '2023-04-05 17:15:36', 'admin', '2023-04-05 17:15:36', NULL);
INSERT INTO `cms_resource` VALUES (403659798958149, 1630092239507464193, 'image', 'Local', '3115 - 副本.png', 'resources/image/2023/04/05/403659798958149.png', '3115 - 副本.png', 'png', 160, 160, 74587, NULL, 0, NULL, 'admin', '2023-04-05 17:15:58', 'admin', '2023-04-05 17:15:58', NULL);
INSERT INTO `cms_resource` VALUES (403659840475205, 1630092239507464193, 'image', 'Local', '3115 - 副本.png', 'resources/image/2023/04/05/403659840475205.png', '3115 - 副本.png', 'png', 160, 160, 74587, NULL, 0, NULL, 'admin', '2023-04-05 17:16:08', 'admin', '2023-04-05 17:16:08', NULL);
INSERT INTO `cms_resource` VALUES (403659968372805, 1630092239507464193, 'image', 'Local', '3115 - 副本.png', 'resources/image/2023/04/05/403659968372805.png', '3115 - 副本.png', 'png', 160, 160, 74587, NULL, 0, NULL, 'admin', '2023-04-05 17:16:39', 'admin', '2023-04-05 17:16:39', NULL);
INSERT INTO `cms_resource` VALUES (403660095365189, 1630092239507464193, 'image', 'Local', '3115 - 副本.png', 'resources/image/2023/04/05/403660095365189.png', '3115 - 副本.png', 'png', 160, 160, 74587, NULL, 0, NULL, 'admin', '2023-04-05 17:17:10', 'admin', '2023-04-05 17:17:10', NULL);
INSERT INTO `cms_resource` VALUES (403660153348165, 1630092239507464193, 'image', 'Local', '3115 - 副本.png', 'resources/image/2023/04/05/403660153348165.png', '3115 - 副本.png', 'png', 160, 160, 74587, NULL, 0, NULL, 'admin', '2023-04-05 17:17:24', 'admin', '2023-04-05 17:17:24', NULL);
INSERT INTO `cms_resource` VALUES (403660745486405, 1630092239507464193, 'image', 'Local', '3115 - 副本.png', 'resources/image/2023/04/05/403660745486405.png', '3115 - 副本.png', 'png', 160, 160, 74587, NULL, 0, NULL, 'admin', '2023-04-05 17:19:49', 'admin', '2023-04-05 17:19:49', NULL);
INSERT INTO `cms_resource` VALUES (403660783190085, 1630092239507464193, 'image', 'Local', '3115 - 副本.png', 'resources/image/2023/04/05/403660783190085.png', '3115 - 副本.png', 'png', 160, 160, 74587, NULL, 0, NULL, 'admin', '2023-04-05 17:19:58', 'admin', '2023-04-05 17:19:58', NULL);
INSERT INTO `cms_resource` VALUES (403661421109317, 1630092239507464193, 'image', 'Local', '3115.png', 'resources/image/2023/04/05/403661421109317.png', '3115.png', 'png', 160, 160, 74587, NULL, 0, NULL, 'admin', '2023-04-05 17:22:34', 'admin', '2023-04-05 17:22:34', NULL);
INSERT INTO `cms_resource` VALUES (403661650186309, 1630092239507464193, 'image', 'Local', '3115 - 副本.png', 'resources/image/2023/04/05/403661650186309.png', '3115 - 副本.png', 'png', 160, 160, 74587, NULL, 0, NULL, 'admin', '2023-04-05 17:23:30', 'admin', '2023-04-05 17:23:30', NULL);
INSERT INTO `cms_resource` VALUES (403662216654917, 1630092239507464193, 'image', 'Local', '3115 - 副本.png', 'resources/image/2023/04/05/403662216654917.png', '3115 - 副本.png', 'png', 160, 160, 74587, NULL, 0, NULL, 'admin', '2023-04-05 17:25:48', 'admin', '2023-04-05 17:25:48', NULL);
INSERT INTO `cms_resource` VALUES (403662589231173, 1630092239507464193, 'image', 'Local', '3115 - 副本.png', 'resources/image/2023/04/05/403662589231173.png', '3115 - 副本.png', 'png', 160, 160, 74587, NULL, 0, NULL, 'admin', '2023-04-05 17:27:19', 'admin', '2023-04-05 17:27:19', NULL);
INSERT INTO `cms_resource` VALUES (403663137538117, 1630092239507464193, 'image', 'Local', '3115 - 副本.png', 'resources/image/2023/04/05/403663137538117.png', '3115 - 副本.png', 'png', 160, 160, 74587, NULL, 0, NULL, 'admin', '2023-04-05 17:29:33', 'admin', '2023-04-05 17:29:33', NULL);
INSERT INTO `cms_resource` VALUES (403665907503173, 1630092239507464193, 'image', 'Local', '3115 - 副本.png', 'resources/image/2023/04/05/403665907503173.png', '3115 - 副本.png', 'png', 160, 160, 74587, NULL, 0, NULL, 'admin', '2023-04-05 17:40:49', 'admin', '2023-04-05 17:40:49', NULL);
INSERT INTO `cms_resource` VALUES (403667796189253, 1630092239507464193, 'image', 'Local', '3115 - 副本.png', 'resources/image/2023/04/05/403667796189253.png', '3115 - 副本.png', 'png', 160, 160, 74587, NULL, 0, NULL, 'admin', '2023-04-05 17:48:30', 'admin', '2023-04-05 17:48:30', NULL);
INSERT INTO `cms_resource` VALUES (403668324433989, 1630092239507464193, 'image', 'Local', '3115 - 副本.png', 'resources/image/2023/04/05/403668324433989.png', '3115 - 副本.png', 'png', 160, 160, 74587, NULL, 0, NULL, 'admin', '2023-04-05 17:50:39', 'admin', '2023-04-05 17:50:39', NULL);
INSERT INTO `cms_resource` VALUES (403668712587333, 1630092239507464193, 'image', 'Local', '3115 - 副本.png', 'resources/image/2023/04/05/403668712587333.png', '3115 - 副本.png', 'png', 160, 160, 74587, NULL, 0, NULL, 'admin', '2023-04-05 17:52:14', 'admin', '2023-04-05 17:52:14', NULL);
INSERT INTO `cms_resource` VALUES (403668975554629, 1630092239507464193, 'image', 'Local', '3115 - 副本.png', 'resources/image/2023/04/05/403668975554629.png', '3115 - 副本.png', 'png', 160, 160, 74587, NULL, 0, NULL, 'admin', '2023-04-05 17:53:18', 'admin', '2023-04-05 17:53:18', NULL);
INSERT INTO `cms_resource` VALUES (403669598191685, 1630092239507464193, 'image', 'Local', '3115.png', 'resources/image/2023/04/05/403669598191685.png', '3115.png', 'png', 160, 160, 74587, NULL, 0, NULL, 'admin', '2023-04-05 17:55:50', 'admin', '2023-04-05 17:55:50', NULL);
INSERT INTO `cms_resource` VALUES (403670071787589, 1630092239507464193, 'image', 'Local', '3115.png', 'resources/image/2023/04/05/403670071787589.png', '3115.png', 'png', 160, 160, 74587, NULL, 0, NULL, 'admin', '2023-04-05 17:57:46', 'admin', '2023-04-05 17:57:46', NULL);
INSERT INTO `cms_resource` VALUES (403670252617797, 1630092239507464193, 'image', 'Local', '3115.png', 'resources/image/2023/04/05/403670252617797.png', '3115.png', 'png', 160, 160, 74587, NULL, 0, NULL, 'admin', '2023-04-05 17:58:30', 'admin', '2023-04-05 17:58:30', NULL);
INSERT INTO `cms_resource` VALUES (403670864801861, 1630092239507464193, 'image', 'Local', '3115 - 副本.png', 'resources/image/2023/04/05/403670864801861.png', '3115 - 副本.png', 'png', 160, 160, 74587, NULL, 0, NULL, 'admin', '2023-04-05 18:00:59', 'admin', '2023-04-05 18:00:59', NULL);
INSERT INTO `cms_resource` VALUES (403670928707653, 1630092239507464193, 'image', 'Local', '3115 - 副本.png', 'resources/image/2023/04/05/403670928707653.png', '3115 - 副本.png', 'png', 160, 160, 74587, NULL, 0, NULL, 'admin', '2023-04-05 18:01:15', 'admin', '2023-04-05 18:01:15', NULL);
INSERT INTO `cms_resource` VALUES (403671284293701, 1630092239507464193, 'image', 'Local', '3115 - 副本.png', 'resources/image/2023/04/05/403671284293701.png', '3115 - 副本.png', 'png', 160, 160, 74587, NULL, 0, NULL, 'admin', '2023-04-05 18:02:42', 'admin', '2023-04-05 18:02:42', NULL);
INSERT INTO `cms_resource` VALUES (403671715414085, 1630092239507464193, 'image', 'Local', '3115 - 副本.png', 'resources/image/2023/04/05/403671715414085.png', '3115 - 副本.png', 'png', 160, 160, 74587, NULL, 0, NULL, 'admin', '2023-04-05 18:04:27', 'admin', '2023-04-05 18:04:27', NULL);
INSERT INTO `cms_resource` VALUES (403672083554373, 1630092239507464193, 'image', 'Local', '3115.png', 'resources/image/2023/04/05/403672083554373.png', '3115.png', 'png', 160, 160, 74587, NULL, 0, NULL, 'admin', '2023-04-05 18:05:57', 'admin', '2023-04-05 18:05:57', NULL);
INSERT INTO `cms_resource` VALUES (403672252981317, 1630092239507464193, 'image', 'Local', '3115 - 副本.png', 'resources/image/2023/04/05/403672252981317.png', '3115 - 副本.png', 'png', 160, 160, 74587, NULL, 0, NULL, 'admin', '2023-04-05 18:06:38', 'admin', '2023-04-05 18:06:38', NULL);
INSERT INTO `cms_resource` VALUES (403672780517445, 1630092239507464193, 'image', 'MinIO', '3115.png', 'resources/image/2023/04/05/403672780517445.png', '3115.png', 'png', 160, 160, 74587, NULL, 0, NULL, 'admin', '2023-04-05 18:08:47', 'admin', '2023-04-05 18:08:47', NULL);
INSERT INTO `cms_resource` VALUES (407573539811397, 1630092239507464193, 'audio', 'Local', 'test.mp3', 'resources/audio/2023/04/16/407573539811397.mp3', 'test.mp3', 'mp3', NULL, NULL, 184549, NULL, 0, NULL, 'admin', '2023-04-16 18:41:01', 'admin', '2023-04-16 18:41:01', NULL);
INSERT INTO `cms_resource` VALUES (407807279145029, 1630092239507464193, 'image', 'Local', '119you.jpg', 'resources/image/2023/04/17/407807279145029.jpg', '119you.jpg', 'jpg', 299, 76, 7343, NULL, 0, NULL, 'admin', '2023-04-17 10:32:06', 'admin', '2023-04-17 10:32:06', NULL);
INSERT INTO `cms_resource` VALUES (408152772935749, 1630092239507464193, 'audio', 'Local', 'test.mp3', 'resources/audio/2023/04/18/408152772935749.mp3', 'test.mp3', 'mp3', NULL, NULL, 184549, NULL, 0, NULL, 'admin', '2023-04-18 09:57:55', 'admin', '2023-04-18 09:57:55', NULL);
INSERT INTO `cms_resource` VALUES (413816822820933, 411683596922949, 'image', 'Local', '5ca4adb6e358a7f3b22602973b689bee.jpg', 'resources/image/2023/05/04/413816822820933.jpg', '5ca4adb6e358a7f3b22602973b689bee.jpg', 'jpg', 680, 374, 45980, NULL, 0, NULL, 'admin', '2023-05-04 10:05:00', 'admin', '2023-05-04 10:05:00', 'undefined');
INSERT INTO `cms_resource` VALUES (413974609129541, 411683596922949, 'image', 'Local', '119you.jpg', 'resources/image/2023/05/04/413974609129541.jpg', '119you.jpg', 'jpg', 299, 76, 7343, NULL, 0, NULL, 'admin', '2023-05-04 20:47:02', 'admin', '2023-05-04 20:47:02', 'undefined');
INSERT INTO `cms_resource` VALUES (424181145075781, 1630092239507464193, 'file', 'Local', 'preview.pdf', 'resources/file/2023/06/02/424181145075781.pdf', 'preview.pdf', 'pdf', NULL, NULL, 555336, NULL, 0, NULL, 'admin', '2023-06-02 16:57:32', 'admin', '2023-06-02 16:57:32', NULL);
INSERT INTO `cms_resource` VALUES (424186554908741, 1630092239507464193, 'file', 'Local', 'SpringCloudAlibaba.pdf', 'resources/file/2023/06/02/424186554908741.pdf', 'SpringCloudAlibaba.pdf', 'pdf', NULL, NULL, 4476638, NULL, 0, NULL, 'admin', '2023-06-02 17:19:33', 'admin', '2023-06-02 17:19:33', NULL);
INSERT INTO `cms_resource` VALUES (424188549275717, 1630092239507464193, 'file', 'Local', 'Dingtalk_20230518152648.jpg', 'resources/file/2023/06/02/424188549275717.jpg', 'Dingtalk_20230518152648.jpg', 'jpg', NULL, NULL, 12379, NULL, 0, NULL, 'admin', '2023-06-02 17:27:40', 'admin', '2023-06-02 17:27:40', NULL);
INSERT INTO `cms_resource` VALUES (424189520855109, 1630092239507464193, 'file', 'Local', 'Dingtalk_20230518152424.jpg', 'resources/file/2023/06/02/424189520855109.jpg', 'Dingtalk_20230518152424.jpg', 'jpg', NULL, NULL, 68792, NULL, 0, NULL, 'admin', '2023-06-02 17:31:37', 'admin', '2023-06-02 17:31:37', NULL);
INSERT INTO `cms_resource` VALUES (424189596336197, 1630092239507464193, 'file', 'Local', 'Dingtalk_20230518153118.jpg', 'resources/file/2023/06/02/424189596336197.jpg', 'Dingtalk_20230518153118.jpg', 'jpg', NULL, NULL, 91379, NULL, 0, NULL, 'admin', '2023-06-02 17:31:55', 'admin', '2023-06-02 17:31:55', NULL);
INSERT INTO `cms_resource` VALUES (424190027694149, 1630092239507464193, 'image', 'Local', '3028.png', 'resources/image/2023/06/02/424190027694149.png', '3028.png', 'png', 512, 512, 374754, NULL, 0, NULL, 'admin', '2023-06-02 17:33:40', 'admin', '2023-06-02 17:33:40', NULL);
INSERT INTO `cms_resource` VALUES (424190611689541, 1630092239507464193, 'video', 'Local', 'big_buck_bunny.mp4', 'resources/video/2023/06/02/424190611689541.mp4', 'big_buck_bunny.mp4', 'mp4', NULL, NULL, 5510872, NULL, 0, NULL, 'admin', '2023-06-02 17:36:03', 'admin', '2023-06-02 17:36:03', NULL);
INSERT INTO `cms_resource` VALUES (424190677479493, 1630092239507464193, 'video', 'Local', 'big_buck_bunny.mp4', 'resources/video/2023/06/02/424190677479493.mp4', 'big_buck_bunny.mp4', 'mp4', NULL, NULL, 5510872, NULL, 0, NULL, 'admin', '2023-06-02 17:36:19', 'admin', '2023-06-02 17:36:19', NULL);
INSERT INTO `cms_resource` VALUES (424190886330437, 1630092239507464193, 'video', 'Local', 'big_buck_bunny.mp4', 'resources/video/2023/06/02/424190886330437.mp4', 'big_buck_bunny.mp4', 'mp4', NULL, NULL, 5510872, NULL, 0, NULL, 'admin', '2023-06-02 17:37:10', 'admin', '2023-06-02 17:37:10', NULL);
INSERT INTO `cms_resource` VALUES (424190942142533, 1630092239507464193, 'video', 'Local', 'big_buck_bunny.mp4', 'resources/video/2023/06/02/424190942142533.mp4', 'big_buck_bunny.mp4', 'mp4', NULL, NULL, 5510872, NULL, 0, NULL, 'admin', '2023-06-02 17:37:24', 'admin', '2023-06-02 17:37:24', NULL);
INSERT INTO `cms_resource` VALUES (424195303514181, 1630092239507464193, 'video', 'Local', 'big_buck_bunny.mp4', 'resources/video/2023/06/02/424195303514181.mp4', 'big_buck_bunny.mp4', 'mp4', NULL, NULL, 5510872, NULL, 0, NULL, 'admin', '2023-06-02 17:55:09', 'admin', '2023-06-02 17:55:09', NULL);
INSERT INTO `cms_resource` VALUES (424195332186181, 1630092239507464193, 'image', 'Local', '5ca4adb6e358a7f3b22602973b689bee.jpg', 'resources/image/2023/06/02/424195332186181.jpg', '5ca4adb6e358a7f3b22602973b689bee.jpg', 'jpg', 680, 374, 45980, NULL, 0, NULL, 'admin', '2023-06-02 17:55:16', 'admin', '2023-06-02 17:55:16', NULL);
INSERT INTO `cms_resource` VALUES (424199430000709, 1630092239507464193, 'video', 'Local', 'big_buck_bunny.mp4', 'resources/video/2023/06/02/424199430000709.mp4', 'big_buck_bunny.mp4', 'mp4', NULL, NULL, 5510872, NULL, 0, NULL, 'admin', '2023-06-02 18:11:56', 'admin', '2023-06-02 18:11:56', NULL);
INSERT INTO `cms_resource` VALUES (424199504609349, 1630092239507464193, 'image', 'Local', '119you.jpg', 'resources/image/2023/06/02/424199504609349.jpg', '119you.jpg', 'jpg', 299, 76, 7343, NULL, 0, NULL, 'admin', '2023-06-02 18:12:14', 'admin', '2023-06-02 18:12:14', NULL);

-- ----------------------------
-- Table structure for cms_site
-- ----------------------------
DROP TABLE IF EXISTS `cms_site`;
CREATE TABLE `cms_site`  (
  `site_id` bigint(0) NOT NULL COMMENT '站点ID',
  `parent_id` bigint(0) NOT NULL DEFAULT 0 COMMENT '父级站点ID',
  `name` varchar(150) CHARACTER SET utf8mb4 COLLATE utf8mb4_general_ci NOT NULL COMMENT '站点名称',
  `description` varchar(500) CHARACTER SET utf8mb4 COLLATE utf8mb4_general_ci NULL DEFAULT NULL COMMENT '简介',
  `logo` varchar(255) CHARACTER SET utf8mb4 COLLATE utf8mb4_general_ci NULL DEFAULT NULL COMMENT '站点LOGO',
  `path` varchar(100) CHARACTER SET utf8mb4 COLLATE utf8mb4_general_ci NOT NULL COMMENT '站点目录',
  `resource_url` varchar(100) CHARACTER SET utf8mb4 COLLATE utf8mb4_general_ci NULL DEFAULT NULL COMMENT '站点资源访问地址',
  `catalog_max_code` int(0) NULL DEFAULT 0 COMMENT '顶级栏目编码最大值',
  `dept_code` varchar(100) CHARACTER SET utf8mb4 COLLATE utf8mb4_general_ci NULL DEFAULT NULL COMMENT '所属机构编码',
  `index_template` varchar(100) CHARACTER SET utf8mb4 COLLATE utf8mb4_general_ci NULL DEFAULT NULL COMMENT '首页模板',
  `static_suffix` varchar(10) CHARACTER SET utf8mb4 COLLATE utf8mb4_general_ci NULL DEFAULT NULL COMMENT '静态文件类型',
  `sort_flag` bigint(0) NOT NULL COMMENT '排序标识',
  `publish_pipe_props` text CHARACTER SET utf8mb4 COLLATE utf8mb4_general_ci NULL COMMENT '发布通道属性',
  `config_props` mediumtext CHARACTER SET utf8mb4 COLLATE utf8mb4_general_ci NULL COMMENT '站点扩展属性',
  `seo_keywords` varchar(255) CHARACTER SET utf8mb4 COLLATE utf8mb4_general_ci NULL DEFAULT NULL COMMENT 'SEO关键词',
  `seo_description` varchar(255) CHARACTER SET utf8mb4 COLLATE utf8mb4_general_ci NULL DEFAULT NULL COMMENT 'SEO描述',
  `seo_title` varchar(255) CHARACTER SET utf8mb4 COLLATE utf8mb4_general_ci NULL DEFAULT NULL COMMENT 'SEO标题',
  `create_by` varchar(64) CHARACTER SET utf8mb4 COLLATE utf8mb4_general_ci NOT NULL COMMENT '创建人',
  `create_time` datetime(0) NOT NULL COMMENT '创建时间',
  `update_by` varchar(64) CHARACTER SET utf8mb4 COLLATE utf8mb4_general_ci NULL DEFAULT NULL COMMENT '最近修改人',
  `update_time` datetime(0) NULL DEFAULT NULL COMMENT '最近修改时间',
  `remark` varchar(400) CHARACTER SET utf8mb4 COLLATE utf8mb4_general_ci NULL DEFAULT NULL COMMENT '备注',
  PRIMARY KEY (`site_id`) USING BTREE
) ENGINE = InnoDB CHARACTER SET = utf8mb4 COLLATE = utf8mb4_general_ci COMMENT = '站点表' ROW_FORMAT = Dynamic;

-- ----------------------------
-- Records of cms_site
-- ----------------------------
INSERT INTO `cms_site` VALUES (411683596922949, 0, '测试', NULL, NULL, 'test1122', NULL, 0, NULL, NULL, NULL, 168264509300, '{\"ee\":{\"defaultDetailTemplate_article\":\"\",\"staticSuffix\":\"shtml\",\"defaultDetailTemplate_image\":\"\",\"indexTemplate\":\"\",\"defaultDetailTemplate_video\":\"\",\"defaultDetailTemplate_audio\":\"\",\"defaultListTemplate\":\"\",\"url\":\"\",\"defaultCustomFormTemplate\":\"\"},\"pc\":{\"defaultDetailTemplate_article\":\"\",\"staticSuffix\":\"shtml\",\"defaultDetailTemplate_image\":\"\",\"indexTemplate\":\"index.template.html\",\"defaultDetailTemplate_video\":\"\",\"defaultDetailTemplate_audio\":\"\",\"defaultListTemplate\":\"\",\"url\":\"\",\"defaultCustomFormTemplate\":\"customform.template.html\"}}', '{\"SSIEnabled\":\"Y\",\"ImageWatermark\":\"N\",\"RecycleKeepDays\":\"30\",\"EnableIndex\":\"Y\",\"RepeatTitleCheck\":\"0\",\"ImageWatermarkArgs\":\"{\\\"image\\\":\\\"\\\",\\\"position\\\":\\\"TOP_RIGHT\\\",\\\"opacity\\\":1,\\\"ratio\\\":30}\",\"PublishedContentEdit\":\"Y\",\"BaiduTjApiKey\":\"\",\"ArticleImageWidth\":\"600\",\"FileStorageType\":\"Local\",\"HotWordGroups\":\"[]\",\"EnableCustomFormCaptcha\":\"N\",\"ArticleImageHeight\":\"600\",\"MaxPageOnContentPublish\":\"5\",\"BaiduTjAccessToken\":\"\",\"SiteExtendModel\":\"\",\"AutoArticleLogo\":\"N\",\"BaiduTjRefreshToken\":\"\",\"SensitiveWordEnable\":\"N\",\"BaiduTjSecretKey\":\"\",\"CatalogPageSize\":\"0\",\"FileStorageArgs\":\"{}\",\"ErrorProneWordEnable\":\"N\"}', NULL, NULL, NULL, 'admin', '2023-04-28 09:24:53', 'admin', '2023-06-17 17:57:07', NULL);
INSERT INTO `cms_site` VALUES (426206449627205, 0, '阿斯蒂芬', NULL, NULL, 'asdf1', NULL, 0, NULL, NULL, NULL, 168619071000, '{\"11\":{\"indexTemplate\":\"index.template.html\"}}', '{\"SSIEnabled\":\"Y\",\"ImageWatermark\":\"N\",\"RecycleKeepDays\":\"30\",\"EnableIndex\":\"Y\",\"RepeatTitleCheck\":\"0\",\"ImageWatermarkArgs\":\"{\\\"image\\\":\\\"\\\",\\\"position\\\":\\\"TOP_RIGHT\\\",\\\"opacity\\\":1,\\\"ratio\\\":30}\",\"PublishedContentEdit\":\"Y\",\"BaiduTjApiKey\":\"\",\"ArticleImageWidth\":\"600\",\"FileStorageType\":\"Local\",\"HotWordGroups\":\"[]\",\"ArticleImageHeight\":\"600\",\"MaxPageOnContentPublish\":\"5\",\"BaiduTjAccessToken\":\"\",\"SiteExtendModel\":\"\",\"AutoArticleLogo\":\"N\",\"BaiduTjRefreshToken\":\"\",\"SensitiveWordEnable\":\"N\",\"BaiduTjSecretKey\":\"\",\"CatalogPageSize\":\"0\",\"FileStorageArgs\":\"{}\",\"ErrorProneWordEnable\":\"N\"}', NULL, NULL, NULL, 'admin', '2023-06-08 10:18:31', 'admin', '2023-06-08 10:24:34', NULL);
INSERT INTO `cms_site` VALUES (1630092239507464193, 0, '思威控', NULL, 'iurl://resources/image/2023/04/01/401996611027013.jpg?type=resource&id=401996611027013&sid=1630092239507464193', 'swikoon', '', 0, NULL, NULL, NULL, 167747925000, '{\"pc\":{\"staticSuffix\":\"shtml\",\"url\":\"http://www.swikoon.com/\",\"indexTemplate\":\"index.template.html\",\"listTemplate\":\"list.template.html\",\"detailTemplate_article\":\"detail.template.html\",\"detailTemplate_image\":\"detail_image.template.html\",\"defaultDetailTemplate_article\":\"detail.template.html\",\"defaultListTemplate\":\"\",\"defaultDetailTemplate_image\":\"detail_image.template.html\",\"defaultDetailTemplate_audio\":\"detail_audio.template.html\",\"defaultDetailTemplate_video\":\"detail_video.template.html\"},\"h5\":{\"defaultDetailTemplate_article\":\"\",\"staticSuffix\":\"shtml\",\"defaultDetailTemplate_image\":\"\",\"indexTemplate\":\"\",\"defaultDetailTemplate_video\":\"\",\"defaultDetailTemplate_audio\":\"\",\"defaultListTemplate\":\"\",\"url\":\"\"},\"test11\":{\"indexTemplate\":\"index.template.html\"},\"test22\":{\"indexTemplate\":\"index.template.html\"},\"test33\":{\"indexTemplate\":\"index.template.html\"},\"test44\":{\"indexTemplate\":\"index.template.html\"}}', '{\"SSIEnabled\":\"Y\",\"ImageWatermark\":\"N\",\"RecycleKeepDays\":\"30\",\"EnableIndex\":\"N\",\"RepeatTitleCheck\":\"0\",\"ImageWatermarkArgs\":\"{\\\"image\\\":\\\"\\\",\\\"position\\\":\\\"TOP_RIGHT\\\",\\\"opacity\\\":1,\\\"ratio\\\":30}\",\"PublishedContentEdit\":\"Y\",\"BaiduTjApiKey\":\"VYmlDR9DkGAfAQ4wi3oAbIUgcwAm7uNh\",\"ArticleImageWidth\":\"600\",\"FileStorageType\":\"Local\",\"HotWordGroups\":\"[\\\"game\\\"]\",\"ArticleImageHeight\":\"600\",\"MaxPageOnContentPublish\":\"-1\",\"SiteExtendModel\":\"\",\"AutoArticleLogo\":\"Y\",\"SensitiveWordEnable\":\"Y\",\"BaiduTjSecretKey\":\"VEX3fYaNjqdiXnilMwYiZzQKjSmAP94s\",\"CatalogPageSize\":\"0\",\"FileStorageArgs\":\"{}\",\"ErrorProneWordEnable\":\"Y\"}', NULL, NULL, NULL, 'admin', '2023-02-27 14:27:30', 'admin', '2023-06-08 09:07:10', NULL);

-- ----------------------------
-- Table structure for cms_site_property
-- ----------------------------
DROP TABLE IF EXISTS `cms_site_property`;
CREATE TABLE `cms_site_property`  (
  `property_id` bigint(0) NOT NULL COMMENT '属性ID',
  `site_id` bigint(0) NOT NULL COMMENT '站点ID',
  `prop_name` varchar(100) CHARACTER SET utf8mb4 COLLATE utf8mb4_general_ci NOT NULL COMMENT '属性名称',
  `prop_code` varchar(50) CHARACTER SET utf8mb4 COLLATE utf8mb4_general_ci NOT NULL COMMENT '属性编码',
  `prop_value` varchar(255) CHARACTER SET utf8mb4 COLLATE utf8mb4_general_ci NULL DEFAULT NULL COMMENT '属性值',
  `create_by` varchar(50) CHARACTER SET utf8mb4 COLLATE utf8mb4_general_ci NOT NULL COMMENT '创建人',
  `create_time` datetime(0) NOT NULL COMMENT '创建时间',
  `update_by` varchar(50) CHARACTER SET utf8mb4 COLLATE utf8mb4_general_ci NULL DEFAULT NULL COMMENT '最后修改人',
  `update_time` datetime(0) NULL DEFAULT NULL COMMENT '最后修改时间',
  `remark` varchar(255) CHARACTER SET utf8mb4 COLLATE utf8mb4_general_ci NULL DEFAULT NULL COMMENT '备注',
  PRIMARY KEY (`property_id`) USING BTREE
) ENGINE = InnoDB CHARACTER SET = utf8mb4 COLLATE = utf8mb4_general_ci COMMENT = '站点自定义属性表' ROW_FORMAT = Dynamic;

-- ----------------------------
-- Records of cms_site_property
-- ----------------------------
INSERT INTO `cms_site_property` VALUES (550489723523141, 1630092239507464193, '22222', '33333', '44499', 'admin', '2024-05-24 14:48:27', 'admin', '2024-05-24 14:51:34', '55555');

-- ----------------------------
-- Table structure for cms_template
-- ----------------------------
DROP TABLE IF EXISTS `cms_template`;
CREATE TABLE `cms_template`  (
  `template_id` bigint(0) NOT NULL COMMENT '主键ID',
  `site_id` bigint(0) NOT NULL COMMENT '站点ID',
  `publish_pipe_code` varchar(20) CHARACTER SET utf8mb4 COLLATE utf8mb4_general_ci NOT NULL COMMENT '发布通道编码',
  `path` varchar(200) CHARACTER SET utf8mb4 COLLATE utf8mb4_general_ci NOT NULL COMMENT '模板路径',
  `content` longblob NOT NULL COMMENT '模板内容',
  `filesize` int(0) NOT NULL COMMENT '模板文件大小',
  `modify_time` bigint(0) NOT NULL COMMENT '模板文件更新时间戳',
  `create_by` varchar(64) CHARACTER SET utf8mb4 COLLATE utf8mb4_general_ci NOT NULL COMMENT '创建人',
  `create_time` datetime(0) NOT NULL COMMENT '创建时间',
  `update_by` varchar(64) CHARACTER SET utf8mb4 COLLATE utf8mb4_general_ci NULL DEFAULT NULL COMMENT '最近修改人',
  `update_time` datetime(0) NULL DEFAULT NULL COMMENT '最近修改时间',
  `remark` varchar(400) CHARACTER SET utf8mb4 COLLATE utf8mb4_general_ci NULL DEFAULT NULL COMMENT '备注',
  PRIMARY KEY (`template_id`) USING BTREE
) ENGINE = InnoDB CHARACTER SET = utf8mb4 COLLATE = utf8mb4_general_ci COMMENT = '模板表' ROW_FORMAT = Dynamic;

-- ----------------------------
-- Records of cms_template
-- ----------------------------
INSERT INTO `cms_template` VALUES (3, 1630092239507464193, 'pc', 'detail.template.html', 0x3C21444F43545950452068746D6C3E0A3C68746D6C206C616E673D22656E223E0A0A3C686561643E0A20203C6D65746120636861727365743D227574662D38223E0A20203C6D657461206E616D653D2276696577706F72742220636F6E74656E743D2277696474683D6465766963652D77696474682C20696E697469616C2D7363616C653D312E30223E0A20203C6D657461206E616D653D226465736372697074696F6E2220636F6E74656E743D22446576656C6F706564204279204D20416264757220526F6B69622050726F6D79223E0A20203C6D657461206E616D653D22617574686F722220636F6E74656E743D22636F736D6963223E0A20203C6D657461206E616D653D226B6579776F7264732220636F6E74656E743D22426F6F74737472617020332C2054656D706C6174652C205468656D652C20526573706F6E736976652C20436F72706F726174652C20427573696E657373223E0A20203C6C696E6B2072656C3D2273686F72746375742069636F6E2220687265663D22247B5072656669787D696D672F66617669636F6E2E706E67223E0A20203C7469746C653E247B436F6E74656E742E7469746C657D5F247B536974652E6E616D657D3C2F7469746C653E0A0A20203C212D2D20426F6F74737472617020636F726520435353202D2D3E0A20203C6C696E6B20687265663D22247B5072656669787D6373732F626F6F7473747261702E6D696E2E637373222072656C3D227374796C657368656574223E0A20203C6C696E6B20687265663D22247B5072656669787D6373732F7468656D652E637373222072656C3D227374796C657368656574223E0A20203C6C696E6B20687265663D22247B5072656669787D6373732F626F6F7473747261702D72657365742E637373222072656C3D227374796C657368656574223E0A20203C212D2D65787465726E616C206373732D2D3E0A20203C6C696E6B20687265663D22247B5072656669787D6173736574732F666F6E742D617765736F6D652F6373732F666F6E742D617765736F6D652E637373222072656C3D227374796C65736865657422202F3E0A20203C6C696E6B2072656C3D227374796C6573686565742220687265663D22247B5072656669787D6373732F666C6578736C696465722E63737322202F3E0A20203C6C696E6B20687265663D22247B5072656669787D6173736574732F6278736C696465722F6A71756572792E6278736C696465722E637373222072656C3D227374796C65736865657422202F3E0A20203C6C696E6B2072656C3D227374796C6573686565742220687265663D22247B5072656669787D6373732F616E696D6174652E637373223E0A20203C6C696E6B20687265663D27687474703A2F2F666F6E74732E676F6F676C65617069732E636F6D2F6373733F66616D696C793D4C61746F272072656C3D277374796C6573686565742720747970653D27746578742F637373273E0A0A0A20203C212D2D20437573746F6D207374796C657320666F7220746869732074656D706C617465202D2D3E0A20203C6C696E6B20687265663D22247B5072656669787D6373732F7374796C652E637373222072656C3D227374796C657368656574223E0A20203C6C696E6B20687265663D22247B5072656669787D6373732F7374796C652D726573706F6E736976652E637373222072656C3D227374796C65736865657422202F3E0A0A20203C212D2D2048544D4C35207368696D20616E6420526573706F6E642E6A732049453820737570706F7274206F662048544D4C3520746F6F6C746970737320616E64206D656469612071756572696573202D2D3E0A20203C212D2D5B6966206C7420494520395D3E0A3C736372697074207372633D22247B5072656669787D6A732F68746D6C35736869762E6A73223E0A3C2F7363726970743E0A3C736372697074207372633D22247B5072656669787D6A732F726573706F6E642E6D696E2E6A73223E0A3C2F7363726970743E0A3C215B656E6469665D2D2D3E0A3C7363726970743E77696E646F772E5F78795F636D73203D207B20636174616C6F675F69643A2027247B436174616C6F672E636174616C6F6749647D272C20636F6E74656E745F69643A2027247B436F6E74656E742E636F6E74656E7449647D27207D3B3C2F7363726970743E0A3C7374796C653E0A2E70616765626172207B206865696768743A20353070783B207D0A2E706167656261722061207B20626F726465723A2031707820736F6C696420233438636661643B2070616464696E673A20337078203870783B206D617267696E3A2030203270783B207D0A2E7061676562617220612E63757272656E74207B206261636B67726F756E642D636F6C6F723A20233438636661643B20636F6C6F723A20236666663B207D0A2E61727469636C655F636F6E7461696E657220696D67207B2077696474683A20313030253B207D0A61727469636C655F636F6E7461696E65722E206669677572652E696D6167655F726573697A6564207B096D617267696E3A206175746F3B207D0A3C2F7374796C653E0A3C2F686561643E0A0A3C626F64793E0A20203C212D2D6865616465722073746172742D2D3E0A20203C40636D735F696E636C7564652066696C653D226865616465722E74656D706C6174652E68746D6C223E3C2F40636D735F696E636C7564653E0A20203C212D2D68656164657220656E642D2D3E0A0A20203C212D2D62726561646372756D62732073746172742D2D3E0A20203C64697620636C6173733D2262726561646372756D6273223E0A202020203C64697620636C6173733D22636F6E7461696E6572223E0A2020202020203C64697620636C6173733D22726F77223E0A20202020202020203C64697620636C6173733D22636F6C2D6C672D3420636F6C2D736D2D34223E0A202020202020202020203C68313E247B436174616C6F672E6E616D657D3C2F68313E0A20202020202020203C2F6469763E0A20202020202020203C64697620636C6173733D22636F6C2D6C672D3820636F6C2D736D2D3822207374796C653D22746578742D616C69676E3A72696768743B70616464696E672D746F703A203570783B223E0A202020202020202020203C6120636C6173733D22706F736974696F6E2220687265663D22247B536974652E6C696E6B7D223EE9A696E9A1B53C2F613E0A202020202020202020203C236C69737420436174616C6F672E616E636573746F72733F73706C697428223A222920617320636174616C6F6749643E0A2020202020202020202020203C40636D735F636174616C6F672069643D22247B636174616C6F6749647D22206C6576656C3D2253656C66223E0A20202020202020202020202020203C236C69737420446174614C69737420617320636174616C6F673E0A20202020202020202020202020202020203E203C6120636C6173733D22706F736974696F6E2220687265663D22247B636174616C6F672E6C696E6B7D223E247B636174616C6F672E6E616D657D3C2F613E0A20202020202020202020202020203C2F236C6973743E0A2020202020202020202020203C2F40636D735F636174616C6F673E0A202020202020202020203C2F236C6973743E0A20202020202020203C2F6469763E0A2020202020203C2F6469763E0A202020203C2F6469763E0A20203C2F6469763E0A20203C212D2D62726561646372756D627320656E642D2D3E0A0A20203C212D2D636F6E7461696E65722073746172742D2D3E0A20203C64697620636C6173733D22636F6E7461696E6572223E0A202020203C64697620636C6173733D22726F77223E0A2020202020203C212D2D626C6F672073746172742D2D3E0A2020202020203C64697620636C6173733D22636F6C2D6C672D39223E0A20202020202020203C64697620636C6173733D22626C6F672D6974656D223E0A202020202020202020203C64697620636C6173733D22726F77223E0A2020202020202020202020203C64697620636C6173733D22636F6C2D6C672D3220636F6C2D736D2D32223E0A20202020202020202020202020203C64697620636C6173733D22646174652D77726170223E0A202020202020202020202020202020203C7370616E20636C6173733D2264617465223E0A202020202020202020202020202020202020247B64617465466F726D617428436F6E74656E742E7075626C697368446174652C20274D4D2F646427297D0A202020202020202020202020202020203C2F7370616E3E0A202020202020202020202020202020203C7370616E20636C6173733D226D6F6E7468223E0A202020202020202020202020202020202020247B64617465466F726D617428436F6E74656E742E7075626C697368446174652C20277979797927297D0A202020202020202020202020202020203C2F7370616E3E0A20202020202020202020202020203C2F6469763E0A20202020202020202020202020203C64697620636C6173733D22617574686F72223E0A2020202020202020202020202020202042790A202020202020202020202020202020203C6120687265663D2223223E0A202020202020202020202020202020202020247B436F6E74656E742E617574686F7221536974652E6E616D657D0A202020202020202020202020202020203C2F613E0A20202020202020202020202020203C2F6469763E0A20202020202020202020202020203C64697620636C6173733D2273742D76696577223E0A202020202020202020202020202020203C756C20636C6173733D226C6973742D756E7374796C6564223E0A2020202020202020202020202020202020203C6C693E0A20202020202020202020202020202020202020203C6120687265663D226A6176617363726970743A3B223E0A20202020202020202020202020202020202020202020247B72616E646F6D496E74283130303030297D266E6273703BE79C8BE8BF870A20202020202020202020202020202020202020203C2F613E0A2020202020202020202020202020202020203C2F6C693E0A2020202020202020202020202020202020203C6C693E0A20202020202020202020202020202020202020203C6120687265663D226A6176617363726970743A3B223E0A20202020202020202020202020202020202020202020247B72616E646F6D496E74283230297D266E6273703BE58886E4BAABE8BF870A20202020202020202020202020202020202020203C2F613E0A2020202020202020202020202020202020203C2F6C693E0A2020202020202020202020202020202020203C212D2D203C6C693E0A202020202020202020202020202020202020202020203C6120687265663D226A6176617363726970743A3B223E0A2020202020202020202020202020202020202020202020203135266E6273703BE8AF84E8AEBA0A202020202020202020202020202020202020202020203C2F613E0A20202020202020202020202020202020202020203C2F6C693E202D2D3E0A202020202020202020202020202020203C2F756C3E0A20202020202020202020202020203C2F6469763E0A2020202020202020202020203C2F6469763E0A2020202020202020202020203C64697620636C6173733D22636F6C2D6C672D313020636F6C2D736D2D3130223E0A20202020202020202020202020203C6831207374796C653D226D617267696E2D746F703A303B223E0A202020202020202020202020202020203C6120687265663D226A6176617363726970743A766F69642830293B223E0A202020202020202020202020202020202020247B436F6E74656E742E7469746C657D0A202020202020202020202020202020203C2F613E0A20202020202020202020202020203C2F68313E0A20202020202020202020202020203C64697620636C6173733D2261727469636C655F636F6E7461696E6572223E0A202020202020202020202020202020203C40636D735F61727469636C6520636F6E74656E7449643D22247B436F6E74656E742E636F6E74656E7449647D2220706167653D2274727565223E0A20202020202020202020202020202020247B766964656F506C61796572286465616C41727469636C65426F64792841727469636C65436F6E74656E7429297D0A202020202020202020202020202020203C2F40636D735F61727469636C653E0A20202020202020202020202020203C2F6469763E0A090909090909090909093C2369662050616765546F74616C202667743B20313E0A202020202020202020202020202020203C64697620636C6173733D22746578742D63656E7465722070616765626172223E0A2020202020202020202020202020202020203C23696620506167654E6F202667743B20313E0A20202020202020202020202020202020202020203C6120687265663D22247B4F74686572506167653F7265706C61636528277B307D272C20506167654E6F2D31297D223E20E4B88AE4B880E9A1B5203C2F613E0A20202020202020202020202020202020202020203C2F2369663E0A2020202020202020202020202020202020203C236C69737420312E2E50616765546F74616C20617320706E3E0A2020202020202020202020202020202020203C23696620706E203D3D20313E0A20202020202020202020202020202020202020203C23696620506167654E6F203D3D20706E3E3C6120687265663D226A6176617363726970743A766F69642830293B2220636C6173733D2263757272656E74223E247B706E7D3C2F613E3C23656C73653E3C6120687265663D22247B4669727374506167657D223E247B706E7D3C2F613E3C2F2369663E0A2020202020202020202020202020202020203C23656C73653E0A20202020202020202020202020202020202020203C23696620506167654E6F203D3D20706E3E3C6120687265663D226A6176617363726970743A766F69642830293B2220636C6173733D2263757272656E74223E247B706E7D3C2F613E3C23656C73653E3C6120687265663D22247B4F74686572506167653F7265706C61636528277B307D272C20706E297D223E247B706E7D3C2F613E3C2F2369663E0A2020202020202020202020202020202020203C2F2369663E0A202020202020202020202020202020203C2F236C6973743E0A2020202020202020202020202020202020203C23696620506167654E6F20266C743B2050616765546F74616C3E0A20202020202020202020202020202020202020203C6120687265663D22247B4F74686572506167653F7265706C61636528277B307D272C20506167654E6F2B31297D223E20E4B88BE4B880E9A1B5203C2F613E0A20202020202020202020202020202020202020203C2F2369663E0A202020202020202020202020202020203C2F6469763E0A20202020202020202020202020203C2F2369663E0A2020202020202020202020203C2F6469763E0A202020202020202020203C2F6469763E0A20202020202020203C2F6469763E0A2020202020203C2F6469763E0A0A2020202020203C64697620636C6173733D22636F6C2D6C672D33223E0A20202020202020203C64697620636C6173733D22626C6F672D736964652D6974656D223E0A202020202020202020203C64697620636C6173733D227365617263682D726F77223E0A2020202020202020202020203C696E70757420747970653D22746578742220636C6173733D22666F726D2D636F6E74726F6C2220706C616365686F6C6465723D225365617263682068657265223E0A202020202020202020203C2F6469763E0A202020202020202020203C23696620436174616C6F672E706172656E744964213D303E0A202020202020202020203C40636D735F636174616C6F672069643D22247B436174616C6F672E616E636573746F72735B302E2E28436174616C6F672E616E636573746F72733F696E6465785F6F6628273A27292D31295D7D22206C6576656C3D224368696C64222073697A653D223130223E0A2020202020202020202020203C23696620546F74616C3F3F20262620546F74616C202667743B20303E0A20202020202020202020202020203C64697620636C6173733D2263617465676F7279223E0A202020202020202020202020202020203C68333E0A202020202020202020202020202020202020247B436174616C6F672E6E616D657D0A202020202020202020202020202020203C2F68333E0A202020202020202020202020202020203C756C20636C6173733D226C6973742D756E7374796C6564223E0A2020202020202020202020202020202020203C236C69737420446174614C697374206173206368696C643E0A20202020202020202020202020202020202020203C6C693E0A202020202020202020202020202020202020202020203C6120687265663D22247B6368696C642E6C696E6B7D223E0A2020202020202020202020202020202020202020202020203C6920636C6173733D2266612066612D616E676C652D72696768742070722D3130223E0A2020202020202020202020202020202020202020202020203C2F693E0A202020202020202020202020202020202020202020202020247B6368696C642E6E616D657D0A202020202020202020202020202020202020202020203C2F613E0A20202020202020202020202020202020202020203C2F6C693E0A2020202020202020202020202020202020203C2F236C6973743E0A202020202020202020202020202020203C2F756C3E0A20202020202020202020202020203C2F6469763E0A2020202020202020202020203C2F2369663E0A202020202020202020203C2F40636D735F636174616C6F673E0A202020202020202020203C2F2369663E0A202020202020202020203C64697620636C6173733D22626C6F672D706F7374223E0A2020202020202020202020203C68333EE69C80E8BF91E69BB4E696B03C2F68333E0A2020202020202020202020203C40636D735F636F6E74656E7420636174616C6F67616C6961733D226E65777322206C6576656C3D2243757272656E74416E644368696C64222073697A653D2235223E0A20202020202020202020202020203C236C69737420446174614C69737420617320636F6E74656E743E0A202020202020202020202020202020203C64697620636C6173733D226D65646961223E0A2020202020202020202020202020202020203C23696620636F6E74656E742E6C6F676F5372633F3F3E0A20202020202020202020202020202020202020203C6120636C6173733D2270756C6C2D6C6566742220687265663D226A6176617363726970743A3B223E0A202020202020202020202020202020202020202020203C696D6720636C6173733D222022207372633D22247B696D61676553697A6528636F6E74656E742E6C6F676F2C3132302C313230297D2220616C743D22247B636F6E74656E742E7469746C657D22207374796C653D2277696474683A3130307078223E0A20202020202020202020202020202020202020203C2F613E0A2020202020202020202020202020202020203C2F2369663E0A2020202020202020202020202020202020203C64697620636C6173733D226D656469612D626F6479223E0A20202020202020202020202020202020202020203C683520636C6173733D226D656469612D68656164696E67223E0A202020202020202020202020202020202020202020203C6120687265663D22247B636F6E74656E742E6C696E6B7D223E0A2020202020202020202020202020202020202020202020203C23696620636F6E74656E742E7469746C653F6C656E677468202667743B2036303E247B636F6E74656E742E7469746C655B302E2E36305D7D3C23656C73653E247B636F6E74656E742E7469746C657D3C2F2369663E0A202020202020202020202020202020202020202020203C2F613E0A20202020202020202020202020202020202020203C2F68353E0A20202020202020202020202020202020202020203C703E247B64617465466F726D617428636F6E74656E742E7075626C69736844617465297D3C2F703E0A2020202020202020202020202020202020203C2F6469763E0A202020202020202020202020202020203C2F6469763E0A20202020202020202020202020203C2F236C6973743E0A2020202020202020202020203C2F40636D735F636F6E74656E743E0A202020202020202020203C2F6469763E0A20202020202020203C2F6469763E0A2020202020203C2F6469763E0A202020203C2F6469763E0A20203C2F6469763E0A20203C212D2D636F6E7461696E657220656E642D2D3E0A0A20203C212D2D666F6F7465722073746172742D2D3E0A20203C40636D735F696E636C7564652066696C653D22666F6F7465722E74656D706C6174652E68746D6C223E3C2F40636D735F696E636C7564653E0A20203C212D2D736D616C6C20666F6F74657220656E642D2D3E0A0A20203C212D2D206A7320706C616365642061742074686520656E64206F662074686520646F63756D656E7420736F20746865207061676573206C6F616420666173746572202D2D3E0A20203C736372697074207372633D22247B5072656669787D6A732F6A71756572792E6A73223E0A20203C2F7363726970743E0A20203C736372697074207372633D22247B5072656669787D6A732F626F6F7473747261702E6D696E2E6A73223E0A20203C2F7363726970743E0A20203C73637269707420747970653D22746578742F6A61766173637269707422207372633D22247B5072656669787D6A732F686F7665722D64726F70646F776E2E6A73223E0A20203C2F7363726970743E0A20203C736372697074206465666572207372633D22247B5072656669787D6A732F6A71756572792E666C6578736C696465722E6A73223E0A20203C2F7363726970743E0A20203C73637269707420747970653D22746578742F6A61766173637269707422207372633D22247B5072656669787D6173736574732F6278736C696465722F6A71756572792E6278736C696465722E6A73223E0A20203C2F7363726970743E0A0A20203C736372697074207372633D22247B5072656669787D6A732F6A71756572792E656173696E672E6D696E2E6A73223E0A20203C2F7363726970743E0A20203C736372697074207372633D22247B5072656669787D6A732F6C696E6B2D686F7665722E6A73223E0A20203C2F7363726970743E0A0A0A20203C212D2D636F6D6D6F6E2073637269707420666F7220616C6C2070616765732D2D3E0A20203C736372697074207372633D22247B5072656669787D6A732F636F6D6D6F6E2D736372697074732E6A73223E0A20203C2F7363726970743E0A0A0A20203C736372697074207372633D22247B5072656669787D6A732F776F772E6D696E2E6A73223E0A20203C2F7363726970743E0A20203C7363726970743E0A20202020776F77203D206E657720574F57280A2020202020207B0A2020202020202020626F78436C6173733A2027776F77272C2020202020202F2F2064656661756C740A2020202020202020616E696D617465436C6173733A2027616E696D61746564272C202F2F2064656661756C740A20202020202020206F66667365743A2030202020202020202020202F2F2064656661756C740A2020202020207D0A20202020290A20202020776F772E696E697428293B0A20203C2F7363726970743E0A3C2F626F64793E0A0A3C2F68746D6C3E, 8510, 1711357894000, '__system', '2023-03-09 19:22:13', '__system', '2024-05-28 14:29:59', NULL);
INSERT INTO `cms_template` VALUES (4, 1630092239507464193, 'pc', 'detail_image.template.html', 0x3C21444F43545950452068746D6C3E0A3C68746D6C206C616E673D22656E223E0A0A3C686561643E0A20203C6D65746120636861727365743D227574662D38223E0A20203C6D657461206E616D653D2276696577706F72742220636F6E74656E743D2277696474683D6465766963652D77696474682C20696E697469616C2D7363616C653D312E30223E0A20203C6D657461206E616D653D226465736372697074696F6E2220636F6E74656E743D22446576656C6F706564204279204D20416264757220526F6B69622050726F6D79223E0A20203C6D657461206E616D653D22617574686F722220636F6E74656E743D22636F736D6963223E0A20203C6D657461206E616D653D226B6579776F7264732220636F6E74656E743D22426F6F74737472617020332C2054656D706C6174652C205468656D652C20526573706F6E736976652C20436F72706F726174652C20427573696E657373223E0A20203C6C696E6B2072656C3D2273686F72746375742069636F6E2220687265663D22247B5072656669787D696D672F66617669636F6E2E706E67223E0A20203C7469746C653E247B436F6E74656E742E7469746C657D5F247B536974652E6E616D657D3C2F7469746C653E0A0A20203C212D2D20426F6F74737472617020636F726520435353202D2D3E0A20203C6C696E6B20687265663D22247B5072656669787D6373732F626F6F7473747261702E6D696E2E637373222072656C3D227374796C657368656574223E0A20203C6C696E6B20687265663D22247B5072656669787D6373732F7468656D652E637373222072656C3D227374796C657368656574223E0A20203C6C696E6B20687265663D22247B5072656669787D6373732F626F6F7473747261702D72657365742E637373222072656C3D227374796C657368656574223E0A20203C212D2D65787465726E616C206373732D2D3E0A20203C6C696E6B20687265663D22247B5072656669787D6173736574732F666F6E742D617765736F6D652F6373732F666F6E742D617765736F6D652E637373222072656C3D227374796C65736865657422202F3E0A20203C6C696E6B2072656C3D227374796C6573686565742220687265663D22247B5072656669787D6373732F666C6578736C696465722E63737322202F3E0A20203C6C696E6B20687265663D22247B5072656669787D6173736574732F6278736C696465722F6A71756572792E6278736C696465722E637373222072656C3D227374796C65736865657422202F3E0A20203C6C696E6B2072656C3D227374796C6573686565742220687265663D22247B5072656669787D6373732F616E696D6174652E637373223E0A20203C6C696E6B20687265663D27687474703A2F2F666F6E74732E676F6F676C65617069732E636F6D2F6373733F66616D696C793D4C61746F272072656C3D277374796C6573686565742720747970653D27746578742F637373273E0A0A0A20203C212D2D20437573746F6D207374796C657320666F7220746869732074656D706C617465202D2D3E0A20203C6C696E6B20687265663D22247B5072656669787D6373732F7374796C652E637373222072656C3D227374796C657368656574223E0A20203C6C696E6B20687265663D22247B5072656669787D6373732F7374796C652D726573706F6E736976652E637373222072656C3D227374796C65736865657422202F3E0A0A20203C212D2D2048544D4C35207368696D20616E6420526573706F6E642E6A732049453820737570706F7274206F662048544D4C3520746F6F6C746970737320616E64206D656469612071756572696573202D2D3E0A20203C212D2D5B6966206C7420494520395D3E0A3C736372697074207372633D22247B5072656669787D6A732F68746D6C35736869762E6A73223E0A3C2F7363726970743E0A3C736372697074207372633D22247B5072656669787D6A732F726573706F6E642E6D696E2E6A73223E0A3C2F7363726970743E0A3C215B656E6469665D2D2D3E0A0A3C7363726970743E77696E646F772E5F78795F636D73203D207B20636174616C6F675F69643A2027247B436174616C6F672E636174616C6F6749647D272C20636F6E74656E745F69643A2027247B436F6E74656E742E636F6E74656E7449647D27207D3B3C2F7363726970743E0A3C7374796C653E0A2E70616765626172207B206865696768743A20353070783B207D0A2E706167656261722061207B20626F726465723A2031707820736F6C696420233438636661643B2070616464696E673A20337078203870783B206D617267696E3A2030203270783B207D0A2E7061676562617220612E63757272656E74207B206261636B67726F756E642D636F6C6F723A20233438636661643B20636F6C6F723A20236666663B207D0A3C2F7374796C653E0A3C2F686561643E0A0A3C626F64793E0A20203C212D2D6865616465722073746172742D2D3E0A20203C40636D735F696E636C7564652066696C653D226865616465722E74656D706C6174652E68746D6C223E3C2F40636D735F696E636C7564653E0A20203C212D2D68656164657220656E642D2D3E0A0A20203C212D2D62726561646372756D62732073746172742D2D3E0A20203C64697620636C6173733D2262726561646372756D6273223E0A202020203C64697620636C6173733D22636F6E7461696E6572223E0A2020202020203C64697620636C6173733D22726F77223E0A20202020202020203C64697620636C6173733D22636F6C2D6C672D3420636F6C2D736D2D34223E0A202020202020202020203C68313E247B436174616C6F672E6E616D657D3C2F68313E0A20202020202020203C2F6469763E0A20202020202020203C64697620636C6173733D22636F6C2D6C672D3820636F6C2D736D2D3822207374796C653D22746578742D616C69676E3A72696768743B70616464696E672D746F703A203570783B223E0A202020202020202020203C6120636C6173733D22706F736974696F6E2220687265663D22247B536974652E6C696E6B7D223EE9A696E9A1B53C2F613E0A202020202020202020203C236C69737420436174616C6F672E616E636573746F72733F73706C697428223A222920617320636174616C6F6749643E0A2020202020202020202020203C40636D735F636174616C6F672069643D22247B636174616C6F6749647D22206C6576656C3D2253656C66223E0A20202020202020202020202020203C236C69737420446174614C69737420617320636174616C6F673E0A20202020202020202020202020202020203E203C6120636C6173733D22706F736974696F6E2220687265663D22247B636174616C6F672E6C696E6B7D223E247B636174616C6F672E6E616D657D3C2F613E0A20202020202020202020202020203C2F236C6973743E0A2020202020202020202020203C2F40636D735F636174616C6F673E0A202020202020202020203C2F236C6973743E0A20202020202020203C2F6469763E0A2020202020203C2F6469763E0A202020203C2F6469763E0A20203C2F6469763E0A20203C212D2D62726561646372756D627320656E642D2D3E0A0A20203C212D2D636F6E7461696E65722073746172742D2D3E0A20203C64697620636C6173733D22636F6E7461696E6572223E0A202020203C64697620636C6173733D22726F77223E0A2020202020203C212D2D626C6F672073746172742D2D3E0A2020202020203C64697620636C6173733D22636F6C2D6C672D39223E0A20202020202020203C64697620636C6173733D22626C6F672D6974656D223E0A202020202020202020203C64697620636C6173733D22726F77223E0A2020202020202020202020203C64697620636C6173733D22636F6C2D6C672D3220636F6C2D736D2D32223E0A20202020202020202020202020203C64697620636C6173733D22646174652D77726170223E0A202020202020202020202020202020203C7370616E20636C6173733D2264617465223E0A202020202020202020202020202020202020247B64617465466F726D617428436F6E74656E742E7075626C697368446174652C20274D4D2F646427297D0A202020202020202020202020202020203C2F7370616E3E0A202020202020202020202020202020203C7370616E20636C6173733D226D6F6E7468223E0A202020202020202020202020202020202020247B64617465466F726D617428436F6E74656E742E7075626C697368446174652C20277979797927297D0A202020202020202020202020202020203C2F7370616E3E0A20202020202020202020202020203C2F6469763E0A20202020202020202020202020203C64697620636C6173733D22617574686F72223E0A2020202020202020202020202020202042790A202020202020202020202020202020203C6120687265663D2223223E0A202020202020202020202020202020202020247B436F6E74656E742E617574686F7221536974652E6E616D657D0A202020202020202020202020202020203C2F613E0A20202020202020202020202020203C2F6469763E0A20202020202020202020202020203C64697620636C6173733D2273742D76696577223E0A202020202020202020202020202020203C756C20636C6173733D226C6973742D756E7374796C6564223E0A2020202020202020202020202020202020203C6C693E0A20202020202020202020202020202020202020203C6120687265663D226A6176617363726970743A3B223E0A20202020202020202020202020202020202020202020247B72616E646F6D496E74283130303030297D266E6273703BE79C8BE8BF870A20202020202020202020202020202020202020203C2F613E0A2020202020202020202020202020202020203C2F6C693E0A2020202020202020202020202020202020203C6C693E0A20202020202020202020202020202020202020203C6120687265663D226A6176617363726970743A3B223E0A20202020202020202020202020202020202020202020247B72616E646F6D496E74283230297D266E6273703BE58886E4BAABE8BF870A20202020202020202020202020202020202020203C2F613E0A2020202020202020202020202020202020203C2F6C693E0A2020202020202020202020202020202020203C212D2D203C6C693E0A202020202020202020202020202020202020202020203C6120687265663D226A6176617363726970743A3B223E0A2020202020202020202020202020202020202020202020203135266E6273703BE8AF84E8AEBA0A202020202020202020202020202020202020202020203C2F613E0A20202020202020202020202020202020202020203C2F6C693E202D2D3E0A202020202020202020202020202020203C2F756C3E0A20202020202020202020202020203C2F6469763E0A2020202020202020202020203C2F6469763E0A2020202020202020202020203C64697620636C6173733D22636F6C2D6C672D313020636F6C2D736D2D3130223E0A20202020202020202020202020203C6831207374796C653D226D617267696E2D746F703A303B223E0A202020202020202020202020202020203C6120687265663D226A6176617363726970743A766F69642830293B223E0A202020202020202020202020202020202020247B436F6E74656E742E7469746C657D0A202020202020202020202020202020203C2F613E0A20202020202020202020202020203C2F68313E0A20202020202020202020202020203C6469763E0A202020202020202020202020202020203C40636D735F696D61676520636F6E74656E7469643D22247B436F6E74656E742E636F6E74656E7449647D223E0A2020202020202020202020202020202020203C236C69737420446174614C697374206173206974656D3E0A20202020202020202020202020202020202020203C703E3C696D6720737263203D2022247B696E7465726E616C55726C286974656D2E70617468297D22207374796C653D2277696474683A3130302522202F3E3C2F703E0A20202020202020202020202020202020202020203C70207374796C653D22746578742D616C67696E3A63656E746572223E247B6974656D2E6465736372697074696F6E212761277D202D20247B6974656D2E726564697265637455726C212762277D3C2F703E0A20202020202020202020202020202020202020203C2F236C6973743E0A2020202020202020202020202020202020203C2F40636D735F696D6167653E0A20202020202020202020202020203C2F6469763E0A2020202020202020202020203C2F6469763E0A202020202020202020203C2F6469763E0A20202020202020203C2F6469763E0A2020202020203C2F6469763E0A0A2020202020203C64697620636C6173733D22636F6C2D6C672D33223E0A20202020202020203C64697620636C6173733D22626C6F672D736964652D6974656D223E0A202020202020202020203C64697620636C6173733D227365617263682D726F77223E0A2020202020202020202020203C696E70757420747970653D22746578742220636C6173733D22666F726D2D636F6E74726F6C2220706C616365686F6C6465723D225365617263682068657265223E0A202020202020202020203C2F6469763E0A202020202020202020203C23696620436174616C6F672E706172656E744964213D303E0A202020202020202020203C40636D735F636174616C6F672069643D22247B436174616C6F672E616E636573746F72735B302E2E28436174616C6F672E616E636573746F72733F696E6465785F6F6628273A27292D31295D7D22206C6576656C3D224368696C64222073697A653D223130223E0A2020202020202020202020203C23696620546F74616C3F3F20262620546F74616C202667743B20303E0A20202020202020202020202020203C64697620636C6173733D2263617465676F7279223E0A202020202020202020202020202020203C68333E0A202020202020202020202020202020202020247B436174616C6F672E6E616D657D0A202020202020202020202020202020203C2F68333E0A202020202020202020202020202020203C756C20636C6173733D226C6973742D756E7374796C6564223E0A2020202020202020202020202020202020203C236C69737420446174614C697374206173206368696C643E0A20202020202020202020202020202020202020203C6C693E0A202020202020202020202020202020202020202020203C6120687265663D22247B6368696C642E6C696E6B7D223E0A2020202020202020202020202020202020202020202020203C6920636C6173733D2266612066612D616E676C652D72696768742070722D3130223E0A2020202020202020202020202020202020202020202020203C2F693E0A202020202020202020202020202020202020202020202020247B6368696C642E6E616D657D0A202020202020202020202020202020202020202020203C2F613E0A20202020202020202020202020202020202020203C2F6C693E0A2020202020202020202020202020202020203C2F236C6973743E0A202020202020202020202020202020203C2F756C3E0A20202020202020202020202020203C2F6469763E0A2020202020202020202020203C2F2369663E0A202020202020202020203C2F40636D735F636174616C6F673E0A202020202020202020203C2F2369663E0A202020202020202020203C64697620636C6173733D22626C6F672D706F7374223E0A2020202020202020202020203C68333EE69C80E8BF91E69BB4E696B03C2F68333E0A2020202020202020202020203C40636D735F636F6E74656E7420636174616C6F67616C6961733D226E65777322206C6576656C3D2243757272656E74416E644368696C64222073697A653D2235223E0A20202020202020202020202020203C236C69737420446174614C69737420617320636F6E74656E743E0A202020202020202020202020202020203C64697620636C6173733D226D65646961223E0A2020202020202020202020202020202020203C23696620636F6E74656E742E6C6F676F5372633F3F3E0A20202020202020202020202020202020202020203C6120636C6173733D2270756C6C2D6C6566742220687265663D226A6176617363726970743A3B223E0A202020202020202020202020202020202020202020203C696D6720636C6173733D222022207372633D22247B5265736F757263655072656669787D247B636F6E74656E742E6C6F676F5372637D2220616C743D22247B636F6E74656E742E7469746C657D223E0A20202020202020202020202020202020202020203C2F613E0A2020202020202020202020202020202020203C2F2369663E0A2020202020202020202020202020202020203C64697620636C6173733D226D656469612D626F6479223E0A20202020202020202020202020202020202020203C683520636C6173733D226D656469612D68656164696E67223E0A202020202020202020202020202020202020202020203C6120687265663D22247B636F6E74656E742E6C696E6B7D223E0A2020202020202020202020202020202020202020202020203C23696620636F6E74656E742E7469746C653F6C656E677468202667743B2036303E247B636F6E74656E742E7469746C655B302E2E36305D7D3C23656C73653E247B636F6E74656E742E7469746C657D3C2F2369663E0A202020202020202020202020202020202020202020203C2F613E0A20202020202020202020202020202020202020203C2F68353E0A20202020202020202020202020202020202020203C703E247B64617465466F726D617428636F6E74656E742E7075626C69736844617465297D3C2F703E0A2020202020202020202020202020202020203C2F6469763E0A202020202020202020202020202020203C2F6469763E0A20202020202020202020202020203C2F236C6973743E0A2020202020202020202020203C2F40636D735F636F6E74656E743E0A202020202020202020203C2F6469763E0A20202020202020203C2F6469763E0A2020202020203C2F6469763E0A202020203C2F6469763E0A20203C2F6469763E0A20203C212D2D636F6E7461696E657220656E642D2D3E0A0A20203C212D2D666F6F7465722073746172742D2D3E0A20203C40636D735F696E636C7564652066696C653D22666F6F7465722E74656D706C6174652E68746D6C223E3C2F40636D735F696E636C7564653E0A20203C212D2D736D616C6C20666F6F74657220656E642D2D3E0A0A20203C212D2D206A7320706C616365642061742074686520656E64206F662074686520646F63756D656E7420736F20746865207061676573206C6F616420666173746572202D2D3E0A20203C736372697074207372633D22247B5072656669787D6A732F6A71756572792E6A73223E0A20203C2F7363726970743E0A20203C736372697074207372633D22247B5072656669787D6A732F626F6F7473747261702E6D696E2E6A73223E0A20203C2F7363726970743E0A20203C73637269707420747970653D22746578742F6A61766173637269707422207372633D22247B5072656669787D6A732F686F7665722D64726F70646F776E2E6A73223E0A20203C2F7363726970743E0A20203C736372697074206465666572207372633D22247B5072656669787D6A732F6A71756572792E666C6578736C696465722E6A73223E0A20203C2F7363726970743E0A20203C73637269707420747970653D22746578742F6A61766173637269707422207372633D22247B5072656669787D6173736574732F6278736C696465722F6A71756572792E6278736C696465722E6A73223E0A20203C2F7363726970743E0A0A20203C736372697074207372633D22247B5072656669787D6A732F6A71756572792E656173696E672E6D696E2E6A73223E0A20203C2F7363726970743E0A20203C736372697074207372633D22247B5072656669787D6A732F6C696E6B2D686F7665722E6A73223E0A20203C2F7363726970743E0A0A0A20203C212D2D636F6D6D6F6E2073637269707420666F7220616C6C2070616765732D2D3E0A20203C736372697074207372633D22247B5072656669787D6A732F636F6D6D6F6E2D736372697074732E6A73223E0A20203C2F7363726970743E0A0A0A20203C736372697074207372633D22247B5072656669787D6A732F776F772E6D696E2E6A73223E0A20203C2F7363726970743E0A20203C7363726970743E0A20202020776F77203D206E657720574F57280A2020202020207B0A2020202020202020626F78436C6173733A2027776F77272C2020202020202F2F2064656661756C740A2020202020202020616E696D617465436C6173733A2027616E696D61746564272C202F2F2064656661756C740A20202020202020206F66667365743A2030202020202020202020202F2F2064656661756C740A2020202020207D0A20202020290A20202020776F772E696E697428293B0A20203C2F7363726970743E0A3C2F626F64793E0A0A3C2F68746D6C3E, 7670, 1711357916000, '__system', '2023-03-09 19:22:13', '__system', '2024-05-28 14:29:59', NULL);
INSERT INTO `cms_template` VALUES (5, 1630092239507464193, 'pc', 'detail_product.template.html', 0x3C21444F43545950452068746D6C3E0A3C68746D6C206C616E673D22656E223E0A0A3C686561643E0A20203C6D65746120636861727365743D227574662D38223E0A20203C6D657461206E616D653D2276696577706F72742220636F6E74656E743D2277696474683D6465766963652D77696474682C20696E697469616C2D7363616C653D312E30223E0A20203C6D657461206E616D653D226465736372697074696F6E2220636F6E74656E743D22446576656C6F706564204279204D20416264757220526F6B69622050726F6D79223E0A20203C6D657461206E616D653D22617574686F722220636F6E74656E743D22636F736D6963223E0A20203C6D657461206E616D653D226B6579776F7264732220636F6E74656E743D22426F6F74737472617020332C2054656D706C6174652C205468656D652C20526573706F6E736976652C20436F72706F726174652C20427573696E657373223E0A20203C6C696E6B2072656C3D2273686F72746375742069636F6E2220687265663D22247B5072656669787D696D672F66617669636F6E2E706E67223E0A20203C7469746C653E247B436F6E74656E742E7469746C657D5F247B536974652E6E616D657D3C2F7469746C653E0A0A20203C212D2D20426F6F74737472617020636F726520435353202D2D3E0A20203C6C696E6B20687265663D22247B5072656669787D6373732F626F6F7473747261702E6D696E2E637373222072656C3D227374796C657368656574223E0A20203C6C696E6B20687265663D22247B5072656669787D6373732F7468656D652E637373222072656C3D227374796C657368656574223E0A20203C6C696E6B20687265663D22247B5072656669787D6373732F626F6F7473747261702D72657365742E637373222072656C3D227374796C657368656574223E0A20203C212D2D65787465726E616C206373732D2D3E0A20203C6C696E6B20687265663D22247B5072656669787D6173736574732F666F6E742D617765736F6D652F6373732F666F6E742D617765736F6D652E637373222072656C3D227374796C65736865657422202F3E0A20203C6C696E6B2072656C3D227374796C6573686565742220687265663D22247B5072656669787D6373732F666C6578736C696465722E63737322202F3E0A20203C6C696E6B20687265663D22247B5072656669787D6173736574732F6278736C696465722F6A71756572792E6278736C696465722E637373222072656C3D227374796C65736865657422202F3E0A20203C6C696E6B2072656C3D227374796C6573686565742220687265663D22247B5072656669787D6373732F616E696D6174652E637373223E0A20203C6C696E6B20687265663D27687474703A2F2F666F6E74732E676F6F676C65617069732E636F6D2F6373733F66616D696C793D4C61746F272072656C3D277374796C6573686565742720747970653D27746578742F637373273E0A0A0A20203C212D2D20437573746F6D207374796C657320666F7220746869732074656D706C617465202D2D3E0A20203C6C696E6B20687265663D22247B5072656669787D6373732F7374796C652E637373222072656C3D227374796C657368656574223E0A20203C6C696E6B20687265663D22247B5072656669787D6373732F7374796C652D726573706F6E736976652E637373222072656C3D227374796C65736865657422202F3E0A0A20203C212D2D2048544D4C35207368696D20616E6420526573706F6E642E6A732049453820737570706F7274206F662048544D4C3520746F6F6C746970737320616E64206D656469612071756572696573202D2D3E0A20203C212D2D5B6966206C7420494520395D3E0A3C736372697074207372633D22247B5072656669787D6A732F68746D6C35736869762E6A73223E0A3C2F7363726970743E0A3C736372697074207372633D22247B5072656669787D6A732F726573706F6E642E6D696E2E6A73223E0A3C2F7363726970743E0A3C215B656E6469665D2D2D3E0A0A3C7363726970743E77696E646F772E5F78795F636D73203D207B20636174616C6F675F69643A2027247B436174616C6F672E636174616C6F6749647D272C20636F6E74656E745F69643A2027247B436F6E74656E742E636F6E74656E7449647D27207D3B3C2F7363726970743E0A3C7374796C653E0A2E70616765626172207B206865696768743A20353070783B207D0A2E706167656261722061207B20626F726465723A2031707820736F6C696420233438636661643B2070616464696E673A20337078203870783B206D617267696E3A2030203270783B207D0A2E7061676562617220612E63757272656E74207B206261636B67726F756E642D636F6C6F723A20233438636661643B20636F6C6F723A20236666663B207D0A2E61727469636C655F636F6E7461696E6572207461626C65207B2077696474683A2031303025207D0A3C2F7374796C653E0A3C2F686561643E0A0A3C626F64793E0A20203C212D2D6865616465722073746172742D2D3E0A20203C40636D735F696E636C7564652066696C653D226865616465722E74656D706C6174652E68746D6C223E3C2F40636D735F696E636C7564653E0A20203C212D2D68656164657220656E642D2D3E0A0A20203C212D2D62726561646372756D62732073746172742D2D3E0A20203C64697620636C6173733D2262726561646372756D6273223E0A202020203C64697620636C6173733D22636F6E7461696E6572223E0A2020202020203C64697620636C6173733D22726F77223E0A20202020202020203C64697620636C6173733D22636F6C2D6C672D3420636F6C2D736D2D34223E0A202020202020202020203C68313E247B436174616C6F672E6E616D657D3C2F68313E0A20202020202020203C2F6469763E0A20202020202020203C64697620636C6173733D22636F6C2D6C672D3820636F6C2D736D2D3822207374796C653D22746578742D616C69676E3A72696768743B70616464696E672D746F703A203570783B223E0A202020202020202020203C6120636C6173733D22706F736974696F6E2220687265663D22247B536974652E6C696E6B7D223EE9A696E9A1B53C2F613E0A202020202020202020203C236C69737420436174616C6F672E616E636573746F72733F73706C697428223A222920617320636174616C6F6749643E0A2020202020202020202020203C40636D735F636174616C6F672069643D22247B636174616C6F6749647D22206C6576656C3D2253656C66223E0A20202020202020202020202020203C236C69737420446174614C69737420617320636174616C6F673E0A20202020202020202020202020202020203E203C6120636C6173733D22706F736974696F6E2220687265663D22247B636174616C6F672E6C696E6B7D223E247B636174616C6F672E6E616D657D3C2F613E0A20202020202020202020202020203C2F236C6973743E0A2020202020202020202020203C2F40636D735F636174616C6F673E0A202020202020202020203C2F236C6973743E0A20202020202020203C2F6469763E0A2020202020203C2F6469763E0A202020203C2F6469763E0A20203C2F6469763E0A20203C212D2D62726561646372756D627320656E642D2D3E0A0A20203C212D2D636F6E7461696E65722073746172742D2D3E0A20203C64697620636C6173733D22636F6E7461696E6572223E0A202020203C64697620636C6173733D22726F77223E0A2020202020203C212D2D626C6F672073746172742D2D3E0A2020202020203C64697620636C6173733D22636F6C2D6C672D39223E0A20202020202020203C64697620636C6173733D22626C6F672D6974656D223E0A202020202020202020203C64697620636C6173733D22726F77223E0A2020202020202020202020203C64697620636C6173733D22636F6C2D6C672D3220636F6C2D736D2D32223E0A20202020202020202020202020203C64697620636C6173733D22646174652D77726170223E0A202020202020202020202020202020203C7370616E20636C6173733D2264617465223E0A202020202020202020202020202020202020247B64617465466F726D617428436F6E74656E742E7075626C697368446174652C20274D4D2F646427297D0A202020202020202020202020202020203C2F7370616E3E0A202020202020202020202020202020203C7370616E20636C6173733D226D6F6E7468223E0A202020202020202020202020202020202020247B64617465466F726D617428436F6E74656E742E7075626C697368446174652C20277979797927297D0A202020202020202020202020202020203C2F7370616E3E0A20202020202020202020202020203C2F6469763E0A20202020202020202020202020203C64697620636C6173733D22617574686F72223E0A2020202020202020202020202020202042790A202020202020202020202020202020203C6120687265663D2223223E0A202020202020202020202020202020202020247B436F6E74656E742E617574686F7221536974652E6E616D657D0A202020202020202020202020202020203C2F613E0A20202020202020202020202020203C2F6469763E0A20202020202020202020202020203C64697620636C6173733D2273742D76696577223E0A202020202020202020202020202020203C756C20636C6173733D226C6973742D756E7374796C6564223E0A2020202020202020202020202020202020203C6C693E0A20202020202020202020202020202020202020203C6120687265663D226A6176617363726970743A3B223E0A20202020202020202020202020202020202020202020247B72616E646F6D496E74283130303030297D266E6273703BE79C8BE8BF870A20202020202020202020202020202020202020203C2F613E0A2020202020202020202020202020202020203C2F6C693E0A2020202020202020202020202020202020203C6C693E0A20202020202020202020202020202020202020203C6120687265663D226A6176617363726970743A3B223E0A20202020202020202020202020202020202020202020247B72616E646F6D496E74283230297D266E6273703BE58886E4BAABE8BF870A20202020202020202020202020202020202020203C2F613E0A2020202020202020202020202020202020203C2F6C693E0A2020202020202020202020202020202020203C212D2D203C6C693E0A202020202020202020202020202020202020202020203C6120687265663D226A6176617363726970743A3B223E0A2020202020202020202020202020202020202020202020203135266E6273703BE8AF84E8AEBA0A202020202020202020202020202020202020202020203C2F613E0A20202020202020202020202020202020202020203C2F6C693E202D2D3E0A202020202020202020202020202020203C2F756C3E0A20202020202020202020202020203C2F6469763E0A2020202020202020202020203C2F6469763E0A2020202020202020202020203C64697620636C6173733D22636F6C2D6C672D313020636F6C2D736D2D3130223E0A20202020202020202020202020203C6831207374796C653D226D617267696E2D746F703A303B223E0A202020202020202020202020202020203C6120687265663D226A6176617363726970743A766F69642830293B223E0A202020202020202020202020202020202020247B436F6E74656E742E7469746C657D0A202020202020202020202020202020203C2F613E0A20202020202020202020202020203C2F68313E0A20202020202020202020202020203C64697620636C6173733D2261727469636C655F636F6E7461696E6572223E0A202020202020202020202020202020203C40636D735F61727469636C6520636F6E74656E7449643D22247B436F6E74656E742E636F6E74656E7449647D2220706167653D2274727565223E0A20202020202020202020202020202020247B68746D6C496E7465726E616C55726C2841727469636C65436F6E74656E74297D0A202020202020202020202020202020203C2F40636D735F61727469636C653E0A20202020202020202020202020203C2F6469763E0A090909090909090909093C2369662050616765546F74616C202667743B20313E0A202020202020202020202020202020203C64697620636C6173733D22746578742D63656E7465722070616765626172223E0A2020202020202020202020202020202020203C23696620506167654E6F202667743B20313E0A20202020202020202020202020202020202020203C6120687265663D22247B4F74686572506167653F7265706C61636528277B307D272C20506167654E6F2D31297D223E20E4B88AE4B880E9A1B5203C2F613E0A20202020202020202020202020202020202020203C2F2369663E0A2020202020202020202020202020202020203C236C69737420312E2E50616765546F74616C20617320706E3E0A2020202020202020202020202020202020203C23696620706E203D3D20313E0A20202020202020202020202020202020202020203C23696620506167654E6F203D3D20706E3E3C6120687265663D226A6176617363726970743A766F69642830293B2220636C6173733D2263757272656E74223E247B706E7D3C2F613E3C23656C73653E3C6120687265663D22247B4669727374506167657D223E247B706E7D3C2F613E3C2F2369663E0A2020202020202020202020202020202020203C23656C73653E0A20202020202020202020202020202020202020203C23696620506167654E6F203D3D20706E3E3C6120687265663D226A6176617363726970743A766F69642830293B2220636C6173733D2263757272656E74223E247B706E7D3C2F613E3C23656C73653E3C6120687265663D22247B4F74686572506167653F7265706C61636528277B307D272C20706E297D223E247B706E7D3C2F613E3C2F2369663E0A2020202020202020202020202020202020203C2F2369663E0A202020202020202020202020202020203C2F236C6973743E0A2020202020202020202020202020202020203C23696620506167654E6F20266C743B2050616765546F74616C3E0A20202020202020202020202020202020202020203C6120687265663D22247B4F74686572506167653F7265706C61636528277B307D272C20506167654E6F2B31297D223E20E4B88BE4B880E9A1B5203C2F613E0A20202020202020202020202020202020202020203C2F2369663E0A202020202020202020202020202020203C2F6469763E0A20202020202020202020202020203C2F2369663E0A2020202020202020202020203C2F6469763E0A202020202020202020203C2F6469763E0A20202020202020203C2F6469763E0A2020202020203C2F6469763E0A0A2020202020203C64697620636C6173733D22636F6C2D6C672D33223E0A20202020202020203C64697620636C6173733D22626C6F672D736964652D6974656D223E0A202020202020202020203C64697620636C6173733D227365617263682D726F77223E0A2020202020202020202020203C696E70757420747970653D22746578742220636C6173733D22666F726D2D636F6E74726F6C2220706C616365686F6C6465723D225365617263682068657265223E0A202020202020202020203C2F6469763E0A202020202020202020203C64697620636C6173733D22626C6F672D706F7374223E0A2020202020202020202020203C68333EE696B0E59381E58F91E5B8833C2F68333E0A2020202020202020202020203C40636D735F636F6E74656E7420636174616C6F67616C6961733D2270726F6475637422206C6576656C3D2243757272656E74416E644368696C642220736F72743D22526563656E742220706167653D2266616C7365222073697A653D2235223E0A2020202020202020202020203C236C69737420446174614C697374206173206974656D3E0A2020202020202020202020203C64697620636C6173733D226D65646961223E0A20202020202020202020202020203C236966206974656D2E6C6F676F3F3F3E0A2020202020202020202020202020093C6120636C6173733D2270756C6C2D6C6566742220687265663D22247B6974656D2E6C696E6B7D223E0A202020202020202020202020202020203C696D67207372633D22247B696D61676553697A65286974656D2E6C6F676F2C3234302C20323430297D2220616C743D22247B6974656D2E7469746C657D22207374796C653D2277696474683A313230707822202F3E0A20202020202020202020202020203C2F613E0A20202020202020202020202020203C2F2369663E0A20202020202020202020202020203C64697620636C6173733D226D656469612D626F6479223E0A202020202020202020202020202020203C683520636C6173733D226D656469612D68656164696E67223E0A2020202020202020202020202020202020203C6120687265663D22247B6974656D2E6C696E6B7D223E0A0909090909247B286974656D2E7469746C65212727295B302E2E2A36305D7D0A2020202020202020202020202020202020203C2F613E0A202020202020202020202020202020203C2F68353E0A202020202020202020202020202020203C703E247B64617465466F726D6174286974656D2E7075626C697368446174652C22797979792D4D4D2D646422297D3C2F703E0A20202020202020202020202020203C2F6469763E0A2020202020202020202020203C2F6469763E0A2020202020202020202020203C2F236C6973743E0A2020202020202020202020203C2F40636D735F636F6E74656E743E0A202020202020202020203C2F6469763E0A20202020202020203C2F6469763E0A2020202020203C2F6469763E0A202020203C2F6469763E0A20203C2F6469763E0A20203C212D2D636F6E7461696E657220656E642D2D3E0A0A20203C212D2D666F6F7465722073746172742D2D3E0A20203C40636D735F696E636C7564652066696C653D22666F6F7465722E74656D706C6174652E68746D6C223E3C2F40636D735F696E636C7564653E0A20203C212D2D736D616C6C20666F6F74657220656E642D2D3E0A0A20203C212D2D206A7320706C616365642061742074686520656E64206F662074686520646F63756D656E7420736F20746865207061676573206C6F616420666173746572202D2D3E0A20203C736372697074207372633D22247B5072656669787D6A732F6A71756572792E6A73223E0A20203C2F7363726970743E0A20203C736372697074207372633D22247B5072656669787D6A732F626F6F7473747261702E6D696E2E6A73223E0A20203C2F7363726970743E0A20203C73637269707420747970653D22746578742F6A61766173637269707422207372633D22247B5072656669787D6A732F686F7665722D64726F70646F776E2E6A73223E0A20203C2F7363726970743E0A20203C736372697074206465666572207372633D22247B5072656669787D6A732F6A71756572792E666C6578736C696465722E6A73223E0A20203C2F7363726970743E0A20203C73637269707420747970653D22746578742F6A61766173637269707422207372633D22247B5072656669787D6173736574732F6278736C696465722F6A71756572792E6278736C696465722E6A73223E0A20203C2F7363726970743E0A0A20203C736372697074207372633D22247B5072656669787D6A732F6A71756572792E656173696E672E6D696E2E6A73223E0A20203C2F7363726970743E0A20203C736372697074207372633D22247B5072656669787D6A732F6C696E6B2D686F7665722E6A73223E0A20203C2F7363726970743E0A0A0A20203C212D2D636F6D6D6F6E2073637269707420666F7220616C6C2070616765732D2D3E0A20203C736372697074207372633D22247B5072656669787D6A732F636F6D6D6F6E2D736372697074732E6A73223E0A20203C2F7363726970743E0A0A0A20203C736372697074207372633D22247B5072656669787D6A732F776F772E6D696E2E6A73223E0A20203C2F7363726970743E0A20203C7363726970743E0A20202020776F77203D206E657720574F57280A2020202020207B0A2020202020202020626F78436C6173733A2027776F77272C2020202020202F2F2064656661756C740A2020202020202020616E696D617465436C6173733A2027616E696D61746564272C202F2F2064656661756C740A20202020202020206F66667365743A2030202020202020202020202F2F2064656661756C740A2020202020207D0A20202020290A20202020776F772E696E697428293B0A20203C2F7363726970743E0A3C2F626F64793E0A0A3C2F68746D6C3E, 7534, 1711357912000, '__system', '2023-03-09 19:22:13', '__system', '2024-05-28 14:29:59', NULL);
INSERT INTO `cms_template` VALUES (6, 1630092239507464193, 'pc', 'faq.template.html', 0x3C21444F43545950452068746D6C3E0A3C68746D6C206C616E673D22656E223E0A20203C686561643E0A202020203C6D65746120636861727365743D227574662D38223E0A202020203C6D657461206E616D653D2276696577706F72742220636F6E74656E743D2277696474683D6465766963652D77696474682C20696E697469616C2D7363616C653D312E30223E0A202020203C6D657461206E616D653D226465736372697074696F6E2220636F6E74656E743D22446576656C6F706564204279204D20416264757220526F6B69622050726F6D79223E0A202020203C6D657461206E616D653D22617574686F722220636F6E74656E743D22636F736D6963223E0A202020203C6D657461206E616D653D226B6579776F7264732220636F6E74656E743D22426F6F74737472617020332C2054656D706C6174652C205468656D652C20526573706F6E736976652C20436F72706F726174652C20427573696E657373223E0A202020203C6C696E6B2072656C3D2273686F72746375742069636F6E2220687265663D22247B5072656669787D696D672F66617669636F6E2E706E67223E0A202020203C7469746C653E247B436174616C6F672E6E616D657D5F247B536974652E6E616D657D3C2F7469746C653E0A202020203C212D2D20426F6F74737472617020636F726520435353202D2D3E0A202020203C6C696E6B20687265663D22247B5072656669787D6373732F626F6F7473747261702E6D696E2E637373222072656C3D227374796C657368656574223E0A202020203C6C696E6B20687265663D22247B5072656669787D6373732F7468656D652E637373222072656C3D227374796C657368656574223E0A202020203C6C696E6B20687265663D22247B5072656669787D6373732F626F6F7473747261702D72657365742E637373222072656C3D227374796C657368656574223E0A202020203C212D2D65787465726E616C206373732D2D3E0A202020203C6C696E6B20687265663D22247B5072656669787D6173736574732F666F6E742D617765736F6D652F6373732F666F6E742D617765736F6D652E637373222072656C3D227374796C65736865657422202F3E0A202020203C6C696E6B2072656C3D227374796C6573686565742220687265663D22247B5072656669787D6373732F666C6578736C696465722E637373222F3E0A202020203C6C696E6B20687265663D22247B5072656669787D6173736574732F6278736C696465722F6A71756572792E6278736C696465722E637373222072656C3D227374796C65736865657422202F3E0A202020203C6C696E6B2072656C3D227374796C6573686565742220687265663D22247B5072656669787D6373732F616E696D6174652E637373223E0A202020203C6C696E6B20687265663D27687474703A2F2F666F6E74732E676F6F676C65617069732E636F6D2F6373733F66616D696C793D4C61746F272072656C3D277374796C6573686565742720747970653D27746578742F637373273E0A0A202020203C212D2D20437573746F6D207374796C657320666F7220746869732074656D706C617465202D2D3E0A202020203C6C696E6B20687265663D22247B5072656669787D6373732F7374796C652E637373222072656C3D227374796C657368656574223E0A202020203C6C696E6B20687265663D22247B5072656669787D6373732F7374796C652D726573706F6E736976652E637373222072656C3D227374796C65736865657422202F3E0A0A202020203C212D2D2048544D4C35207368696D20616E6420526573706F6E642E6A732049453820737570706F7274206F662048544D4C3520746F6F6C746970737320616E64206D656469612071756572696573202D2D3E0A202020203C212D2D5B6966206C7420494520395D3E0A2020202020203C736372697074207372633D22247B5072656669787D6A732F68746D6C35736869762E6A73223E3C2F7363726970743E0A2020202020203C736372697074207372633D22247B5072656669787D6A732F726573706F6E642E6D696E2E6A73223E3C2F7363726970743E0A202020203C215B656E6469665D2D2D3E0A3C7363726970743E77696E646F772E5F78795F636D73203D207B20636174616C6F675F69643A2027247B436174616C6F672E636174616C6F6749647D27207D3B3C2F7363726970743E0A20203C2F686561643E0A0A20203C626F64793E0A202020203C212D2D6865616465722073746172742D2D3E0A202020203C40636D735F696E636C7564652066696C653D226865616465722E74656D706C6174652E68746D6C223E3C2F40636D735F696E636C7564653E0A202020203C212D2D68656164657220656E642D2D3E0A0A202020203C212D2D62726561646372756D62732073746172742D2D3E0A202020203C64697620636C6173733D2262726561646372756D6273223E0A20202020202020203C64697620636C6173733D22636F6E7461696E6572223E0A2020202020202020202020203C64697620636C6173733D22726F77223E0A202020202020202020202020202020203C64697620636C6173733D22636F6C2D6C672D3420636F6C2D736D2D34223E0A20202020202020202020202020202020202020203C68313E247B436174616C6F672E6E616D657D3C2F68313E0A202020202020202020202020202020203C2F6469763E0A2020202020202020202020203C2F6469763E0A20202020202020203C2F6469763E0A202020203C2F6469763E0A202020203C212D2D62726561646372756D627320656E642D2D3E0A0A202020203C212D2D636F6E7461696E65722073746172742D2D3E0A0A20202020202020203C73656374696F6E2069643D22666171223E0A0A20202020202020203C64697620636C6173733D22636F6E7461696E6572223E0A2020202020202020202020203C64697620636C6173733D22726F77223E0A202020202020202020202020202020203C64697620636C6173733D22636F6C2D6D642D313020636F6C2D6D642D6F66667365742D31206D61722D622D3330223E0A0A202020202020202020202020202020203C6469762069643D2268656164696E67223E0A2020202020202020202020202020202020203C683120636C6173733D22776F7720666C6970496E58223E462E412E512E3C2F68313E0A202020202020202020202020202020203C2F6469763E0A0A20202020202020202020202020202020202020203C64697620636C6173733D2270616E656C2D67726F757020776F772066616465496E5570222069643D226163636F7264696F6E2220646174612D776F772D6475726174696F6E3D223273223E0A20202020202020202020202020202020202020203C212D2D2F2F2F2F2F2F2F2F2F2F204163636F7264696F6E20546F67676C65202F2F2F2F2F2F2F2F2F2F2D2D3E0A0909090909093C40636D735F636F6E74656E7420636174616C6F6769643D22247B436174616C6F672E636174616C6F6749647D22206C6576656C3D2243757272656E74416E644368696C642220706167653D2266616C7365222073697A653D22313030223E0A2020202020202020202020202020202020202020202020203C212D2D2050414E454C2031202D2D3E0A2020202020202020202020202020202020202020202020203C236C69737420446174614C69737420617320636F6E74656E743E0A2020202020202020202020202020202020202020202020203C64697620636C6173733D2270616E656C2070616E656C2D64656661756C74223E0A202020202020202020202020202020202020202020202020202020203C64697620636C6173733D2270616E656C2D68656164696E672070616E656C2D68656164696E672D666171223E0A20202020202020202020202020202020202020202020202020202020202020203C683420636C6173733D2270616E656C2D7469746C65223E0A2020202020202020202020202020202020202020202020202020202020202020202020203C6120636C6173733D226163636F7264696F6E2D746F67676C652220646174612D746F67676C653D22636F6C6C617073652220646174612D706172656E743D22236163636F7264696F6E2220687265663D2223636F6C6C617073654F6E652D247B636F6E74656E742E636F6E74656E7449647D223E0A202020202020202020202020202020202020202020202020202020202020202020202020247B636F6E74656E742E7469746C657D0A2020202020202020202020202020202020202020202020202020202020202020202020203C2F613E0A20202020202020202020202020202020202020202020202020202020202020203C2F68343E0A202020202020202020202020202020202020202020202020202020203C2F6469763E0A0A202020202020202020202020202020202020202020202020202020203C6469762069643D22636F6C6C617073654F6E652D247B636F6E74656E742E636F6E74656E7449647D2220636C6173733D2270616E656C2D636F6C6C6170736520636F6C6C61707365223E0A20202020202020202020202020202020202020202020202020202020202020203C64697620636C6173733D2270616E656C2D626F64792070616E656C2D666171223E0A202020202020202020202020202020202020202020202020202020202020202020203C40636D735F61727469636C6520636F6E74656E7449643D22247B636F6E74656E742E636F6E74656E7449647D223E0A2020202020202020202020202020202020202020202020202020202020202020202020203C703E247B636C65617248746D6C5461672841727469636C65436F6E74656E74297D3C2F703E0A202020202020202020202020202020202020202020202020202020202020202020203C2F40636D735F61727469636C653E0A20202020202020202020202020202020202020202020202020202020202020203C2F6469763E0A202020202020202020202020202020202020202020202020202020203C2F6469763E0A2020202020202020202020202020202020202020202020203C2F6469763E0A2020202020202020202020202020202020202020202020203C2F236C6973743E0A2020202020202020202020202020202020202020202020203C2F40636D735F636F6E74656E743E0A20202020202020202020202020202020202020203C2F6469763E0A202020202020202020202020202020203C2F6469763E3C212D2D202F636F6C2D6D642D3130202D2D3E0A2020202020202020202020203C2F6469763E0A20202020202020203C2F6469763E0A202020203C2F73656374696F6E3E0A202020203C212D2D636F6E7461696E657220656E642D2D3E0A0A20202020203C212D2D666F6F7465722073746172742D2D3E0A20202020203C40636D735F696E636C7564652066696C653D22666F6F7465722E74656D706C6174652E68746D6C223E3C2F40636D735F696E636C7564653E0A20202020203C212D2D736D616C6C20666F6F74657220656E642D2D3E0A0A20203C212D2D206A7320706C616365642061742074686520656E64206F662074686520646F63756D656E7420736F20746865207061676573206C6F616420666173746572202D2D3E0A202020203C736372697074207372633D22247B5072656669787D6A732F6A71756572792D312E382E332E6D696E2E6A73223E3C2F7363726970743E0A202020203C736372697074207372633D22247B5072656669787D6A732F626F6F7473747261702E6D696E2E6A73223E3C2F7363726970743E0A202020203C73637269707420747970653D22746578742F6A61766173637269707422207372633D22247B5072656669787D6A732F686F7665722D64726F70646F776E2E6A73223E3C2F7363726970743E0A202020203C736372697074206465666572207372633D22247B5072656669787D6A732F6A71756572792E666C6578736C696465722E6A73223E3C2F7363726970743E0A202020203C73637269707420747970653D22746578742F6A61766173637269707422207372633D22247B5072656669787D6173736574732F6278736C696465722F6A71756572792E6278736C696465722E6A73223E3C2F7363726970743E0A0A202020203C73637269707420747970653D22746578742F6A61766173637269707422207372633D22247B5072656669787D6A732F6A71756572792E706172616C6C61782D312E312E332E6A73223E3C2F7363726970743E0A202020203C736372697074207372633D22247B5072656669787D6A732F776F772E6D696E2E6A73223E3C2F7363726970743E0A202020203C736372697074207372633D22247B5072656669787D6173736574732F6F776C6361726F7573656C2F6F776C2E6361726F7573656C2E6A73223E3C2F7363726970743E0A0A202020203C736372697074207372633D22247B5072656669787D6A732F6A71756572792E656173696E672E6D696E2E6A73223E3C2F7363726970743E0A202020203C736372697074207372633D22247B5072656669787D6A732F6C696E6B2D686F7665722E6A73223E3C2F7363726970743E0A0A202020203C736372697074207372633D22247B5072656669787D6173736574732F66616E6379626F782F736F757263652F6A71756572792E66616E6379626F782E7061636B2E6A73223E3C2F7363726970743E0A0A202020203C212D2D636F6D6D6F6E2073637269707420666F7220616C6C2070616765732D2D3E0A202020203C736372697074207372633D22247B5072656669787D6A732F636F6D6D6F6E2D736372697074732E6A73223E3C2F7363726970743E0A0A202020203C736372697074207372633D22247B5072656669787D6A732F726576756C6174696F6E2D736C6964652E6A73223E3C2F7363726970743E0A0A202020203C73637269707420747970653D22746578742F6A617661736372697074223E0A20202020202020206A517565727928646F63756D656E74292E72656164792866756E6374696F6E2829207B0A0A0A2020202020202020202020202428272E6278736C696465723127292E6278536C69646572287B0A202020202020202020202020202020206D696E536C696465733A20352C0A202020202020202020202020202020206D6178536C696465733A20362C0A20202020202020202020202020202020736C69646557696474683A203336302C0A20202020202020202020202020202020736C6964654D617267696E3A20322C0A202020202020202020202020202020206D6F7665536C696465733A20312C0A20202020202020202020202020202020726573706F6E736976653A20747275652C0A202020202020202020202020202020206E65787453656C6563746F723A202723736C696465722D6E657874272C0A202020202020202020202020202020207072657653656C6563746F723A202723736C696465722D70726576272C0A202020202020202020202020202020206E657874546578743A20274F6E7761726420E28692272C0A2020202020202020202020202020202070726576546578743A2027E2869020476F206261636B270A2020202020202020202020207D293B0A20202020202020207D293B0A0A0A202020203C2F7363726970743E0A20203C7363726970743E0A0A202020202020242877696E646F77292E6C6F61642866756E6374696F6E2829207B0A202020202020202020202428272E666C6578736C6964657227292E666C6578736C69646572287B0A2020202020202020202020202020616E696D6174696F6E3A2022736C696465222C0A202020202020202020202020202073746172743A2066756E6374696F6E28736C6964657229207B0A202020202020202020202020202020202020242827626F647927292E72656D6F7665436C61737328276C6F6164696E6727293B0A20202020202020202020202020207D0A202020202020202020207D293B0A2020202020207D293B0A0A202020202020776F77203D206E657720574F57280A202020202020202020207B0A202020202020202020202020626F78436C6173733A202020202027776F77272C2020202020202F2F2064656661756C740A202020202020202020202020616E696D617465436C6173733A2027616E696D61746564272C202F2F2064656661756C740A2020202020202020202020206F66667365743A2020202020202030202020202020202020202F2F2064656661756C740A202020202020202020207D0A2020202020202020290A2020202020202020776F772E696E697428293B0A202020203C2F7363726970743E0A0A20203C2F626F64793E0A3C2F68746D6C3E0A, 6057, 1712829264000, '__system', '2023-03-09 19:22:13', '__system', '2024-05-28 14:29:59', NULL);
INSERT INTO `cms_template` VALUES (7, 1630092239507464193, 'pc', 'footer.template.html', 0x3C666F6F74657220636C6173733D22666F6F746572223E0A20203C64697620636C6173733D22636F6E7461696E6572223E0A202020203C64697620636C6173733D22726F77223E0A2020202020203C64697620636C6173733D22636F6C2D6C672D3320636F6C2D736D2D33206164647265737320776F772066616465496E55702220646174612D776F772D6475726174696F6E3D2232732220646174612D776F772D64656C61793D222E3173223E0A20202020202020203C68313EE88194E7B3BBE68891E4BBAC3C2F68313E0A20202020202020203C616464726573733E0A090920203C40636D735F736974655F70726F7065727479207369746569643D22247B536974652E7369746549647D2220706167653D2266616C7365222073697A653D223130223E0A090920203C236C69737420446174614C6973742061732070726F703E0A090920203C2369662070726F702E70726F70436F6465203D3D202761646472657373273E0A202020202020202020203C703E3C6920636C6173733D2266612066612D686F6D652070722D3130223E3C2F693EE59CB0E59D80EFBC9A247B70726F702E70726F7056616C75657D3C2F703E0A090920203C2F2369663E0A090920203C2369662070726F702E70726F70436F6465203D3D2027636F6E74616374273E0A202020202020202020203C703E3C6920636C6173733D2266612066612D676C6F62652070722D3130223E3C2F693EE88194E7B3BBE4BABAEFBC9A247B70726F702E70726F7056616C75657D3C2F703E0A090920203C2F2369663E0A090920203C2369662070726F702E70726F70436F6465203D3D202770686F6E65273E0A202020202020202020203C703E3C6920636C6173733D2266612066612D70686F6E652070722D3130223E3C2F693EE794B520E8AF9DEFBC9A20247B70726F702E70726F7056616C75657D3C2F703E0A090920203C2F2369663E0A090920203C2369662070726F702E70726F70436F6465203D3D20277171273E0A202020202020202020203C703E3C6920636C6173733D2266612066612D70686F6E652070722D3130223E3C2F693E5151EFBC9A20247B70726F702E70726F7056616C75657D3C2F703E0A090920203C2F2369663E0A090920203C2369662070726F702E70726F70436F6465203D3D2027656D61696C273E0A202020202020202020203C703E3C6920636C6173733D2266612066612D656E76656C6F70652070722D3130223E3C2F693E456D61696C3A203C6120687265663D226A6176617363726970743A3B220A20202020202020202020202020207469746C653D22E8AFB7E68A8A23E69BBFE68DA2E6889040223E247B70726F702E70726F7056616C75657D3C2F613E3C2F703E0A090920203C2F2369663E0A090920203C2369662070726F702E70726F70436F6465203D3D202777656273697465273E0A202020202020202020203C703E3C6920636C6173733D2266612066612D676C6F62652070722D3130223E3C2F693EE7BD91E59D80EFBC9A3C6120687265663D22247B536974652E6C696E6B7D223E247B70726F702E70726F7056616C75657D3C2F613E3C2F703E0A090920203C2F2369663E0A090920203C2F236C6973743E0A090920203C2F40636D735F736974655F70726F70657274793E0A20202020202020203C2F616464726573733E0A2020202020203C2F6469763E0A2020202020203C64697620636C6173733D22636F6C2D6C672D3320636F6C2D736D2D3320776F772066616465496E55702220646174612D776F772D6475726174696F6E3D2232732220646174612D776F772D64656C61793D222E3373223E0A20202020202020203C68313EE69C80E696B0E58AA8E680813C2F68313E0A20202020202020203C6469762069643D226F776C2D736C696465223E0A202020202020202020203C40636D735F636F6E74656E7420636174616C6F67616C6961733D226E65777322206C6576656C3D2243757272656E74416E644368696C642220706167653D2266616C7365222073697A653D2233223E0A2020202020202020202020203C236C69737420446174614C69737420617320636F6E74656E743E0A20202020202020202020202020203C64697620636C6173733D2274776565742D626F78223E0A202020202020202020202020202020203C6120687265663D22247B636F6E74656E742E6C696E6B7D22207374796C653D22636F6C6F723A236666663B223E20247B636F6E74656E742E7469746C657D203C2F613E0A20202020202020202020202020203C2F6469763E0A2020202020202020202020203C2F236C6973743E0A202020202020202020203C2F40636D735F636F6E74656E743E0A20202020202020203C2F6469763E0A2020202020203C2F6469763E0A2020202020203C64697620636C6173733D22636F6C2D6C672D3320636F6C2D736D2D33223E0A20202020202020203C64697620636C6173733D22706167652D666F6F74657220776F772066616465496E55702220646174612D776F772D6475726174696F6E3D2232732220646174612D776F772D64656C61793D222E3573223E0A202020202020202020203C68313EE585ACE58FB8E4BB8BE7BB8D3C2F68313E0A202020202020202020203C756C20636C6173733D22706167652D666F6F7465722D6C697374223E0A2020202020202020202020203C40636D735F636174616C6F6720616C6961733D22636F6D70616E7922206C6576656C3D224368696C642220706167653D2266616C7365222073697A653D2235223E0A20202020202020202020202020203C236C69737420446174614C69737420617320636174616C6F673E0A202020202020202020202020202020203C6C693E3C6920636C6173733D2266612066612D616E676C652D7269676874223E3C2F693E3C6120687265663D22247B636174616C6F672E6C696E6B7D223E247B636174616C6F672E6E616D657D3C2F613E3C2F6C693E0A20202020202020202020202020203C2F236C6973743E0A2020202020202020202020203C2F40636D735F636174616C6F673E0A202020202020202020203C2F756C3E0A20202020202020203C2F6469763E0A2020202020203C2F6469763E0A2020202020203C64697620636C6173733D22636F6C2D6C672D3320636F6C2D736D2D3320636F6D70616E79696E666F223E0A0A20202020202020203C64697620636C6173733D22776F772066616465496E55702220646174612D776F772D6475726174696F6E3D2232732220646174612D776F772D64656C61793D222E3773223E0A202020202020202020203C68313EE585ACE58FB8E7AE80E4BB8B3C2F68313E0A202020202020202020203C70207374796C653D22746578742D696E64656E743A2032656D3B746578742D616C69676E3A6A7573746966793B746578742D6A7573746966793A696E7465722D6964656F67726170683B223E0A202020202020202020202020E6B7B1E59CB3E5B882E6809DE5A881E68EA7E887AAE58AA8E58C96E8AEBEE5A487E69C89E99990E585ACE58FB8E698AFE4B880E5AEB6E4B893E4B89AE4BB8EE4BA8BE887AAE58AA8E58C96E8A7A3E586B3E696B9E6A188E38081484D49E4BABAE69CBAE7958CE99DA2E4BAA7E59381E38081E5B7A5E4B89AE68EA7E588B6E599A8E38081E699BAE883BDE789A9E88194E4BAA7E59381E7949FE4BAA7E5928CE99480E594AEE79A84E6B7B1E59CB3E5B882E9AB98E696B0E5928CE59BBDE5AEB6E9AB98E696B0E4BC81E4B89AE38082E585ACE58FB8E7AB8BE5BF97E4B8BAE588B6E980A0E4B89AE38081E887AAE58AA8E58C96E58AA0E5B7A5E4BAA7E4B89AE68F90E4BE9BE9AB98E69588E79A84E8A7A3E586B3E696B9E6A188E5928CE4BAA7E59381EFBC8CE4B8BAE4BC81E4B89AE7949FE4BAA7E7AEA1E79086E68F90E4BE9BE9AB98E69588E4BEBFE68DB7E79A84E7949FE4BAA7E699BAEFBC8CE5B8AEE58AA9E5AEA2E688B7E59091E5B7A5E4B89A342E30E38081E699BAE883BDE588B6E980A0E38081E697A0E4BABAE5B7A5E58E82E7AD89E887AAE58AA8E58C96E696B9E59091E58F91E5B195E38082E682A8E79A84E6BBA1E6848FE698AFE68891E4BBACE6B0B8E8BF9CE79A84E8BFBDE6B182EFBC810A202020202020202020203C2F703E0A20202020202020203C2F6469763E0A2020202020203C2F6469763E0A0A202020203C2F6469763E0A0A20203C2F6469763E0A3C2F666F6F7465723E0A3C212D2D20666F6F74657220656E64202D2D3E0A3C212D2D736D616C6C20666F6F746572207374617274202D2D3E0A3C666F6F74657220636C6173733D22666F6F7465722D736D616C6C223E0A20203C64697620636C6173733D22636F6E7461696E6572223E0A202020203C64697620636C6173733D22726F77223E0A2020202020203C64697620636C6173733D22636F70797269676874223E0A20202020202020203C703E26636F70793B20436F707972696768742032303039202D203230313520E6B7B1E59CB3E5B882E6809DE5A881E68EA7E887AAE58AA8E58C96E8AEBEE5A487E69C89E99990E585ACE58FB82E20416C6C205269676874732052657365727665642E202D205B203C61C2A0687265663D22687474703A0A2020202020202020202020202F2F7777772E626569616E2E6D6969742E676F762E636E2F22C2A07461726765743D225F626C616E6B2220C2A07374796C653D22636F6C6F723A236666663B223EE7B2A4494350E5A4873133303438393536E58FB72D313C2F613E205D3C2F703E0A2020202020203C2F6469763E0A2020202020203C6469763E0A2020202020203C40636D735F6C696E6B20636F64653D22696E646578222073697A653D2232223E0A20202020202020203C236C69737420446174614C697374206173206C696E6B3E0A20202020202020202020247B6C696E6B2E6E616D657D0A202020202020202020203C2F236C6973743E0A20202020202020203C2F40636D735F6C696E6B3E0A2020202020203C2F6469763E0A202020203C2F6469763E0A20203C2F6469763E0A3C2F666F6F7465723E0A3C73637269707420747970653D22746578742F6A617661736372697074223E0A20202866756E6374696F6E202829207B0A202020207661722071203D205B5D3B0A20202020712E707573682827683D27202B2077696E646F772E6C6F636174696F6E2E686F7374293B0A20202020712E707573682827703D27202B2077696E646F772E6C6F636174696F6E2E687265662E737562737472696E672877696E646F772E6C6F636174696F6E2E687265662E696E6465784F662877696E646F772E6C6F636174696F6E2E706174686E616D652929293B0A20202020712E7075736828277369643D247B536974652E7369746549647D27293B0A202020206966202877696E646F772E5F78795F636D732026262077696E646F772E5F78795F636D732E636174616C6F675F69642026262077696E646F772E5F78795F636D732E636174616C6F675F69642E6C656E677468203E20302920712E7075736828276369643D27202B205F78795F636D732E636174616C6F675F6964293B0A202020206966202877696E646F772E5F78795F636D732026262077696E646F772E5F78795F636D732E636F6E74656E745F69642026262077696E646F772E5F78795F636D732E636F6E74656E745F69642E6C656E677468203E20302920712E70757368282769643D27202B205F78795F636D732E636F6E74656E745F6964293B0A202020207661722073203D20646F63756D656E742E637265617465456C656D656E74282273637269707422293B0A20202020732E737263203D2027247B4170695072656669787D6170692F737461742F76697369743F27202B20712E6A6F696E28272627293B0A2020202028646F63756D656E742E676574456C656D656E747342795461674E616D6528226865616422295B305D207C7C20646F63756D656E742E676574456C656D656E747342795461674E616D652822626F647922295B305D292E617070656E644368696C642873293B0A20207D2928293B0A3C2F7363726970743E0A3C7363726970743E0A2020766172205F686D74203D205F686D74207C7C205B5D3B0A20202866756E6374696F6E202829207B0A2020202076617220686D203D20646F63756D656E742E637265617465456C656D656E74282273637269707422293B0A20202020686D2E737263203D202268747470733A2F2F686D2E62616964752E636F6D2F686D2E6A733F3266386632373436653466383530393632313533653862636530313466666262223B0A202020207661722073203D20646F63756D656E742E676574456C656D656E747342795461674E616D65282273637269707422295B305D3B0A20202020732E706172656E744E6F64652E696E736572744265666F726528686D2C2073293B0A20207D2928293B0A3C2F7363726970743E, 4679, 1711357466000, '__system', '2023-03-09 19:22:13', '__system', '2024-05-28 14:30:00', NULL);
INSERT INTO `cms_template` VALUES (8, 1630092239507464193, 'pc', 'header.template.html', 0x3C68656164657220636C6173733D22686561642D73656374696F6E223E0A20203C64697620636C6173733D226E6176626172206E61766261722D64656661756C74206E61766261722D7374617469632D746F7020636F6E7461696E6572223E0A202020203C64697620636C6173733D226E61766261722D686561646572223E0A2020202020203C627574746F6E20636C6173733D226E61766261722D746F67676C652220646174612D7461726765743D222E6E61766261722D636F6C6C617073652220646174612D746F67676C653D22636F6C6C617073652220747970653D22627574746F6E223E0A20202020202020203C7370616E20636C6173733D2269636F6E2D626172223E3C2F7370616E3E0A20202020202020203C7370616E20636C6173733D2269636F6E2D626172223E3C2F7370616E3E0A20202020202020203C7370616E20636C6173733D2269636F6E2D626172223E3C2F7370616E3E0A2020202020203C2F627574746F6E3E0A2020202020203C6120636C6173733D226E61766261722D6272616E642220687265663D22247B536974652E6C696E6B7D223E3C7370616E3EE6809DE5A881E68EA73C2F7370616E3E3C2F613E0A202020203C2F6469763E0A202020203C64697620636C6173733D226E61766261722D636F6C6C6170736520636F6C6C61707365223E0A2020202020203C756C20636C6173733D226E6176206E61766261722D6E6176223E0A20202020202020203C6C693E0A202020202020202020203C6120687265663D22247B536974652E6C696E6B7D223EE9A696E9A1B53C2F613E0A20202020202020203C2F6C693E0A20202020202020203C40636D735F636174616C6F6720616C6961733D226E65777322206C6576656C3D2253656C66223E0A202020202020202020203C236C69737420446174614C6973742061732070636174616C6F673E0A2020202020202020202020203C6C6920636C6173733D2264726F70646F776E223E0A20202020202020202020202020203C6120636C6173733D2264726F70646F776E2D746F67676C652220646174612D636C6F73652D6F74686572733D2266616C73652220646174612D64656C61793D22302220646174612D686F7665723D2264726F70646F776E220A20202020202020202020202020202020646174612D746F67676C653D2264726F70646F776E2220687265663D22247B70636174616C6F672E6C696E6B7D223E247B70636174616C6F672E6E616D657D203C6920636C6173733D2266612066612D616E676C652D646F776E223E3C2F693E0A20202020202020202020202020203C2F613E0A20202020202020202020202020203C756C20636C6173733D2264726F70646F776E2D6D656E75223E0A202020202020202020202020202020203C40636D735F636174616C6F672069643D22247B70636174616C6F672E636174616C6F6749647D22206C6576656C3D224368696C64223E0A2020202020202020202020202020202020203C236C69737420446174614C69737420617320636174616C6F673E0A20202020202020202020202020202020202020203C6C693E0A202020202020202020202020202020202020202020203C6120687265663D22247B636174616C6F672E6C696E6B7D223E247B636174616C6F672E6E616D657D3C2F613E0A20202020202020202020202020202020202020203C2F6C693E0A2020202020202020202020202020202020203C2F236C6973743E0A202020202020202020202020202020203C2F40636D735F636174616C6F673E0A20202020202020202020202020203C2F756C3E0A2020202020202020202020203C2F6C693E0A202020202020202020203C2F236C6973743E0A20202020202020203C2F40636D735F636174616C6F673E0A20202020202020203C40636D735F636174616C6F6720616C6961733D2270726F6475637422206C6576656C3D2253656C66223E0A202020202020202020203C236C69737420446174614C69737420617320636174616C6F673E0A2020202020202020202020203C6C693E0A20202020202020202020202020203C6120687265663D22247B636174616C6F672E6C696E6B7D223E247B636174616C6F672E6E616D657D3C2F613E0A2020202020202020202020203C2F6C693E0A202020202020202020203C2F236C6973743E0A20202020202020203C2F40636D735F636174616C6F673E0A20202020202020203C40636D735F636174616C6F6720616C6961733D226361736522206C6576656C3D2253656C66223E0A202020202020202020203C236C69737420446174614C69737420617320636174616C6F673E0A2020202020202020202020203C6C693E0A20202020202020202020202020203C6120687265663D22247B636174616C6F672E6C696E6B7D223E247B636174616C6F672E6E616D657D3C2F613E0A2020202020202020202020203C2F6C693E0A202020202020202020203C2F236C6973743E0A20202020202020203C2F40636D735F636174616C6F673E0A20202020202020203C6C6920636C6173733D2264726F70646F776E223E0A202020202020202020203C40636D735F636174616C6F6720616C6961733D22737570706F727422206C6576656C3D2253656C66223E0A2020202020202020202020203C236C69737420446174614C69737420617320636174616C6F673E0A20202020202020202020202020203C6120636C6173733D2264726F70646F776E2D746F67676C652220646174612D636C6F73652D6F74686572733D2266616C73652220646174612D64656C61793D22302220646174612D686F7665723D2264726F70646F776E220A20202020202020202020202020202020646174612D746F67676C653D2264726F70646F776E2220687265663D22247B636174616C6F672E6C696E6B7D223E247B636174616C6F672E6E616D657D203C6920636C6173733D2266612066612D616E676C652D646F776E223E3C2F693E0A20202020202020202020202020203C2F613E0A2020202020202020202020203C2F236C6973743E0A202020202020202020203C2F40636D735F636174616C6F673E0A202020202020202020203C756C20636C6173733D2264726F70646F776E2D6D656E75223E0A2020202020202020202020203C40636D735F636174616C6F6720616C6961733D22646F776E6C6F616422206C6576656C3D2253656C66223E0A20202020202020202020202020203C236C69737420446174614C6973742061732070636174616C6F673E0A202020202020202020202020202020203C6C6920636C6173733D2264726F70646F776E2D7375626D656E75223E0A2020202020202020202020202020202020203C6120687265663D22247B70636174616C6F672E6C696E6B7D2220746162696E6465783D222D31223E247B70636174616C6F672E6E616D657D3C2F613E0A2020202020202020202020202020202020203C756C20636C6173733D2264726F70646F776E2D6D656E75223E0A20202020202020202020202020202020202020203C6C6920636C6173733D2264726F70646F776E2D7375626D656E75223E3C2F6C693E0A20202020202020202020202020202020202020203C40636D735F636174616C6F672069643D22247B70636174616C6F672E636174616C6F6749647D22206C6576656C3D224368696C64223E0A202020202020202020202020202020202020202020203C236C69737420446174614C69737420617320636174616C6F673E0A2020202020202020202020202020202020202020202020203C6C693E0A20202020202020202020202020202020202020202020202020203C6120687265663D22247B636174616C6F672E6C696E6B7D223E247B636174616C6F672E6E616D657D3C2F613E0A2020202020202020202020202020202020202020202020203C2F6C693E0A202020202020202020202020202020202020202020203C2F236C6973743E0A20202020202020202020202020202020202020203C2F40636D735F636174616C6F673E0A2020202020202020202020202020202020203C2F756C3E0A202020202020202020202020202020203C2F6C693E0A20202020202020202020202020203C2F236C6973743E0A2020202020202020202020203C2F40636D735F636174616C6F673E0A202020202020202020203C2F756C3E0A20202020202020203C2F6C693E0A20202020202020203C40636D735F636174616C6F6720616C6961733D227475746F7269616C22206C6576656C3D2253656C66223E0A202020202020202020203C236C69737420446174614C69737420617320636174616C6F673E0A2020202020202020202020203C6C693E0A20202020202020202020202020203C6120687265663D22247B636174616C6F672E6C696E6B7D223E247B636174616C6F672E6E616D657D3C2F613E0A2020202020202020202020203C2F6C693E0A202020202020202020203C2F236C6973743E0A20202020202020203C2F40636D735F636174616C6F673E0A20202020202020203C40636D735F636174616C6F6720616C6961733D22636F6D70616E7922206C6576656C3D2253656C66223E0A202020202020202020203C236C69737420446174614C6973742061732070636174616C6F673E0A2020202020202020202020203C6C6920636C6173733D2264726F70646F776E223E0A20202020202020202020202020203C6120636C6173733D2264726F70646F776E2D746F67676C652220646174612D636C6F73652D6F74686572733D2266616C73652220646174612D64656C61793D22302220646174612D686F7665723D2264726F70646F776E220A20202020202020202020202020202020646174612D746F67676C653D2264726F70646F776E2220687265663D2223223E247B70636174616C6F672E6E616D657D203C6920636C6173733D2266612066612D616E676C652D646F776E223E3C2F693E0A20202020202020202020202020203C2F613E0A20202020202020202020202020203C756C20636C6173733D2264726F70646F776E2D6D656E75223E0A202020202020202020202020202020203C40636D735F636174616C6F672069643D22247B70636174616C6F672E636174616C6F6749647D22206C6576656C3D224368696C64223E0A2020202020202020202020202020202020203C236C69737420446174614C69737420617320636174616C6F673E0A20202020202020202020202020202020202020203C6C693E0A202020202020202020202020202020202020202020203C6120687265663D22247B636174616C6F672E6C696E6B7D223E247B636174616C6F672E6E616D657D3C2F613E0A20202020202020202020202020202020202020203C2F6C693E0A2020202020202020202020202020202020203C2F236C6973743E0A202020202020202020202020202020203C2F40636D735F636174616C6F673E0A20202020202020202020202020203C2F756C3E0A2020202020202020202020203C2F6C693E0A202020202020202020203C2F236C6973743E0A20202020202020203C2F40636D735F636174616C6F673E0A09093C6C693E3C696E70757420636C6173733D22666F726D2D636F6E74726F6C207365617263682220706C616365686F6C6465723D2220536561726368222069643D226865616465725F7365617263682220747970653D2274657874223E3C2F6C693E0A2020202020203C2F756C3E0A202020203C2F6469763E0A20203C2F6469763E0A3C2F6865616465723E0A3C7363726970743E0A0977696E646F772E6F6E6C6F6164203D2066756E6374696F6E2829207B20200A0909646F63756D656E742E676574456C656D656E744279496428276865616465725F73656172636827292E6164644576656E744C697374656E657228276B65797570272C2066756E6374696F6E286576656E7429207B20200A09092020696620286576656E742E6B6579203D3D3D2027456E7465722729207B0A090909766172206C696E6B203D2022247B4973507265766965773F7468656E284170695072656669782C20507265666978297D247B64796E616D6963506167654C696E6B2827536561726368272C66616C7365297D223B0A090909696620286C696E6B2E696E6465784F6628273F2729203E202D3129207B0A09090920206C696E6B202B3D202226713D22202B20242827236865616465725F73656172636827292E76616C28293B0A0909097D20656C7365207B0A09090920206C696E6B202B3D20223F713D22202B20242827236865616465725F73656172636827292E76616C28293B0A0909097D0A09090977696E646F772E6C6F636174696F6E2E68726566203D206C696E6B3B0A090920207D20200A09097D293B200A097D3B0A3C2F7363726970743E, 4642, 1709720212000, '__system', '2023-03-09 19:22:13', '__system', '2024-05-28 14:30:00', NULL);
INSERT INTO `cms_template` VALUES (9, 1630092239507464193, 'pc', 'index.template.html', 0x3C21444F43545950452068746D6C3E0A3C68746D6C206C616E673D22656E223E0A0A3C686561643E0A20203C6D65746120636861727365743D227574662D38223E0A20203C6D657461206E616D653D2276696577706F72742220636F6E74656E743D2277696474683D6465766963652D77696474682C20696E697469616C2D7363616C653D312E30223E0A20203C6D657461206E616D653D226465736372697074696F6E2220636F6E74656E743D22446576656C6F706564204279204D20416264757220526F6B69622050726F6D79223E0A20203C6D657461206E616D653D22617574686F722220636F6E74656E743D22636F736D6963223E0A20203C6D657461206E616D653D226B6579776F7264732220636F6E74656E743D22426F6F74737472617020332C2054656D706C6174652C205468656D652C20526573706F6E736976652C20436F72706F726174652C20427573696E657373223E0A20203C6C696E6B2072656C3D2273686F72746375742069636F6E2220687265663D22247B5072656669787D696D672F66617669636F6E2E706E67223E0A20203C7469746C653E0A202020203C23696620536974652E73656F5469746C653F3F20262620536974652E73656F5469746C6520213D22223E247B536974652E73656F5469746C657D3C23656C73653E247B536974652E6E616D657D3C2F2369663E0A20203C2F7469746C653E0A20203C212D2D20426F6F74737472617020636F726520435353202D2D3E0A20203C6C696E6B20687265663D22247B5072656669787D6373732F626F6F7473747261702E6D696E2E637373222072656C3D227374796C657368656574223E0A20203C6C696E6B20687265663D22247B5072656669787D6373732F7468656D652E637373222072656C3D227374796C657368656574223E0A20203C6C696E6B20687265663D22247B5072656669787D6373732F626F6F7473747261702D72657365742E637373222072656C3D227374796C657368656574223E0A20203C212D2D203C6C696E6B20687265663D22247B5072656669787D6373732F626F6F7473747261702E6D696E2E637373222072656C3D227374796C657368656574223E2D2D3E0A0A20203C212D2D65787465726E616C206373732D2D3E0A20203C6C696E6B20687265663D22247B5072656669787D6173736574732F666F6E742D617765736F6D652F6373732F666F6E742D617765736F6D652E637373222072656C3D227374796C65736865657422202F3E0A20203C6C696E6B2072656C3D227374796C6573686565742220687265663D22247B5072656669787D6373732F666C6578736C696465722E63737322202F3E0A20203C6C696E6B20687265663D22247B5072656669787D6173736574732F6278736C696465722F6A71756572792E6278736C696465722E637373222072656C3D227374796C65736865657422202F3E0A20203C6C696E6B2072656C3D227374796C6573686565742220687265663D22247B5072656669787D6373732F616E696D6174652E637373223E0A20203C6C696E6B2072656C3D227374796C6573686565742220687265663D22247B5072656669787D6173736574732F6F776C6361726F7573656C2F6F776C2E6361726F7573656C2E637373223E0A20203C6C696E6B2072656C3D227374796C6573686565742220687265663D22247B5072656669787D6173736574732F6F776C6361726F7573656C2F6F776C2E7468656D652E637373223E0A0A20203C6C696E6B20687265663D22247B5072656669787D6373732F7375706572666973682E637373222072656C3D227374796C65736865657422206D656469613D2273637265656E223E0A20203C6C696E6B20687265663D27687474703A2F2F666F6E74732E676F6F676C65617069732E636F6D2F6373733F66616D696C793D4C61746F272072656C3D277374796C6573686565742720747970653D27746578742F637373273E0A0A20203C212D2D20437573746F6D207374796C657320666F7220746869732074656D706C617465202D2D3E0A20203C6C696E6B2072656C3D227374796C6573686565742220747970653D22746578742F6373732220687265663D22247B5072656669787D6373732F636F6D706F6E656E742E637373223E0A20203C6C696E6B20687265663D22247B5072656669787D6373732F7374796C652E637373222072656C3D227374796C657368656574223E0A20203C6C696E6B20687265663D22247B5072656669787D6373732F7374796C652D726573706F6E736976652E637373222072656C3D227374796C65736865657422202F3E0A0A20203C6C696E6B2072656C3D227374796C6573686565742220747970653D22746578742F6373732220687265663D22247B5072656669787D6373732F706172616C6C61782D736C696465722F706172616C6C61782D736C696465722E63737322202F3E0A20203C73637269707420747970653D22746578742F6A61766173637269707422207372633D22247B5072656669787D6A732F706172616C6C61782D736C696465722F6D6F6465726E697A722E637573746F6D2E32383436382E6A73223E0A20203C2F7363726970743E0A0A20203C212D2D2048544D4C35207368696D20616E6420526573706F6E642E6A732049453820737570706F7274206F662048544D4C3520746F6F6C746970737320616E64206D656469612071756572696573202D2D3E0A20203C212D2D5B6966206C7420494520395D3E0A202020203C736372697074207372633D22247B5072656669787D6A732F68746D6C35736869762E6A73223E0A202020203C2F7363726970743E0A202020203C736372697074207372633D22247B5072656669787D6A732F726573706F6E642E6D696E2E6A73223E0A202020203C2F7363726970743E0A202020203C215B656E6469665D2D2D3E0A3C2F686561643E0A0A3C626F64793E0A20203C212D2D6865616465722073746172742D2D3E0A20203C40636D735F696E636C7564652066696C653D226865616465722E74656D706C6174652E68746D6C223E3C2F40636D735F696E636C7564653E0A20203C212D2D68656164657220656E642D2D3E0A0A20203C212D2D2053657175656E6365204D6F6465726E20536C69646572202D2D3E0A20203C6469762069643D2264612D736C696465722220636C6173733D2264612D736C69646572223E0A202020203C40636D735F7061676577696467657420636F64653D22696E6465785F62616E6E6572223E3C2F40636D735F706167657769646765743E0A0A202020203C6E617620636C6173733D2264612D6172726F7773223E0A2020202020203C7370616E20636C6173733D2264612D6172726F77732D70726576223E0A2020202020203C2F7370616E3E0A2020202020203C7370616E20636C6173733D2264612D6172726F77732D6E657874223E0A2020202020203C2F7370616E3E0A202020203C2F6E61763E0A20203C2F6469763E0A0A20203C64697620636C6173733D22636F6E7461696E6572223E0A202020203C64697620636C6173733D22726F77206D61722D622D3530223E0A2020202020203C64697620636C6173733D22636F6C2D6D642D3132223E0A20202020202020203C64697620636C6173733D22746578742D63656E74657220666561747572652D6865616420776F772066616465496E446F776E223E0A202020202020202020203C683120636C6173733D22223EE6ACA2E8BF8EE69DA5E588B0E6809DE5A881E68EA7247B72616E646F6D496E74283130302C353030297D3C2F68313E0A20202020202020203C2F6469763E0A0A0A20202020202020203C64697620636C6173733D22666561747572652D626F78223E0A202020202020202020203C64697620636C6173733D22636F6C2D6D642D3420636F6C2D736D2D3420746578742D63656E74657220776F772066616465496E5570223E0A2020202020202020202020203C64697620636C6173733D22666561747572652D626F782D68656164696E67223E0A20202020202020202020202020203C656D3E0A202020202020202020202020202020203C696D67207372633D22247B5072656669787D696D672F312E706E672220616C743D22222077696474683D2231303022206865696768743D22313030223E0A0A20202020202020202020202020203C2F656D3E0A20202020202020202020202020203C68343E0A202020202020202020202020202020203C623EE68891E4BBACE689BFE8AFBA3C2F623E0A20202020202020202020202020203C2F68343E0A2020202020202020202020203C2F6469763E0A2020202020202020202020203C7020636C6173733D22746578742D63656E746572223E0A2020202020202020202020202020E6809DE5A881E68EA7E5A78BE7BB88E794A8E69C80E4B8A5E6A0BCE79A84E6A087E58786E99EADE7AD96E887AAE8BAABE58F91E5B195EFBC8CE58588E8BF9BE79A84E68A80E69CAFE38081E9AB98E69588E79A84E588B6E980A0E38081E7BC9CE5AF86E79A84E6B58BE8AF95E4B88EE585A8E79083E680A7E4B893E4B89AE68A80E69CAFE694AFE68C81E380820A2020202020202020202020203C2F703E0A202020202020202020203C2F6469763E0A202020202020202020203C64697620636C6173733D22636F6C2D6D642D3420636F6C2D736D2D3420746578742D63656E74657220776F772066616465496E5570223E0A2020202020202020202020203C64697620636C6173733D22666561747572652D626F782D68656164696E67223E0A20202020202020202020202020203C656D3E0A202020202020202020202020202020203C696D67207372633D22247B5072656669787D696D672F322E706E672220616C743D22222077696474683D2231303022206865696768743D22313030223E0A20202020202020202020202020203C2F656D3E0A20202020202020202020202020203C68343E0A202020202020202020202020202020203C623EE5BA94E794A8E5B9BFE6B39B3C2F623E0A20202020202020202020202020203C2F68343E0A2020202020202020202020203C2F6469763E0A2020202020202020202020203C7020636C6173733D22746578742D63656E746572223E0A2020202020202020202020202020E5B9BFE6B39BE98082E794A8E4BA8EE7BABAE7BB87E38081E794B5E6B094E38081E58C85E8A385E38081E79FB3E6B2B9E38081E58C96E5B7A5E7AD89E8A18CE4B89AE38082E4BAA7E59381E59CA832303136E5B9B4E68EA8E587BAE5B882E59CBAE5908EE5BFABE9809FE5A29EE995BFEFBC8CE8B5A2E5BE97E5B882E59CBAE5A5BDE8AF84E4B88EE4BFA1E8B596E380820A2020202020202020202020203C2F703E0A202020202020202020203C2F6469763E0A202020202020202020203C64697620636C6173733D22636F6C2D6D642D3420636F6C2D736D2D3420746578742D63656E74657220776F772066616465496E5570223E0A2020202020202020202020203C64697620636C6173733D22666561747572652D626F782D68656164696E67223E0A20202020202020202020202020203C656D3E0A202020202020202020202020202020203C696D67207372633D22247B5072656669787D696D672F332E706E672220616C743D22222077696474683D2231303022206865696768743D22313030223E0A20202020202020202020202020203C2F656D3E0A20202020202020202020202020203C68343E0A202020202020202020202020202020203C623EE68A80E69CAFE694AFE68C813C2F623E0A20202020202020202020202020203C2F68343E0A2020202020202020202020203C2F6469763E0A2020202020202020202020203C7020636C6173733D22746578742D63656E746572223E0A202020202020202020202020202037783234E5B08FE697B6E4B893E4B89AE68A80E69CAFE59BA2E9989FE4B8BAE682A8E68F90E4BE9BE5A49AE6B8A0E98193E68A80E69CAFE694AFE68C81EFBC8CE7A1AEE4BF9DE59CA8E4BBBBE4BD95E697B6E997B4E38081E4BBBBE4BD95E59CB0E782B9E983BDE883BDE4B88EE6809DE5A881E68EA7E58F96E5BE97E88194E7BB9CE380820A2020202020202020202020203C2F703E0A202020202020202020203C2F6469763E0A20202020202020203C2F6469763E0A0A20202020202020203C212D2D6665617475726520656E642D2D3E0A2020202020203C2F6469763E0A202020203C2F6469763E0A20203C2F6469763E0A0A0A20203C212D2D70726F70657274792073746172742D2D3E0A20203C64697620636C6173733D2270726F706572747920677261792D626722207374796C653D226D617267696E2D626F74746F6D3A3270783B223E0A202020203C64697620636C6173733D22636F6E7461696E6572223E0A2020202020203C64697620636C6173733D22726F77223E0A20202020202020203C64697620636C6173733D22636F6C2D6C672D3620636F6C2D736D2D3620746578742D63656E74657220776F772066616465496E4C656674223E0A202020202020202020203C696D67207372633D22247B5072656669787D696D672F746162312E706E672220616C743D22223E0A20202020202020203C2F6469763E0A20202020202020203C64697620636C6173733D22636F6C2D6C672D3620636F6C2D736D2D3620776F772066616465496E5269676874223E0A202020202020202020203C68313E0A202020202020202020202020444BE7B3BBE58897E4BAA7E593810A202020202020202020203C2F68313E0A202020202020202020203C68723E0A202020202020202020203C703E0A2020202020202020202020203C6920636C6173733D2266612066612D636865636B2066612D6C672070722D3130223E0A2020202020202020202020203C2F693E0A202020202020202020202020362E35E4B887E889B2EFBC8C353030E6B581E6988EE4BAAEE5BAA6EFBC8C4C4544E8838CE58589E6A8A1E59D97EFBC8C34E7BABFE794B5E998BBE5BC8FE8A7A6E691B8E99DA2E69DBFE380820A202020202020202020203C2F703E0A202020202020202020203C703E0A2020202020202020202020203C6920636C6173733D2266612066612D636865636B2066612D6C672070722D3130223E0A2020202020202020202020203C2F693E0A202020202020202020202020435055E4BDBFE794A841524D393236656A2D732052495343EFBC8CE8BF90E8A18CE58685E5AD9836344D42EFBC8CE695B0E68DAEE5AD98E582A83132384D42E380820A202020202020202020203C2F703E0A202020202020202020203C703E0A2020202020202020202020203C6920636C6173733D2266612066612D636865636B2066612D6C672070722D3130223E0A2020202020202020202020203C2F693E0A202020202020202020202020E59FBAE4BA8EE59BBDE4BDB3E7BB84E68081E5BC80E58F91E5B9B3E58FB0EFBC8CE694AFE68C814C696E7578E4BA8CE6ACA1E5BC80E58F91E380820A202020202020202020203C2F703E0A202020202020202020203C703E0A2020202020202020202020203C6920636C6173733D2266612066612D636865636B2066612D6C672070722D3130223E0A2020202020202020202020203C2F693E0A2020202020202020202020204345E8AEA4E8AF81EFBC9A454E35353033322F454E3535303234EFBC8CE7ACA6E59088464343E38081436C6173732041EFBC8C33E7BAA7E99D99E794B5E7AD89E7BAA7E38081C2B13630303056EFBC8C31303030562041562FE58886E9929F20E88090E58E8BE6B58BE8AF95EFBC8C49503635E5898DE99DA2E69DBFE380820A202020202020202020203C2F703E0A202020202020202020203C703E0A2020202020202020202020203C6920636C6173733D2266612066612D636865636B2066612D6C672070722D3130223E0A2020202020202020202020203C2F693E0A202020202020202020202020E6B8A9E5BAA6E99BB6E4B88B3230C2B0202D203630C2B0EFBC8CE6B9BFE5BAA631302D39302520EFBC885248EFBC89EFBC8C31302D3235487AEFBC8858595AE696B9E590912032472F33E58886E9929FEFBC89E998B2E99C87E380820A202020202020202020203C2F703E0A202020202020202020203C68723E0A202020202020202020203C40636D735F636174616C6F6720616C6961733D2270726F6475637422206C6576656C3D2253656C66223E0A2020202020202020202020203C236C69737420446174614C69737420617320636174616C6F673E0A20202020202020202020202020203C6120687265663D22247B636174616C6F672E6C696E6B7D2220636C6173733D2262746E2062746E2D7075726368617365223EE69FA5E79C8BE8AFA6E683853C2F613E0A2020202020202020202020203C2F236C6973743E0A202020202020202020203C2F40636D735F636174616C6F673E0A20202020202020203C2F6469763E0A2020202020203C2F6469763E0A202020203C2F6469763E0A20203C2F6469763E0A20203C64697620636C6173733D2270726F706572747920677261792D6267223E0A202020203C64697620636C6173733D22636F6E7461696E6572223E0A2020202020203C64697620636C6173733D22726F77223E0A20202020202020203C64697620636C6173733D22636F6C2D6C672D3620636F6C2D736D2D3620746578742D63656E74657220776F772066616465496E4C656674223E0A202020202020202020203C696D67207372633D22247B5072656669787D696D672F746162322E706E672220616C743D22223E0A20202020202020203C2F6469763E0A20202020202020203C64697620636C6173733D22636F6C2D6C672D3620636F6C2D736D2D3620776F772066616465496E5269676874223E0A202020202020202020203C68313E0A202020202020202020202020474BE7B3BBE58897E4BAA7E593810A202020202020202020203C2F68313E0A202020202020202020203C68723E0A202020202020202020203C703E0A2020202020202020202020203C6920636C6173733D2266612066612D636865636B2066612D6C672070722D3130223E0A2020202020202020202020203C2F693E0A2020202020202020202020203236E4B887E889B2EFBC8C353030E6B581E6988EE4BAAEE5BAA6EFBC8C4C4544E8838CE58589E6A8A1E59D97EFBC8C34E7BABFE794B5E998BBE5BC8FE8A7A6E691B8E99DA2E69DBFE380820A202020202020202020203C2F703E0A202020202020202020203C703E0A2020202020202020202020203C6920636C6173733D2266612066612D636865636B2066612D6C672070722D3130223E0A2020202020202020202020203C2F693E0A202020202020202020202020435055E4BDBFE794A833326269747320E58F8CE6A0B841524D763720313030304D487AEFBC8CE8BF90E8A18CE58685E5AD983531324D42EFBC8CE695B0E68DAEE5AD98E582A83531324D42E380820A202020202020202020203C2F703E0A202020202020202020203C703E0A2020202020202020202020203C6920636C6173733D2266612066612D636865636B2066612D6C672070722D3130223E0A2020202020202020202020203C2F693E0A202020202020202020202020E59FBAE4BA8EE59BBDE4BDB3E7BB84E68081E5BC80E58F91E5B9B3E58FB0EFBC8CE694AFE68C814C696E7578E4BA8CE6ACA1E5BC80E58F91E380820A202020202020202020203C2F703E0A202020202020202020203C703E0A2020202020202020202020203C6920636C6173733D2266612066612D636865636B2066612D6C672070722D3130223E0A2020202020202020202020203C2F693E0A2020202020202020202020204345E8AEA4E8AF81EFBC9A454E35353033322F454E3535303234EFBC8CE7ACA6E59088464343E38081436C6173732041EFBC8C33E7BAA7E99D99E794B5E7AD89E7BAA7E38081C2B13630303056EFBC8C31303030562041562FE58886E9929F20E88090E58E8BE6B58BE8AF95EFBC8C49503635E5898DE99DA2E69DBFE380820A202020202020202020203C2F703E0A202020202020202020203C703E0A2020202020202020202020203C6920636C6173733D2266612066612D636865636B2066612D6C672070722D3130223E0A2020202020202020202020203C2F693E0A202020202020202020202020E6B8A9E5BAA6E99BB6E4B88B3230C2B0202D203630C2B0EFBC8CE6B9BFE5BAA631302D39302520EFBC885248EFBC89EFBC8C31302D3235487AEFBC8858595AE696B9E590912032472F33E58886E9929FEFBC89E998B2E99C87E380820A202020202020202020203C2F703E0A202020202020202020203C68723E0A202020202020202020203C40636D735F636174616C6F6720616C6961733D2270726F6475637422206C6576656C3D2253656C66223E0A2020202020202020202020203C236C69737420446174614C69737420617320636174616C6F673E0A20202020202020202020202020203C6120687265663D22247B636174616C6F672E6C696E6B7D2220636C6173733D2262746E2062746E2D7075726368617365223EE69FA5E79C8BE8AFA6E683853C2F613E0A2020202020202020202020203C2F236C6973743E0A202020202020202020203C2F40636D735F636174616C6F673E0A20202020202020203C2F6469763E0A2020202020203C2F6469763E0A202020203C2F6469763E0A20203C2F6469763E0A20203C212D2D70726F706572747920656E642D2D3E0A0A20203C6469762069643D22686F6D652D7365727669636573223E0A0A202020203C64697620636C6173733D22636F6E7461696E6572223E0A2020202020203C64697620636C6173733D22726F77206D61722D622D3330223E0A20202020202020203C212D2D70726963652073746172742D2D3E0A20202020202020203C64697620636C6173733D22746578742D63656E7465722070726963652D6F6E65223E0A202020202020202020203C683120636C6173733D22776F7720666C6970496E58223E20E4BAA7E59381E789B9E889B2203C2F68313E0A202020202020202020203C7020636C6173733D22776F772066616465496E223E46454154555245204F462050524F445543543C2F703E0A20202020202020203C2F6469763E0A20202020202020203C64697620636C6173733D22636F6C2D6C672D3320636F6C2D736D2D33223E0A202020202020202020203C64697620636C6173733D2270726963696E672D7461626C6520776F772066616465496E5570223E0A2020202020202020202020203C64697620636C6173733D2270726963696E672D68656164223E0A20202020202020202020202020203C68313E20E58FAFE7BC96E7A88BE7BB84E68081E5BC80E58F91E8BDAFE4BBB6203C2F68313E0A2020202020202020202020203C2F6469763E0A2020202020202020202020203C756C20636C6173733D226C6973742D756E7374796C6564223E0A20202020202020202020202020203C6C693EE69687E6A1A3E4B8B0E5AF8C2FE7958CE99DA2E4BABAE680A7E58C963C2F6C693E0A20202020202020202020202020203C6C693EE7BB84E68081E5BC80E58F91E591A8E69C9FE79FAD3C2F6C693E0A20202020202020202020202020203C6C693EE7BB84E68081E7A88BE5BA8FE8BF90E8A18CE7A8B3E5AE9A3C2F6C693E0A20202020202020202020202020203C6C693EE5A49AE5AA92E4BD93E5BDB1E99FB3E694AFE68C813C2F6C693E0A20202020202020202020202020203C6C693EE69CBAE599A8E8A786E8A789E8AF86E588ABE5A484E790863C2F6C693E0A2020202020202020202020203C2F756C3E0A202020202020202020203C2F6469763E0A20202020202020203C2F6469763E0A20202020202020203C64697620636C6173733D22636F6C2D6C672D3320636F6C2D736D2D33223E0A202020202020202020203C64697620636C6173733D2270726963696E672D7461626C6520776F772066616465496E5570223E0A2020202020202020202020203C64697620636C6173733D2270726963696E672D68656164223E0A20202020202020202020202020203C68313E20E8B7A8E5B9B3E58FB0E8A18CE4B89AE5BA94E794A8E7A88BE5BA8F203C2F68313E0A2020202020202020202020203C2F6469763E0A2020202020202020202020203C756C20636C6173733D226C6973742D756E7374796C6564223E0A20202020202020202020202020203C6C693EE58E9FE7949F484D49E8AEBEE5A487E8BF90E8A18C3C2F6C693E0A20202020202020202020202020203C6C693E416E64726F6964E5B9B3E58FB0E8BF90E8A18C3C2F6C693E0A20202020202020202020202020203C6C693E57696E646F7773E5B9B3E58FB0E8BF90E8A18C3C2F6C693E0A20202020202020202020202020203C6C693EE5AE9AE588B6E7B3BBE7BB9FE8BF90E8A18C3C2F6C693E0A20202020202020202020202020203C6C693EE58E9FE7949F416E64726F6964E7B3BBE7BB9F3C2F6C693E0A2020202020202020202020203C2F756C3E0A202020202020202020203C2F6469763E0A20202020202020203C2F6469763E0A20202020202020203C64697620636C6173733D22636F6C2D6C672D3320636F6C2D736D2D33223E0A202020202020202020203C64697620636C6173733D2270726963696E672D7461626C6520776F772066616465496E5570223E0A2020202020202020202020203C64697620636C6173733D2270726963696E672D68656164223E0A20202020202020202020202020203C68313E20E789A9E88194E7BD91E5B9B3E58FB0E695B0E68DAEE689A9E5B195203C2F68313E0A2020202020202020202020203C2F6469763E0A2020202020202020202020203C756C20636C6173733D226C6973742D756E7374796C6564223E0A20202020202020202020202020203C6C693EE5A49AE8AEBEE5A487E99B86E4B8ADE79B91E68EA73C2F6C693E0A20202020202020202020202020203C6C693EE4BA91E5B9B3E58FB0E69C8DE58AA1E68EA5E58FA33C2F6C693E0A20202020202020202020202020203C6C693EE5A4A7E695B0E68DAEE68C96E68E98E58886E69E903C2F6C693E0A20202020202020202020202020203C6C693EE8B584E6BA90E8BF9CE7A88BE4B88AE4B88BE8BDBD3C2F6C693E0A20202020202020202020202020203C6C693EE58FAFE68EA5E585A54552502F4D45533C2F6C693E0A2020202020202020202020203C2F756C3E0A202020202020202020203C2F6469763E0A20202020202020203C2F6469763E0A20202020202020203C64697620636C6173733D22636F6C2D6C672D3320636F6C2D736D2D33223E0A202020202020202020203C64697620636C6173733D2270726963696E672D7461626C6520776F772066616465496E5570223E0A2020202020202020202020203C64697620636C6173733D2270726963696E672D68656164223E0A20202020202020202020202020203C68313E20E5A49AE6A0B7E58C96E4BA8CE6ACA1E5BC80E58F91E68EA5E58FA3203C2F68313E0A2020202020202020202020203C2F6469763E0A2020202020202020202020203C756C20636C6173733D226C6973742D756E7374796C6564223E0A20202020202020202020202020203C6C693E4C696E75782F416E64726F6964E4BA8CE6ACA1E5BC80E58F913C2F6C693E0A20202020202020202020202020203C6C693E57696E646F7773E585BCE5AEB9E5BC80E58F913C2F6C693E0A20202020202020202020202020203C6C693EE5AE9AE588B6E59BBEE5BDA25549E7958CE99DA23C2F6C693E0A20202020202020202020202020203C6C693EE7A1ACE4BBB6E58A9FE883BDE58FAFE689A9E5B1953C2F6C693E0A20202020202020202020202020203C6C693EE8AEBEE5A487E5A496E8A782E58FAFE5AE9AE588B63C2F6C693E0A2020202020202020202020203C2F756C3E0A202020202020202020203C2F6469763E0A20202020202020203C2F6469763E0A20202020202020203C212D2D707269636520656E642D2D3E0A2020202020203C2F6469763E0A2020202020203C212D2D202F726F77202D2D3E0A0A202020203C2F6469763E0A202020203C212D2D202F636F6E7461696E6572202D2D3E0A0A20203C2F6469763E0A20203C212D2D207365727669636520656E64202D2D3E0A0A20203C64697620636C6173733D22636F6E7461696E6572223E0A0A202020203C64697620636C6173733D22726F77206D61722D622D3630223E0A2020202020203C64697620636C6173733D22636F6C2D6C672D36223E0A20202020202020203C212D2D7461622073746172742D2D3E0A20202020202020203C73656374696F6E20636C6173733D2274616220776F772066616465496E4C656674223E0A202020202020202020203C68656164657220636C6173733D2270616E656C2D68656164696E67207461622D62672D6461726B2D6E6176792D626C7565223E0A2020202020202020202020203C756C20636C6173733D226E6176206E61762D74616273206E61762D6A757374696669656420223E0A20202020202020202020202020203C6C6920636C6173733D22616374697665223E0A202020202020202020202020202020203C6120646174612D746F67676C653D227461622220687265663D22236E657773223EE696B0E997BBE58AA8E680813C2F613E0A20202020202020202020202020203C2F6C693E0A20202020202020202020202020203C6C693E0A202020202020202020202020202020203C6120646174612D746F67676C653D227461622220687265663D22236576656E7473223EE8B584E69699E4B88BE8BDBD3C2F613E0A20202020202020202020202020203C2F6C693E0A20202020202020202020202020203C6C6920636C6173733D22223E0A202020202020202020202020202020203C6120646174612D746F67676C653D227461622220687265663D22236E6F746963652D626F617264223EE59FB9E8AEADE69599E7A88B3C2F613E0A20202020202020202020202020203C2F6C693E0A2020202020202020202020203C2F756C3E0A202020202020202020203C2F6865616465723E0A202020202020202020203C64697620636C6173733D2270616E656C2D626F6479223E0A2020202020202020202020203C64697620636C6173733D227461622D636F6E74656E7420746173692D746162223E0A20202020202020202020202020203C6469762069643D226E6577732220636C6173733D227461622D70616E65206661646520696E20616374697665223E0A202020202020202020202020202020203C40636D735F636F6E74656E7420636174616C6F67616C6961733D226E65777322206C6576656C3D2243757272656E74416E644368696C64222073697A653D2233223E0A2020202020202020202020202020202020203C236C69737420446174614C69737420617320636F6E74656E743E0A20202020202020202020202020202020202020203C61727469636C6520636C6173733D226D65646961223E0A202020202020202020202020202020202020202020203C64697620636C6173733D226D656469612D626F647920622D62746D223E0A2020202020202020202020202020202020202020202020203C6120687265663D22247B636F6E74656E742E6C696E6B7D2220636C6173733D2220702D68656164223E247B636F6E74656E742E7469746C657D3C2F613E0A2020202020202020202020202020202020202020202020203C703E247B636F6E74656E742E7375625469746C65217D3C2F703E0A202020202020202020202020202020202020202020203C2F6469763E0A20202020202020202020202020202020202020203C2F61727469636C653E0A2020202020202020202020202020202020203C2F236C6973743E0A202020202020202020202020202020203C2F40636D735F636F6E74656E743E0A20202020202020202020202020203C2F6469763E0A20202020202020202020202020203C6469762069643D226576656E74732220636C6173733D227461622D70616E652066616465223E0A202020202020202020202020202020203C40636D735F636F6E74656E7420636174616C6F67616C6961733D22646F776E6C6F616422206C6576656C3D2243757272656E74416E644368696C64222073697A653D2233223E0A2020202020202020202020202020202020203C236C69737420446174614C69737420617320636F6E74656E743E0A20202020202020202020202020202020202020203C61727469636C6520636C6173733D226D65646961223E0A202020202020202020202020202020202020202020203C64697620636C6173733D226D656469612D626F647920622D62746D223E0A2020202020202020202020202020202020202020202020203C6120687265663D22247B636F6E74656E742E6C696E6B7D2220636C6173733D2220702D68656164223E247B636F6E74656E742E7469746C657D3C2F613E0A2020202020202020202020202020202020202020202020203C703E247B636F6E74656E742E7375625469746C65217D3C2F703E0A202020202020202020202020202020202020202020203C2F6469763E0A20202020202020202020202020202020202020203C2F61727469636C653E0A2020202020202020202020202020202020203C2F236C6973743E0A202020202020202020202020202020203C2F40636D735F636F6E74656E743E0A20202020202020202020202020203C2F6469763E0A20202020202020202020202020203C6469762069643D226E6F746963652D626F6172642220636C6173733D227461622D70616E652066616465223E0A202020202020202020202020202020203C40636D735F636F6E74656E7420636174616C6F67616C6961733D227475746F7269616C22206C6576656C3D2243757272656E74416E644368696C64222073697A653D2233223E0A2020202020202020202020202020202020203C236C69737420446174614C69737420617320636F6E74656E743E0A20202020202020202020202020202020202020203C61727469636C6520636C6173733D226D65646961223E0A202020202020202020202020202020202020202020203C64697620636C6173733D226D656469612D626F647920622D62746D223E0A2020202020202020202020202020202020202020202020203C6120687265663D22247B636F6E74656E742E6C696E6B7D2220636C6173733D2220702D68656164223E247B636F6E74656E742E7469746C657D3C2F613E0A2020202020202020202020202020202020202020202020203C703E247B636F6E74656E742E7375625469746C65217D3C2F703E0A202020202020202020202020202020202020202020203C2F6469763E0A20202020202020202020202020202020202020203C2F61727469636C653E0A2020202020202020202020202020202020203C2F236C6973743E0A2020202020202020202020202020202020203C2F7A3A6C6973743E0A202020202020202020202020202020203C2F40636D735F636F6E74656E743E0A20202020202020202020202020203C2F6469763E0A2020202020202020202020203C2F6469763E0A202020202020202020203C2F6469763E0A20202020202020203C2F73656374696F6E3E0A20202020202020203C212D2D74616220656E642D2D3E0A2020202020203C2F6469763E0A2020202020203C64697620636C6173733D22636F6C2D6C672D36223E0A20202020202020203C212D2D74657374696D6F6E69616C2073746172742D2D3E0A20202020202020203C64697620636C6173733D2261626F75742D74657374696D6F6E69616C20626F7865642D7374796C652061626F75742D666C6578736C6964657220223E0A202020202020202020203C73656374696F6E20636C6173733D22736C6964657220776F772066616465496E5269676874223E0A2020202020202020202020203C64697620636C6173733D22666C6578736C69646572223E0A20202020202020202020202020203C756C20636C6173733D22736C696465732061626F75742D666C65782D736C69646573223E0A202020202020202020202020202020203C40636D735F636F6E74656E7420636174616C6F67616C6961733D22666565646261636B222073697A653D2235223E0A2020202020202020202020202020202020203C236C69737420446174614C69737420617320636F6E74656E743E0A20202020202020202020202020202020202020203C6C693E0A202020202020202020202020202020202020202020203C23696620636F6E74656E742E6C6F676F3F3F3E0A2020202020202020202020202020202020202020202020203C64697620636C6173733D2261626F75742D74657374696D6F6E69616C2D696D61676520223E0A20202020202020202020202020202020202020202020202020203C696D6720616C743D2222207372633D22247B636F6E74656E742E6C6F676F7D22207374796C653D2277696474683A31303070783B6865696768743A31303070783B223E0A2020202020202020202020202020202020202020202020203C2F6469763E0A202020202020202020202020202020202020202020203C2F2369663E0A202020202020202020202020202020202020202020203C6120636C6173733D2261626F75742D74657374696D6F6E69616C2D617574686F722220687265663D2223223E247B636F6E74656E742E7469746C657D3C2F613E0A202020202020202020202020202020202020202020203C7370616E20636C6173733D2261626F75742D74657374696D6F6E69616C2D636F6D70616E79223E247B636F6E74656E742E7375625469746C65217D3C2F7370616E3E0A202020202020202020202020202020202020202020203C64697620636C6173733D2261626F75742D74657374696D6F6E69616C2D636F6E74656E74223E0A2020202020202020202020202020202020202020202020203C7020636C6173733D2261626F75742D74657374696D6F6E69616C2D71756F7465223E247B636F6E74656E742E73756D6D617279217D3C2F703E0A202020202020202020202020202020202020202020203C2F6469763E0A20202020202020202020202020202020202020203C2F6C693E0A2020202020202020202020202020202020203C2F236C6973743E0A202020202020202020202020202020203C2F40636D735F636F6E74656E743E0A20202020202020202020202020203C2F756C3E0A2020202020202020202020203C2F6469763E0A202020202020202020203C2F73656374696F6E3E0A20202020202020203C2F6469763E0A20202020202020203C212D2D74657374696D6F6E69616C20656E642D2D3E0A2020202020203C2F6469763E0A202020203C2F6469763E0A20203C2F6469763E0A0A0A20203C212D2D726563656E7420776F726B2073746172742D2D3E0A20203C64697620636C6173733D2262672D6C67223E0A202020203C64697620636C6173733D22636F6E7461696E6572223E0A2020202020203C64697620636C6173733D22726F77223E0A20202020202020203C64697620636C6173733D22636F6C2D6C672D313220726563656E74223E0A202020202020202020203C683320636C6173733D22726563656E742D776F726B223EE5BA94E794A8E9A286E59F9F3C2F68333E0A202020202020202020203C703E4150504C49434154494F4E2043415445474F52593C2F703E0A202020202020202020203C6469762069643D226F776C2D64656D6F2220636C6173733D226F776C2D6361726F7573656C206F776C2D7468656D6520776F772066616465496E223E0A2020202020202020202020203C40636D735F636F6E74656E7420636174616C6F67616C6961733D2263617365222073697A653D223130223E0A20202020202020202020202020203C236C69737420446174614C69737420617320636F6E74656E743E0A202020202020202020202020202020203C64697620636C6173733D226974656D207669657720766965772D74656E7468223E0A2020202020202020202020202020202020203C23696620636F6E74656E742E6C6F676F3F3F3E0A2020202020202020202020202020202020203C696D67207372633D22247B696D61676553697A6528636F6E74656E742E6C6F676F2C3238302C323830297D2220616C743D22247B636F6E74656E742E7469746C657D223E0A2020202020202020202020202020202020203C2F2369663E0A2020202020202020202020202020202020203C64697620636C6173733D226D61736B223E0A20202020202020202020202020202020202020203C6120687265663D22247B636F6E74656E742E6C696E6B7D2220636C6173733D22696E666F2220646174612D746F67676C653D22746F6F6C7469702220646174612D706C6163656D656E743D22746F7022207469746C653D2244657461696C73223E0A20202020202020202020202020202020202020202020247B636F6E74656E742E7469746C657D0A20202020202020202020202020202020202020203C2F613E0A2020202020202020202020202020202020203C2F6469763E0A202020202020202020202020202020203C2F6469763E0A20202020202020202020202020203C2F236C6973743E0A2020202020202020202020203C2F40636D735F636F6E74656E743E0A202020202020202020203C2F6469763E0A20202020202020203C2F6469763E0A2020202020203C2F6469763E0A202020203C2F6469763E0A202020203C212D2D726563656E7420776F726B20656E642D2D3E0A20203C2F6469763E0A0A20203C64697620636C6173733D226872223E0A202020203C7370616E20636C6173733D2268722D696E6E6572223E3C2F7370616E3E0A20203C2F6469763E0A0A20203C64697620636C6173733D22636F6E7461696E6572223E0A202020203C64697620636C6173733D22726F77206D61722D622D3530206F75722D636C69656E7473223E0A2020202020203C64697620636C6173733D22636F6C2D6D642D33223E0A20202020202020203C68323EE59088E4BD9CE585B1E8B5A23C2F68323E0A20202020202020203C703EE6809DE5A881E68EA7E887AAE58AA8E58C96E8A7A3E586B3E696B9E6A188E4B893E5AEB6EFBC8CE4B8BAE5AEA2E688B7E68F90E9AB98E7949FE4BAA7E69588E78E87E5928CE7949FE4BAA7E4BBB7E580BCE698AFE68891E4BBACE79A84E5AE97E697A8EFBC813C2F703E0A2020202020203C2F6469763E0A2020202020203C64697620636C6173733D22636F6C2D6D642D39223E0A20202020202020203C64697620636C6173733D226F757473696465223E0A202020202020202020203C703E0A2020202020202020202020203C7370616E2069643D22736C696465722D70726576223E0A2020202020202020202020203C2F7370616E3E0A2020202020202020202020207C0A2020202020202020202020203C7370616E2069643D22736C696465722D6E657874223E0A2020202020202020202020203C2F7370616E3E0A202020202020202020203C2F703E0A20202020202020203C2F6469763E0A0A20202020202020203C756C20636C6173733D226278736C696465723120636C69656E74732D6C697374223E0A202020202020202020203C40636D735F636F6E74656E7420636174616C6F67616C6961733D22627573696E657373222073697A653D223130223E0A2020202020202020202020203C236C69737420446174614C69737420617320636F6E74656E743E0A20202020202020202020202020203C6C693E0A202020202020202020202020202020203C6120687265663D22247B636F6E74656E742E6C696E6B7D22207469746C653D22247B636F6E74656E742E7469746C657D223E0A2020202020202020202020202020202020203C696D67207372633D22247B636F6E74656E742E6C6F676F7D2220616C743D22247B636F6E74656E742E7469746C657D22207374796C653D2277696474683A31343270783B6865696768743A393470783B22202F3E0A202020202020202020202020202020203C2F613E0A20202020202020202020202020203C2F6C693E0A2020202020202020202020203C2F236C6973743E0A202020202020202020203C2F40636D735F636F6E74656E743E0A20202020202020203C2F756C3E0A0A0A2020202020203C2F6469763E0A202020203C2F6469763E0A202020203C212D2D20454E4420434C49454E5453202D2D3E0A20203C2F6469763E0A0A20203C40636D735F7061676577696467657420636F64653D2270635F696E646578223E3C2F40636D735F706167657769646765743E0A20203C212D2D636F6E7461696E657220656E642D2D3E0A0A20203C212D2D666F6F7465722073746172742D2D3E0A20203C40636D735F696E636C7564652066696C653D22666F6F7465722E74656D706C6174652E68746D6C223E3C2F40636D735F696E636C7564653E0A20203C212D2D736D616C6C20666F6F74657220656E642D2D3E0A0A20203C212D2D206A7320706C616365642061742074686520656E64206F662074686520646F63756D656E7420736F20746865207061676573206C6F6164206661737465720A3C736372697074207372633D22247B5072656669787D6A732F6A71756572792E6A73223E0A3C2F7363726970743E0A2D2D3E0A20203C736372697074207372633D22247B5072656669787D6A732F6A71756572792D312E382E332E6D696E2E6A73223E0A20203C2F7363726970743E0A20203C736372697074207372633D22247B5072656669787D6A732F626F6F7473747261702E6D696E2E6A73223E0A20203C2F7363726970743E0A20203C73637269707420747970653D22746578742F6A61766173637269707422207372633D22247B5072656669787D6A732F686F7665722D64726F70646F776E2E6A73223E0A20203C2F7363726970743E0A20203C736372697074206465666572207372633D22247B5072656669787D6A732F6A71756572792E666C6578736C696465722E6A73223E0A20203C2F7363726970743E0A20203C73637269707420747970653D22746578742F6A61766173637269707422207372633D22247B5072656669787D6173736574732F6278736C696465722F6A71756572792E6278736C696465722E6A73223E0A20203C2F7363726970743E0A0A20203C73637269707420747970653D22746578742F6A61766173637269707422207372633D22247B5072656669787D6A732F6A71756572792E706172616C6C61782D312E312E332E6A73223E0A20203C2F7363726970743E0A20203C736372697074207372633D22247B5072656669787D6A732F776F772E6D696E2E6A73223E0A20203C2F7363726970743E0A20203C736372697074207372633D22247B5072656669787D6173736574732F6F776C6361726F7573656C2F6F776C2E6361726F7573656C2E6A73223E0A20203C2F7363726970743E0A0A20203C736372697074207372633D22247B5072656669787D6A732F6A71756572792E656173696E672E6D696E2E6A73223E0A20203C2F7363726970743E0A20203C736372697074207372633D22247B5072656669787D6A732F6C696E6B2D686F7665722E6A73223E0A20203C2F7363726970743E0A20203C736372697074207372633D22247B5072656669787D6A732F7375706572666973682E6A73223E0A20203C2F7363726970743E0A20203C73637269707420747970653D22746578742F6A61766173637269707422207372633D22247B5072656669787D6A732F706172616C6C61782D736C696465722F6A71756572792E63736C696465722E6A73223E0A20203C2F7363726970743E0A20203C73637269707420747970653D22746578742F6A617661736372697074223E0A20202020242866756E6374696F6E202829207B0A0A2020202020202428272364612D736C6964657227292E63736C69646572287B0A20202020202020206175746F706C61793A20747275652C0A20202020202020206267696E6372656D656E743A203130300A2020202020207D293B0A0A202020207D293B0A20203C2F7363726970743E0A0A0A0A20203C212D2D636F6D6D6F6E2073637269707420666F7220616C6C2070616765732D2D3E0A20203C736372697074207372633D22247B5072656669787D6A732F636F6D6D6F6E2D736372697074732E6A73223E0A20203C2F7363726970743E0A0A20203C73637269707420747970653D22746578742F6A617661736372697074223E0A202020206A517565727928646F63756D656E74292E72656164792866756E6374696F6E202829207B0A0A0A2020202020202428272E6278736C696465723127292E6278536C69646572287B0A20202020202020206D696E536C696465733A20352C0A20202020202020206D6178536C696465733A20362C0A2020202020202020736C69646557696474683A203336302C0A2020202020202020736C6964654D617267696E3A20322C0A20202020202020206D6F7665536C696465733A20312C0A2020202020202020726573706F6E736976653A20747275652C0A20202020202020206E65787453656C6563746F723A202723736C696465722D6E657874272C0A20202020202020207072657653656C6563746F723A202723736C696465722D70726576272C0A20202020202020206E657874546578743A20274F6E7761726420E28692272C0A202020202020202070726576546578743A2027E2869020476F206261636B270A2020202020207D293B0A0A202020207D293B0A0A0A20203C2F7363726970743E0A0A0A20203C7363726970743E0A20202020242827612E696E666F27292E746F6F6C74697028293B0A0A20202020242877696E646F77292E6C6F61642866756E6374696F6E202829207B0A2020202020202428272E666C6578736C6964657227292E666C6578736C69646572287B0A2020202020202020616E696D6174696F6E3A2022736C696465222C0A202020202020202073746172743A2066756E6374696F6E2028736C6964657229207B0A20202020202020202020242827626F647927292E72656D6F7665436C61737328276C6F6164696E6727293B0A20202020202020207D0A2020202020207D293B0A202020207D293B0A0A202020202428646F63756D656E74292E72656164792866756E6374696F6E202829207B0A0A202020202020242822236F776C2D64656D6F22292E6F776C4361726F7573656C287B0A0A20202020202020206974656D733A20340A0A2020202020207D293B0A0A202020207D293B0A0A202020206A517565727928646F63756D656E74292E72656164792866756E6374696F6E202829207B0A2020202020206A51756572792827756C2E73757065726669736827292E73757065726669736828293B0A202020207D293B0A0A202020206E657720574F5728292E696E697428293B0A0A0A20203C2F7363726970743E0A0A3C2F626F64793E0A0A3C2F68746D6C3E, 18500, 1711357952000, '__system', '2023-03-09 19:22:13', '__system', '2024-05-28 14:30:00', NULL);
INSERT INTO `cms_template` VALUES (10, 1630092239507464193, 'pc', 'index_banner.template.html', 0x3C40636D735F706167657769646765745F6461746120636F64653D22696E6465785F62616E6E6572223E0A20203C236C69737420446174612E636F6E74656E744F626A20617320726F773E0A202020203C236C69737420726F772E6974656D73206173206974656D3E0A2020202020203C64697620636C6173733D2264612D736C696465223E0A20202020202020203C64697620636C6173733D22636F6E7461696E6572223E0A202020202020202020203C64697620636C6173733D22726F77223E0A2020202020202020202020203C64697620636C6173733D22636F6C2D6D642D3132223E0A20202020202020202020202020203C68323E0A202020202020202020202020202020203C236C697374206974656D2E73756D6D6172793F73706C697428225C6E2229206173206974656D3E0A202020202020202020202020202020203C693E247B6974656D7D3C2F693E0A202020202020202020202020202020203C237365703E3C62722F3E3C2F237365703E0A202020202020202020202020202020203C2F236C6973743E0A20202020202020202020202020203C2F68323E0A20202020202020202020202020203C703E0A202020202020202020202020202020203C693E247B6974656D2E7469746C657D3C2F693E0A202020202020202020202020202020203C62722F3E0A202020202020202020202020202020203C693E3C2F693E0A20202020202020202020202020203C2F703E0A20202020202020202020202020203C6120687265663D22247B6974656D2E75726C7D2220636C6173733D2262746E2062746E2D696E666F2062746E2D6C672064612D6C696E6B223E0A2020202020202020202020202020202052656164206D6F72650A20202020202020202020202020203C2F613E0A20202020202020202020202020203C64697620636C6173733D2264612D696D67223E0A202020202020202020202020202020203C696D67207372633D22247B696E7465726E616C55726C286974656D2E6C6F676F297D2220616C743D22696D616765303122202F3E0A20202020202020202020202020203C2F6469763E0A2020202020202020202020203C2F6469763E0A202020202020202020203C2F6469763E0A20202020202020203C2F6469763E0A2020202020203C2F6469763E0A202020203C2F236C6973743E0A20203C2F236C6973743E0A3C2F40636D735F706167657769646765745F646174613E, 893, 1699089496000, '__system', '2023-03-09 19:22:13', '__system', '2024-05-28 14:30:00', NULL);
INSERT INTO `cms_template` VALUES (11, 1630092239507464193, 'pc', 'list.template.html', 0x3C21444F43545950452068746D6C3E0A3C68746D6C206C616E673D22656E223E0A20203C686561643E0A202020203C6D65746120636861727365743D227574662D3822202F3E0A202020203C6D657461206E616D653D2276696577706F72742220636F6E74656E743D2277696474683D6465766963652D77696474682C20696E697469616C2D7363616C653D312E3022202F3E0A202020203C6D657461206E616D653D226465736372697074696F6E2220636F6E74656E743D2222202F3E0A202020203C6D657461206E616D653D226B6579776F7264732220636F6E74656E743D2222202F3E0A202020203C6C696E6B2072656C3D2273686F72746375742069636F6E2220687265663D22247B5072656669787D696D672F66617669636F6E2E706E6722202F3E0A0A202020203C7469746C653E247B436174616C6F672E6E616D657D5F247B536974652E6E616D657D3C2F7469746C653E0A0A202020203C212D2D20426F6F74737472617020636F726520435353202D2D3E0A202020203C6C696E6B20687265663D22247B5072656669787D6373732F626F6F7473747261702E6D696E2E637373222072656C3D227374796C657368656574223E0A202020203C6C696E6B20687265663D22247B5072656669787D6373732F7468656D652E637373222072656C3D227374796C657368656574223E0A202020203C6C696E6B20687265663D22247B5072656669787D6373732F626F6F7473747261702D72657365742E637373222072656C3D227374796C657368656574223E0A202020203C212D2D65787465726E616C206373732D2D3E0A202020203C6C696E6B20687265663D22247B5072656669787D6173736574732F666F6E742D617765736F6D652F6373732F666F6E742D617765736F6D652E637373222072656C3D227374796C65736865657422202F3E0A202020203C6C696E6B2072656C3D227374796C6573686565742220687265663D22247B5072656669787D6373732F666C6578736C696465722E637373222F3E0A202020203C6C696E6B20687265663D22247B5072656669787D6173736574732F6278736C696465722F6A71756572792E6278736C696465722E637373222072656C3D227374796C65736865657422202F3E0A202020203C6C696E6B2072656C3D227374796C6573686565742220687265663D22247B5072656669787D6373732F616E696D6174652E637373223E0A202020203C6C696E6B20687265663D27687474703A2F2F666F6E74732E676F6F676C65617069732E636F6D2F6373733F66616D696C793D4C61746F272072656C3D277374796C6573686565742720747970653D27746578742F637373273E0A0A202020203C212D2D20437573746F6D207374796C657320666F7220746869732074656D706C617465202D2D3E0A202020203C6C696E6B20687265663D22247B5072656669787D6373732F7374796C652E637373222072656C3D227374796C657368656574223E0A202020203C6C696E6B20687265663D22247B5072656669787D6373732F7374796C652D726573706F6E736976652E637373222072656C3D227374796C65736865657422202F3E0A0A202020203C212D2D2048544D4C35207368696D20616E6420526573706F6E642E6A732049453820737570706F7274206F662048544D4C3520746F6F6C746970737320616E64206D656469612071756572696573202D2D3E0A202020203C212D2D5B6966206C7420494520395D3E0A093C736372697074207372633D22247B5072656669787D6A732F68746D6C35736869762E6A73223E3C2F7363726970743E0A093C736372697074207372633D22247B5072656669787D6A732F726573706F6E642E6D696E2E6A73223E3C2F7363726970743E0A093C215B656E6469665D2D2D3E0A3C7363726970743E77696E646F772E5F78795F636D73203D207B20636174616C6F675F69643A2027247B436174616C6F672E636174616C6F6749647D27207D3B3C2F7363726970743E0A20203C7374796C653E0A20202E70616765626172207B206865696768743A20353070783B207D0A20202E706167656261722061207B20626F726465723A2031707820736F6C696420233438636661643B2070616464696E673A20337078203870783B206D617267696E3A2030203270783B207D0A20202E7061676562617220612E63757272656E74207B206261636B67726F756E642D636F6C6F723A20233438636661643B20636F6C6F723A20236666663B207D0A20203C2F7374796C653E0A20203C2F686561643E0A0A20203C626F64793E0A202020203C212D2D6865616465722073746172742D2D3E0A202020203C40636D735F696E636C7564652066696C653D226865616465722E74656D706C6174652E68746D6C223E3C2F40636D735F696E636C7564653E0A202020203C212D2D68656164657220656E642D2D3E0A0A202020203C212D2D62726561646372756D62732073746172742D2D3E0A20203C64697620636C6173733D2262726561646372756D6273223E0A202020203C64697620636C6173733D22636F6E7461696E6572223E0A2020202020203C64697620636C6173733D22726F77223E0A20202020202020203C64697620636C6173733D22636F6C2D6C672D3420636F6C2D736D2D34223E0A202020202020202020203C68313E247B436174616C6F672E6E616D657D3C2F68313E0A20202020202020203C2F6469763E0A20202020202020203C64697620636C6173733D22636F6C2D6C672D3820636F6C2D736D2D3822207374796C653D22746578742D616C69676E3A72696768743B70616464696E672D746F703A203570783B223E0A202020202020202020203C6120636C6173733D22706F736974696F6E2220687265663D22247B536974652E6C696E6B7D223EE9A696E9A1B53C2F613E0A202020202020202020203C236C69737420436174616C6F672E616E636573746F72733F73706C697428223A222920617320636174616C6F6749643E0A2020202020202020202020203C40636D735F636174616C6F672069643D22247B636174616C6F6749647D22206C6576656C3D2253656C66223E0A20202020202020202020202020203C236C69737420446174614C69737420617320636174616C6F673E0A20202020202020202020202020202020203E203C6120636C6173733D22706F736974696F6E2220687265663D22247B636174616C6F672E6C696E6B7D223E247B636174616C6F672E6E616D657D3C2F613E0A20202020202020202020202020203C2F236C6973743E0A2020202020202020202020203C2F40636D735F636174616C6F673E0A202020202020202020203C2F236C6973743E0A20202020202020203C2F6469763E0A2020202020203C2F6469763E0A202020203C2F6469763E0A20203C2F6469763E0A202020203C212D2D62726561646372756D627320656E642D2D3E0A0A202020203C212D2D636F6E7461696E65722073746172742D2D3E0A202020203C64697620636C6173733D22636F6E7461696E6572223E0A2020202020203C64697620636C6173733D22726F77223E0A20202020202020203C212D2D626C6F672073746172742D2D3E0A20202020202020203C64697620636C6173733D22636F6C2D6C672D3920223E0A202020202020202020203C40636D735F636F6E74656E7420636174616C6F6769643D22247B436174616C6F672E636174616C6F6749647D22206C6576656C3D2243757272656E74416E644368696C642220706167653D2274727565222073697A653D2231223E0A202020202020202020203C236C69737420446174614C69737420617320636F6E74656E743E0A202020202020202020203C64697620636C6173733D22626C6F672D6974656D223E0A2020202020202020202020203C64697620636C6173733D22726F77223E0A20202020202020202020202020203C64697620636C6173733D22636F6C2D6C672D3220636F6C2D736D2D32223E0A202020202020202020202020202020203C64697620636C6173733D22646174652D77726170223E0A2020202020202020202020202020202020203C7370616E20636C6173733D2264617465223E0A2020202020202020202020202020202020202020247B64617465466F726D617428636F6E74656E742E7075626C697368446174652C224D4D2F646422297D0A2020202020202020202020202020202020203C2F7370616E3E0A2020202020202020202020202020202020203C7370616E20636C6173733D226D6F6E7468223E0A2020202020202020202020202020202020202020247B64617465466F726D617428636F6E74656E742E7075626C697368446174652C227979797922297D0A2020202020202020202020202020202020203C2F7370616E3E0A202020202020202020202020202020203C2F6469763E0A0A20202020202020202020202020203C2F6469763E0A20202020202020202020202020203C64697620636C6173733D22636F6C2D6C672D313020636F6C2D736D2D3130223E0A202020202020202020202020202020203C6831207374796C653D226D617267696E2D746F703A303B223E0A2020202020202020202020202020202020203C6120687265663D22247B636F6E74656E742E6C696E6B7D223E0A2020202020202020202020202020202020202020247B636F6E74656E742E7469746C657D0A2020202020202020202020202020202020203C2F613E0A202020202020202020202020202020203C2F68313E0A202020202020202020202020202020203C703E0A09090909093C23696620636F6E74656E742E73756D6D6172793F3F20262620636F6E74656E742E73756D6D61727920213D2022223E0A090909090909247B636F6E74656E742E73756D6D6172797D0A09090909093C23656C73653E0A0909090909093C23696620636F6E74656E742E636F6E74656E7454797065203D3D202261727469636C65223E0A090909090909093C40636D735F61727469636C6520636F6E74656E7449643D22247B636F6E74656E742E636F6E74656E7449647D223E0A09090909090909093C2361737369676E206363203D20636C65617248746D6C5461672841727469636C65436F6E74656E74293E0A0A09090909090909093C2369662063633F6C656E67746820266C743B203332303E247B63637D3C23656C73653E247B63635B302E2E3330305D7D2E2E2E3C2F2369663E0A0A090909090909093C2F40636D735F61727469636C653E0A0909090909093C2F2369663E0A09202020202020202020202020202020203C2F2369663E0A202020202020202020202020202020203C2F703E0A20202020202020202020202020203C2F6469763E0A2020202020202020202020203C2F6469763E0A202020202020202020203C2F6469763E0A202020202020202020203C2F236C6973743E0A202020202020202020203C2F40636D735F636F6E74656E743E0A202020202020202009093C2369662050616765546F74616C202667743B2031303E0A202020202020202020203C64697620636C6173733D22746578742D63656E7465722070616765626172223E0A2020202020202020202020203C64697620636C6173733D22706167696E61746F72223E0A202020203C2369662050616765546F74616C20677420303E0A20202020202020203C2369662050616765546F74616C3D3D303E0A202020202020202020203C2361737369676E2050616765436F756E743D31202F3E0A202020202020202020203C23656C73653E0A2020202020202020202020203C2361737369676E2050616765436F756E743D2850616765546F74616C202B205061676553697A65202D203129202F205061676553697A65202F3E0A20202020202020203C2F2369663E0A20202020202020203C23696620506167654E6F20677420313E0A202020202020202020203C23696620506167654E6F3D3D323E0A2020202020202020202020203C6120687265663D22247B4669727374506167657D2220636C6173733D226C696E6B223EE4B88AE4B880E9A1B53C2F613E0A2020202020202020202020203C23656C73653E0A2020202020202020202020203C6120687265663D22247B4F74686572506167653F7265706C61636528277B307D272C20506167654E6F2D31297D2220636C6173733D226C696E6B223EE4B88AE4B880E9A1B53C2F613E0A202020202020202020203C2F2369663E0A20202020202020203C2F2369663E0A20202020202020203C236C69737420312E2E50616765436F756E7420617320706E3E0A202020202020202020203C23696620506167654E6F3D3D706E3E0A2020202020202020202020203C6120687265663D22232220636C6173733D226C696E6B206C696E6B2D616374697665223E247B706E7D3C2F613E0A2020202020202020202020203C23656C73653E0A20202020202020202020202020203C23696620313D3D706E3E0A202020202020202020202020202020203C6120687265663D22247B4669727374506167657D2220636C6173733D226C696E6B223E247B706E7D3C2F613E0A202020202020202020202020202020203C23656C73653E0A202020202020202020202020202020203C6120687265663D22247B4F74686572506167653F7265706C61636528277B307D272C20706E297D2220636C6173733D226C696E6B223E247B706E7D3C2F613E0A20202020202020202020202020203C2F2369663E0A202020202020202020203C2F2369663E0A20202020202020203C2F236C6973743E0A20202020202020203C23696620506167654E6F206C742050616765436F756E743F696E743E0A202020202020202020203C6120687265663D22247B4F74686572506167653F7265706C61636528277B307D272C20506167654E6F2B31297D2220636C6173733D226C696E6B223EE4B88BE4B880E9A1B53C2F613E0A20202020202020203C2F2369663E0A202020203C2F2369663E0A3C2F6469763E0A202020202020202020203C2F6469763E0A2020202020202020203C2F2369663E0A20202020202020203C2F6469763E0A0A20202020202020203C64697620636C6173733D22636F6C2D6C672D33223E0A202020202020202020203C40636D735F696E636C7564652066696C653D227269676874626C6F636B2E74656D706C6174652E68746D6C223E3C2F40636D735F696E636C7564653E0A20202020202020203C2F6469763E0A0A20202020202020203C212D2D626C6F6720656E642D2D3E0A2020202020203C2F6469763E0A0A202020203C2F6469763E0A202020203C212D2D636F6E7461696E657220656E642D2D3E0A0A202020203C212D2D666F6F7465722073746172742D2D3E0A202020203C40636D735F696E636C7564652066696C653D22666F6F7465722E74656D706C6174652E68746D6C223E3C2F40636D735F696E636C7564653E0A202020203C212D2D736D616C6C20666F6F74657220656E642D2D3E0A0A202020203C212D2D206A7320706C616365642061742074686520656E64206F662074686520646F63756D656E7420736F20746865207061676573206C6F616420666173746572202D2D3E0A202020203C736372697074207372633D22247B5072656669787D6A732F6A71756572792E6A73223E0A202020203C2F7363726970743E0A202020203C736372697074207372633D22247B5072656669787D6A732F626F6F7473747261702E6D696E2E6A73223E0A202020203C2F7363726970743E0A202020203C73637269707420747970653D22746578742F6A61766173637269707422207372633D22247B5072656669787D6A732F686F7665722D64726F70646F776E2E6A73223E0A202020203C2F7363726970743E0A202020203C736372697074206465666572207372633D22247B5072656669787D6A732F6A71756572792E666C6578736C696465722E6A73223E0A202020203C2F7363726970743E0A202020203C73637269707420747970653D22746578742F6A61766173637269707422207372633D22247B5072656669787D6173736574732F6278736C696465722F6A71756572792E6278736C696465722E6A73223E0A202020203C2F7363726970743E0A0A202020203C736372697074207372633D22247B5072656669787D6A732F6A71756572792E656173696E672E6D696E2E6A73223E0A202020203C2F7363726970743E0A202020203C736372697074207372633D22247B5072656669787D6A732F6C696E6B2D686F7665722E6A73223E0A202020203C2F7363726970743E0A0A0A202020203C212D2D636F6D6D6F6E2073637269707420666F7220616C6C2070616765732D2D3E0A202020203C736372697074207372633D22247B5072656669787D6A732F636F6D6D6F6E2D736372697074732E6A73223E0A202020203C2F7363726970743E0A0A0A202020203C736372697074207372633D22247B5072656669787D6A732F776F772E6D696E2E6A73223E0A202020203C2F7363726970743E0A202020203C7363726970743E0A202020202020776F77203D206E657720574F57280A20202020202020207B0A20202020202020202020626F78436C6173733A202020202027776F77272C2020202020202F2F2064656661756C740A20202020202020202020616E696D617465436C6173733A2027616E696D61746564272C202F2F2064656661756C740A202020202020202020206F66667365743A2020202020202030202020202020202020202F2F2064656661756C740A20202020202020207D0A202020202020290A2020202020202020776F772E696E697428293B0A202020203C2F7363726970743E0A20203C2F626F64793E0A3C2F68746D6C3E, 6423, 1711357980000, '__system', '2023-03-09 19:22:13', '__system', '2024-05-28 14:30:01', NULL);
INSERT INTO `cms_template` VALUES (12, 1630092239507464193, 'pc', 'list_product.template.html', 0x3C21444F43545950452068746D6C3E0A3C68746D6C206C616E673D22656E223E0A20203C686561643E0A202020203C6D65746120636861727365743D227574662D38223E0A202020203C6D657461206E616D653D2276696577706F72742220636F6E74656E743D2277696474683D6465766963652D77696474682C20696E697469616C2D7363616C653D312E30223E0A202020203C6D657461206E616D653D226465736372697074696F6E2220636F6E74656E743D22446576656C6F706564204279204D20416264757220526F6B69622050726F6D79223E0A202020203C6D657461206E616D653D22617574686F722220636F6E74656E743D22726F6B6962223E0A202020203C6D657461206E616D653D226B6579776F7264732220636F6E74656E743D22426F6F74737472617020332C2054656D706C6174652C205468656D652C20526573706F6E736976652C20436F72706F726174652C20427573696E657373223E0A202020203C6C696E6B2072656C3D2273686F72746375742069636F6E2220687265663D22247B5072656669787D696D672F66617669636F6E2E706E67223E0A0A202020203C7469746C653E247B436174616C6F672E6E616D657D5F247B536974652E6E616D657D3C2F7469746C653E0A0A202020203C212D2D20426F6F74737472617020636F726520435353202D2D3E0A202020203C6C696E6B20687265663D22247B5072656669787D6373732F626F6F7473747261702E6D696E2E637373222072656C3D227374796C657368656574223E0A202020203C6C696E6B20687265663D22247B5072656669787D6373732F7468656D652E637373222072656C3D227374796C657368656574223E0A202020203C6C696E6B20687265663D22247B5072656669787D6373732F626F6F7473747261702D72657365742E637373222072656C3D227374796C657368656574223E0A202020203C212D2D65787465726E616C206373732D2D3E0A202020203C6C696E6B20687265663D22247B5072656669787D6173736574732F666F6E742D617765736F6D652F6373732F666F6E742D617765736F6D652E637373222072656C3D227374796C65736865657422202F3E0A202020203C6C696E6B2072656C3D227374796C6573686565742220687265663D22247B5072656669787D6373732F666C6578736C696465722E637373222F3E0A202020203C6C696E6B20687265663D22247B5072656669787D6173736574732F6278736C696465722F6A71756572792E6278736C696465722E637373222072656C3D227374796C65736865657422202F3E0A202020203C6C696E6B2072656C3D227374796C6573686565742220687265663D22247B5072656669787D6373732F616E696D6174652E637373223E0A202020203C6C696E6B20687265663D27687474703A2F2F666F6E74732E676F6F676C65617069732E636F6D2F6373733F66616D696C793D4C61746F272072656C3D277374796C6573686565742720747970653D27746578742F637373273E0A202020203C6C696E6B2072656C3D227374796C6573686565742220687265663D22247B5072656669787D6173736574732F6F776C6361726F7573656C2F6F776C2E6361726F7573656C2E637373223E0A202020203C6C696E6B2072656C3D227374796C6573686565742220747970653D22746578742F6373732220687265663D22247B5072656669787D6373732F6D6978697475702E637373223E0A0A202020203C212D2D20437573746F6D207374796C657320666F7220746869732074656D706C617465202D2D3E0A202020203C6C696E6B2072656C3D227374796C6573686565742220747970653D22746578742F6373732220687265663D22247B5072656669787D6373732F636F6D706F6E656E742E637373223E0A202020203C6C696E6B20687265663D22247B5072656669787D6373732F7374796C652E637373222072656C3D227374796C657368656574223E0A202020203C6C696E6B20687265663D22247B5072656669787D6373732F7374796C652D726573706F6E736976652E637373222072656C3D227374796C65736865657422202F3E0A202020203C6C696E6B2072656C3D227374796C6573686565742220687265663D22247B5072656669787D6373732F6D61676E696669632D706F7075702E637373223E0A202020203C212D2D2048544D4C35207368696D20616E6420526573706F6E642E6A732049453820737570706F7274206F662048544D4C3520746F6F6C746970737320616E64206D656469612071756572696573202D2D3E0A202020203C212D2D5B6966206C7420494520395D3E0A2020202020203C736372697074207372633D22247B5072656669787D6A732F68746D6C35736869762E6A73223E3C2F7363726970743E0A2020202020203C736372697074207372633D22247B5072656669787D6A732F726573706F6E642E6D696E2E6A73223E3C2F7363726970743E0A202020203C215B656E6469665D2D2D3E0A3C7363726970743E77696E646F772E5F78795F636D73203D207B20636174616C6F675F69643A2027247B436174616C6F672E636174616C6F6749647D27207D3B3C2F7363726970743E0A202020203C7374796C653E6469762E636F6D70616E79696E666F20702C206469762E636F7079726967687420702C20616464726573732070207B2077696474683A313030253B207D3C2F7374796C653E0A20203C2F686561643E0A0A20203C626F64793E0A202020203C212D2D6865616465722073746172742D2D3E0A202020203C40636D735F696E636C7564652066696C653D226865616465722E74656D706C6174652E68746D6C223E3C2F40636D735F696E636C7564653E0A202020203C212D2D68656164657220656E642D2D3E0A0A202020203C212D2D62726561646372756D62732073746172742D2D3E0A20203C64697620636C6173733D2262726561646372756D6273223E0A202020203C64697620636C6173733D22636F6E7461696E6572223E0A2020202020203C64697620636C6173733D22726F77223E0A20202020202020203C64697620636C6173733D22636F6C2D6C672D3420636F6C2D736D2D34223E0A202020202020202020203C68313E247B436174616C6F672E6E616D657D3C2F68313E0A20202020202020203C2F6469763E0A20202020202020203C64697620636C6173733D22636F6C2D6C672D3820636F6C2D736D2D3822207374796C653D22746578742D616C69676E3A72696768743B70616464696E672D746F703A203570783B223E0A202020202020202020203C6120636C6173733D22706F736974696F6E2220687265663D22247B536974652E6C696E6B7D223EE9A696E9A1B53C2F613E0A202020202020202020203C236C69737420436174616C6F672E616E636573746F72733F73706C697428223A222920617320636174616C6F6749643E0A2020202020202020202020203C40636D735F636174616C6F672069643D22247B636174616C6F6749647D22206C6576656C3D2253656C66223E0A20202020202020202020202020203C236C69737420446174614C69737420617320636174616C6F673E0A20202020202020202020202020202020203E203C6120636C6173733D22706F736974696F6E2220687265663D22247B636174616C6F672E6C696E6B7D223E247B636174616C6F672E6E616D657D3C2F613E0A20202020202020202020202020203C2F236C6973743E0A2020202020202020202020203C2F40636D735F636174616C6F673E0A202020202020202020203C2F236C6973743E0A20202020202020203C2F6469763E0A2020202020203C2F6469763E0A202020203C2F6469763E0A20203C2F6469763E0A202020203C212D2D62726561646372756D627320656E642D2D3E0A0A0A202020203C64697620636C6173733D22636F6E7461696E6572223E0A20202020202020203C64697620636C6173733D22726F77223E0A20202020202020203C64697620636C6173733D22636F6C2D6D642D36223E0A2020202020202020202020203C756C2069643D2266696C746572732220636C6173733D22636C656172666978223E0A202020202020202020202020202020203C6C693E3C7370616E20636C6173733D2266696C746572206163746976652220646174612D66696C7465723D22646B20676B223EE68980E69C89E7B3BBE588973C2F7370616E3E3C2F6C693E0A202020202020202020202020202020203C6C693E3C7370616E20636C6173733D2266696C7465722220646174612D66696C7465723D22646B223E444BE7B3BBE588973C2F7370616E3E3C2F6C693E0A202020202020202020202020202020203C6C693E3C7370616E20636C6173733D2266696C7465722220646174612D66696C7465723D22676B223E474BE7B3BBE588973C2F7370616E3E3C2F6C693E0A2020202020202020202020203C2F756C3E0A2020202020202020202020203C2F6469763E0A20202020202020203C2F6469763E0A202020203C2F6469763E0A202020203C64697620636C6173733D22636F6E7461696E6572223E0A20202020202020203C64697620636C6173733D22726F7720206D61722D622D3330223E0A20202020202020203C6469762069643D22706F7274666F6C696F6C697374223E0A2020202020202020202020203C64697620636C6173733D22636F6C2D6D642D3132223E0A2020202020202020202020203C40636D735F636F6E74656E7420636174616C6F6769643D22247B436174616C6F672E636174616C6F6749647D22206C6576656C3D2243757272656E74416E644368696C642220706167653D2274727565222073697A653D22313230223E0A2020202020202020202020203C236C69737420446174614C69737420617320636F6E74656E743E0A2020202020202020202020203C64697620636C6173733D22706F7274666F6C696F20247B636F6E74656E742E73686F72745469746C65217D2220646174612D6361743D22247B636F6E74656E742E73686F72745469746C65217D223E0A202020202020202020202020202020203C64697620636C6173733D22706F7274666F6C696F2D77726170706572223E0A20202020202020202020202020202020093C6120687265663D22247B636F6E74656E742E6C696E6B7D223E0A20202020202020202020202020202020202020203C64697620636C6173733D22706F7274666F6C696F2D686F766572223E0A2020202020202020202020202020202020202020202020203C64697620636C6173733D22696D6167652D63617074696F6E223E247B636F6E74656E742E7469746C657D3C2F6469763E0A2020202020202020202020202020202020202020202009093C23696620636F6E74656E742E6C6F676F3F3F3E0A2020202020202020202020202020202020202020202020203C696D67207372633D22247B696D61676553697A6528636F6E74656E742E6C6F676F2C3234302C20323430297D2220616C743D22247B636F6E74656E742E7469746C657D22202F3E0A2020202020202020202020202020202020202020202020203C2F2369663E0A20202020202020202020202020202020202020203C2F6469763E0A20202020202020202020202020202020202020203C2F613E0A202020202020202020202020202020203C2F6469763E0A090909093C646976207374796C653D226261636B67726F756E642D636F6C6F723A20236666663B746578742D616C69676E3A2063656E7465723B70616464696E672D746F703A203570783B223E247B636F6E74656E742E7469746C657D3C2F6469763E0A2020202020202020202020203C2F6469763E0A2020202020202020202020203C2F236C6973743E0A2020202020202020202020203C2F40636D735F636F6E74656E743E0A2020202020202020202020203C2F6469763E0A20202020202020203C2F6469763E0A202020202020203C2F6469763E0A202020203C2F6469763E0A202020203C212D2D666F6F7465722073746172742D2D3E0A202020203C40636D735F696E636C7564652066696C653D22666F6F7465722E74656D706C6174652E68746D6C223E3C2F40636D735F696E636C7564653E0A202020203C212D2D666F6F74657220656E642D2D3E0A0A202020203C212D2D206A7320706C616365642061742074686520656E64206F662074686520646F63756D656E7420736F20746865207061676573206C6F6164206661737465720A202020203C736372697074207372633D22247B5072656669787D6A732F6A71756572792E6A73223E3C2F7363726970743E202D2D3E0A202020203C736372697074207372633D22247B5072656669787D6A732F6A71756572792D312E382E332E6D696E2E6A73223E3C2F7363726970743E0A202020203C736372697074207372633D22247B5072656669787D6A732F626F6F7473747261702E6D696E2E6A73223E3C2F7363726970743E0A202020203C73637269707420747970653D22746578742F6A61766173637269707422207372633D22247B5072656669787D6A732F686F7665722D64726F70646F776E2E6A73223E3C2F7363726970743E0A202020203C736372697074206465666572207372633D22247B5072656669787D6A732F6A71756572792E666C6578736C696465722E6A73223E3C2F7363726970743E0A202020203C73637269707420747970653D22746578742F6A61766173637269707422207372633D22247B5072656669787D6173736574732F6278736C696465722F6A71756572792E6278736C696465722E6A73223E3C2F7363726970743E0A0A202020203C73637269707420747970653D22746578742F6A61766173637269707422207372633D22247B5072656669787D6A732F6A71756572792E706172616C6C61782D312E312E332E6A73223E3C2F7363726970743E0A202020203C736372697074207372633D22247B5072656669787D6A732F776F772E6D696E2E6A73223E3C2F7363726970743E0A202020203C736372697074207372633D22247B5072656669787D6173736574732F6F776C6361726F7573656C2F6F776C2E6361726F7573656C2E6A73223E3C2F7363726970743E0A202020203C736372697074207372633D22247B5072656669787D6A732F6D6978697475702E6A73223E3C2F7363726970743E0A202020203C736372697074207372633D22247B5072656669787D6A732F6A71756572792E656173696E672E6D696E2E6A73223E3C2F7363726970743E0A202020203C736372697074207372633D22247B5072656669787D6A732F6C696E6B2D686F7665722E6A73223E3C2F7363726970743E0A0A202020203C212D2D636F6D6D6F6E2073637269707420666F7220616C6C2070616765732D2D3E0A202020203C736372697074207372633D22247B5072656669787D6A732F636F6D6D6F6E2D736372697074732E6A73223E3C2F7363726970743E0A0A202020203C736372697074207372633D22247B5072656669787D6A732F726576756C6174696F6E2D736C6964652E6A73223E3C2F7363726970743E0A202020203C736372697074207372633D22247B5072656669787D6A732F6A71756572792E6D61676E696669632D706F7075702E6A73223E3C2F7363726970743E0A0A202020203C73637269707420747970653D22746578742F6A617661736372697074223E0A202020202428272E696D6167652D63617074696F6E206127292E746F6F6C74697028293B0A20202020242866756E6374696F6E202829207B0A0A20202020202020207661722066696C7465724C697374203D207B0A0A202020202020202020202020696E69743A2066756E6374696F6E202829207B0A0A202020202020202020202020202020202F2F204D69784974557020706C7567696E0A202020202020202020202020202020202F2F20687474703A2F2F6D6978697475702E696F0A2020202020202020202020202020202024282723706F7274666F6C696F6C69737427292E6D697869747570287B0A202020202020202020202020202020202020202074617267657453656C6563746F723A20272E706F7274666F6C696F272C0A202020202020202020202020202020202020202066696C74657253656C6563746F723A20272E66696C746572272C0A2020202020202020202020202020202020202020656666656374733A205B2766616465275D2C0A2020202020202020202020202020202020202020656173696E673A2027736E6170272C0A20202020202020202020202020202020202020202F2F2063616C6C2074686520686F766572206566666563740A20202020202020202020202020202020202020206F6E4D6978456E643A2066696C7465724C6973742E686F76657245666665637428290A202020202020202020202020202020207D293B0A0A2020202020202020202020207D2C0A0A202020202020202020202020686F7665724566666563743A2066756E6374696F6E202829207B0A202020202020202020202020202020202428225B72656C3D27746F6F6C746970275D22292E746F6F6C74697028293B0A202020202020202020202020202020202F2F2053696D706C6520706172616C6C6178206566666563740A2020202020202020202020202020202024282723706F7274666F6C696F6C697374202E706F7274666F6C696F202E706F7274666F6C696F2D686F76657227292E686F766572280A202020202020202066756E6374696F6E28297B0A202020202020202020202020242874686973292E66696E6428272E696D6167652D63617074696F6E27292E736C696465446F776E28323530293B202F2F2E66616465496E28323530290A20202020202020207D2C0A202020202020202066756E6374696F6E28297B0A202020202020202020202020242874686973292E66696E6428272E696D6167652D63617074696F6E27292E736C696465557028323530293B202F2F2E666164654F757428323035290A20202020202020207D0A20202020293B0A0A0A0A2020202020202020202020207D0A0A20202020202020207D3B0A0A20202020202020202F2F2052756E207468652073686F77210A202020202020202066696C7465724C6973742E696E697428293B0A0A0A202020207D293B0A0A20202020242820646F63756D656E7420292E72656164792866756E6374696F6E2829207B0A0A20202020202020202428272E6D61676E6566696727292E656163682866756E6374696F6E28297B0A202020202020202020202020242874686973292E6D61676E69666963506F707570287B0A20202020202020202020202020202020747970653A27696D616765272C0A2020202020202020202020202020202072656D6F76616C44656C61793A203330302C0A202020202020202020202020202020206D61696E436C6173733A20276D66702D66616465270A2020202020202020202020207D290A20202020202020207D293B0A202020207D293B0A202020203C2F7363726970743E0A0A20203C7363726970743E0A0A202020202428646F63756D656E74292E72656164792866756E6374696F6E2829207B0A0A2020202020202020242822236F776C2D64656D6F22292E6F776C4361726F7573656C287B0A0A2020202020202020202020206175746F506C61793A20333030302C202F2F536574204175746F506C617920746F2033207365636F6E64730A0A2020202020202020202020206974656D73203A20342C0A2020202020202020202020206974656D734465736B746F70203A205B313139392C335D2C0A2020202020202020202020206974656D734465736B746F70536D616C6C203A205B3937392C335D2C0A20202020202020202020202073746F704F6E486F766572203A20747275652C0A0A20202020202020207D293B0A0A202020207D293B0A0A202020206E657720574F5728292E696E697428293B0A0A0A20203C2F7363726970743E0A203C2F626F64793E0A3C2F68746D6C3E0A, 7252, 1711357970000, '__system', '2023-03-09 19:22:13', '__system', '2024-05-28 14:30:01', NULL);
INSERT INTO `cms_template` VALUES (13, 1630092239507464193, 'pc', 'rightblock.template.html', '', 0, 1693134724000, '__system', '2023-03-09 19:22:13', '__system', '2024-05-28 14:30:01', NULL);
INSERT INTO `cms_template` VALUES (14, 1630092239507464193, 'pc', 'detail_audio.template.html', 0x3C21444F43545950452068746D6C3E0A3C68746D6C206C616E673D22656E223E0A0A3C686561643E0A20203C6D65746120636861727365743D227574662D38223E0A20203C6D657461206E616D653D2276696577706F72742220636F6E74656E743D2277696474683D6465766963652D77696474682C20696E697469616C2D7363616C653D312E30223E0A20203C6D657461206E616D653D226465736372697074696F6E2220636F6E74656E743D22446576656C6F706564204279204D20416264757220526F6B69622050726F6D79223E0A20203C6D657461206E616D653D22617574686F722220636F6E74656E743D22636F736D6963223E0A20203C6D657461206E616D653D226B6579776F7264732220636F6E74656E743D22426F6F74737472617020332C2054656D706C6174652C205468656D652C20526573706F6E736976652C20436F72706F726174652C20427573696E657373223E0A20203C6C696E6B2072656C3D2273686F72746375742069636F6E2220687265663D22247B5072656669787D696D672F66617669636F6E2E706E67223E0A20203C7469746C653E247B436F6E74656E742E7469746C657D5F247B536974652E6E616D657D3C2F7469746C653E0A0A20203C212D2D20426F6F74737472617020636F726520435353202D2D3E0A20203C6C696E6B20687265663D22247B5072656669787D6373732F626F6F7473747261702E6D696E2E637373222072656C3D227374796C657368656574223E0A20203C6C696E6B20687265663D22247B5072656669787D6373732F7468656D652E637373222072656C3D227374796C657368656574223E0A20203C6C696E6B20687265663D22247B5072656669787D6373732F626F6F7473747261702D72657365742E637373222072656C3D227374796C657368656574223E0A20203C212D2D65787465726E616C206373732D2D3E0A20203C6C696E6B20687265663D22247B5072656669787D6173736574732F666F6E742D617765736F6D652F6373732F666F6E742D617765736F6D652E637373222072656C3D227374796C65736865657422202F3E0A20203C6C696E6B2072656C3D227374796C6573686565742220687265663D22247B5072656669787D6373732F666C6578736C696465722E63737322202F3E0A20203C6C696E6B20687265663D22247B5072656669787D6173736574732F6278736C696465722F6A71756572792E6278736C696465722E637373222072656C3D227374796C65736865657422202F3E0A20203C6C696E6B2072656C3D227374796C6573686565742220687265663D22247B5072656669787D6373732F616E696D6174652E637373223E0A20203C6C696E6B20687265663D27687474703A2F2F666F6E74732E676F6F676C65617069732E636F6D2F6373733F66616D696C793D4C61746F272072656C3D277374796C6573686565742720747970653D27746578742F637373273E0A0A0A20203C212D2D20437573746F6D207374796C657320666F7220746869732074656D706C617465202D2D3E0A20203C6C696E6B20687265663D22247B5072656669787D6373732F7374796C652E637373222072656C3D227374796C657368656574223E0A20203C6C696E6B20687265663D22247B5072656669787D6373732F7374796C652D726573706F6E736976652E637373222072656C3D227374796C65736865657422202F3E0A0A20203C212D2D2048544D4C35207368696D20616E6420526573706F6E642E6A732049453820737570706F7274206F662048544D4C3520746F6F6C746970737320616E64206D656469612071756572696573202D2D3E0A20203C212D2D5B6966206C7420494520395D3E0A3C736372697074207372633D22247B5072656669787D6A732F68746D6C35736869762E6A73223E0A3C2F7363726970743E0A3C736372697074207372633D22247B5072656669787D6A732F726573706F6E642E6D696E2E6A73223E0A3C2F7363726970743E0A3C215B656E6469665D2D2D3E0A0A3C7363726970743E77696E646F772E5F78795F636D73203D207B20636174616C6F675F69643A2027247B436174616C6F672E636174616C6F6749647D272C20636F6E74656E745F69643A2027247B436F6E74656E742E636F6E74656E7449647D27207D3B3C2F7363726970743E0A3C7374796C653E0A2E70616765626172207B206865696768743A20353070783B207D0A2E706167656261722061207B20626F726465723A2031707820736F6C696420233438636661643B2070616464696E673A20337078203870783B206D617267696E3A2030203270783B207D0A2E7061676562617220612E63757272656E74207B206261636B67726F756E642D636F6C6F723A20233438636661643B20636F6C6F723A20236666663B207D0A2E61727469636C655F636F6E7461696E657220696D67207B2077696474683A20313030253B207D0A61727469636C655F636F6E7461696E65722E206669677572652E696D6167655F726573697A6564207B096D617267696E3A206175746F3B207D0A3C2F7374796C653E0A3C2F686561643E0A0A3C626F64793E0A20203C212D2D6865616465722073746172742D2D3E0A20203C40636D735F696E636C7564652066696C653D226865616465722E74656D706C6174652E68746D6C223E3C2F40636D735F696E636C7564653E0A20203C212D2D68656164657220656E642D2D3E0A0A20203C212D2D62726561646372756D62732073746172742D2D3E0A20203C64697620636C6173733D2262726561646372756D6273223E0A202020203C64697620636C6173733D22636F6E7461696E6572223E0A2020202020203C64697620636C6173733D22726F77223E0A20202020202020203C64697620636C6173733D22636F6C2D6C672D3420636F6C2D736D2D34223E0A202020202020202020203C68313E247B436174616C6F672E6E616D657D3C2F68313E0A20202020202020203C2F6469763E0A20202020202020203C64697620636C6173733D22636F6C2D6C672D3820636F6C2D736D2D3822207374796C653D22746578742D616C69676E3A72696768743B70616464696E672D746F703A203570783B223E0A202020202020202020203C6120636C6173733D22706F736974696F6E2220687265663D22247B536974652E6C696E6B7D223EE9A696E9A1B53C2F613E0A202020202020202020203C236C69737420436174616C6F672E616E636573746F72733F73706C697428223A222920617320636174616C6F6749643E0A2020202020202020202020203C40636D735F636174616C6F672069643D22247B636174616C6F6749647D22206C6576656C3D2253656C66223E0A20202020202020202020202020203C236C69737420446174614C69737420617320636174616C6F673E0A20202020202020202020202020202020203E203C6120636C6173733D22706F736974696F6E2220687265663D22247B636174616C6F672E6C696E6B7D223E247B636174616C6F672E6E616D657D3C2F613E0A20202020202020202020202020203C2F236C6973743E0A2020202020202020202020203C2F40636D735F636174616C6F673E0A202020202020202020203C2F236C6973743E0A20202020202020203C2F6469763E0A2020202020203C2F6469763E0A202020203C2F6469763E0A20203C2F6469763E0A20203C212D2D62726561646372756D627320656E642D2D3E0A0A20203C212D2D636F6E7461696E65722073746172742D2D3E0A20203C64697620636C6173733D22636F6E7461696E6572223E0A202020203C64697620636C6173733D22726F77223E0A2020202020203C212D2D626C6F672073746172742D2D3E0A2020202020203C64697620636C6173733D22636F6C2D6C672D39223E0A20202020202020203C64697620636C6173733D22626C6F672D6974656D223E0A202020202020202020203C64697620636C6173733D22726F77223E0A2020202020202020202020203C64697620636C6173733D22636F6C2D6C672D3220636F6C2D736D2D32223E0A20202020202020202020202020203C64697620636C6173733D22646174652D77726170223E0A202020202020202020202020202020203C7370616E20636C6173733D2264617465223E0A202020202020202020202020202020202020247B64617465466F726D617428436F6E74656E742E7075626C697368446174652C20274D4D2F646427297D0A202020202020202020202020202020203C2F7370616E3E0A202020202020202020202020202020203C7370616E20636C6173733D226D6F6E7468223E0A202020202020202020202020202020202020247B64617465466F726D617428436F6E74656E742E7075626C697368446174652C20277979797927297D0A202020202020202020202020202020203C2F7370616E3E0A20202020202020202020202020203C2F6469763E0A20202020202020202020202020203C64697620636C6173733D22617574686F72223E0A2020202020202020202020202020202042790A202020202020202020202020202020203C6120687265663D2223223E0A202020202020202020202020202020202020247B436F6E74656E742E617574686F7221536974652E6E616D657D0A202020202020202020202020202020203C2F613E0A20202020202020202020202020203C2F6469763E0A20202020202020202020202020203C64697620636C6173733D2273742D76696577223E0A202020202020202020202020202020203C756C20636C6173733D226C6973742D756E7374796C6564223E0A2020202020202020202020202020202020203C6C693E0A20202020202020202020202020202020202020203C6120687265663D226A6176617363726970743A3B223E0A20202020202020202020202020202020202020202020247B72616E646F6D496E74283130303030297D266E6273703BE79C8BE8BF870A20202020202020202020202020202020202020203C2F613E0A2020202020202020202020202020202020203C2F6C693E0A2020202020202020202020202020202020203C6C693E0A20202020202020202020202020202020202020203C6120687265663D226A6176617363726970743A3B223E0A20202020202020202020202020202020202020202020247B72616E646F6D496E74283230297D266E6273703BE58886E4BAABE8BF870A20202020202020202020202020202020202020203C2F613E0A2020202020202020202020202020202020203C2F6C693E0A2020202020202020202020202020202020203C212D2D203C6C693E0A202020202020202020202020202020202020202020203C6120687265663D226A6176617363726970743A3B223E0A2020202020202020202020202020202020202020202020203135266E6273703BE8AF84E8AEBA0A202020202020202020202020202020202020202020203C2F613E0A20202020202020202020202020202020202020203C2F6C693E202D2D3E0A202020202020202020202020202020203C2F756C3E0A20202020202020202020202020203C2F6469763E0A2020202020202020202020203C2F6469763E0A2020202020202020202020203C64697620636C6173733D22636F6C2D6C672D313020636F6C2D736D2D3130223E0A20202020202020202020202020203C6831207374796C653D226D617267696E2D746F703A303B223E0A202020202020202020202020202020203C6120687265663D226A6176617363726970743A766F69642830293B223E0A202020202020202020202020202020202020247B436F6E74656E742E7469746C657D0A202020202020202020202020202020203C2F613E0A20202020202020202020202020203C2F68313E0A20202020202020202020202020203C64697620636C6173733D2261727469636C655F636F6E7461696E6572223E0A202020202020202020202020202020203C40636D735F617564696F20636F6E74656E7469643D22247B436F6E74656E742E636F6E74656E7449647D2220706167653D2266616C7365223E0A2020202020202020202020202020202020203C236C69737420446174614C69737420617320617564696F3E0A20202020202020202020202020202020202020203C68323EE99FB3E9A291E6A087E9A298EFBC9A247B617564696F2E7469746C657D3C2F68323E0A20202020202020202020202020202020202020203C703EE99FB3E9A291E697B6E995BFEFBC9A247B617564696F2E6475726174696F6E7D206D733C2F703E0A20202020202020202020202020202020202020203C703EE99FB3E9A291E6A0BCE5BC8FEFBC9A247B617564696F2E666F726D61747D3C2F703E0A20202020202020202020202020202020202020203C703EE99FB3E9A291E59CB0E59D80EFBC9A247B696E7465726E616C55726C28617564696F2E70617468297D3C2F703E0A2020202020202020202020202020202009093C2F236C6973743E0A202020202020202020202020202020203C2F40636D735F617564696F3E0A20202020202020202020202020203C2F6469763E0A2020202020202020202020203C2F6469763E0A202020202020202020203C2F6469763E0A20202020202020203C2F6469763E0A2020202020203C2F6469763E0A0A2020202020203C64697620636C6173733D22636F6C2D6C672D33223E0A20202020202020203C64697620636C6173733D22626C6F672D736964652D6974656D223E0A202020202020202020203C64697620636C6173733D227365617263682D726F77223E0A2020202020202020202020203C696E70757420747970653D22746578742220636C6173733D22666F726D2D636F6E74726F6C2220706C616365686F6C6465723D225365617263682068657265223E0A202020202020202020203C2F6469763E0A202020202020202020203C23696620436174616C6F672E706172656E744964213D303E0A202020202020202020203C40636D735F636174616C6F672069643D22247B436174616C6F672E616E636573746F72735B302E2E28436174616C6F672E616E636573746F72733F696E6465785F6F6628273A27292D31295D7D22206C6576656C3D224368696C64222073697A653D223130223E0A2020202020202020202020203C23696620546F74616C3F3F20262620546F74616C202667743B20303E0A20202020202020202020202020203C64697620636C6173733D2263617465676F7279223E0A202020202020202020202020202020203C68333E0A202020202020202020202020202020202020247B436174616C6F672E6E616D657D0A202020202020202020202020202020203C2F68333E0A202020202020202020202020202020203C756C20636C6173733D226C6973742D756E7374796C6564223E0A2020202020202020202020202020202020203C236C69737420446174614C697374206173206368696C643E0A20202020202020202020202020202020202020203C6C693E0A202020202020202020202020202020202020202020203C6120687265663D22247B6368696C642E6C696E6B7D223E0A2020202020202020202020202020202020202020202020203C6920636C6173733D2266612066612D616E676C652D72696768742070722D3130223E0A2020202020202020202020202020202020202020202020203C2F693E0A202020202020202020202020202020202020202020202020247B6368696C642E6E616D657D0A202020202020202020202020202020202020202020203C2F613E0A20202020202020202020202020202020202020203C2F6C693E0A2020202020202020202020202020202020203C2F236C6973743E0A202020202020202020202020202020203C2F756C3E0A20202020202020202020202020203C2F6469763E0A2020202020202020202020203C2F2369663E0A202020202020202020203C2F40636D735F636174616C6F673E0A202020202020202020203C2F2369663E0A202020202020202020203C64697620636C6173733D22626C6F672D706F7374223E0A2020202020202020202020203C68333EE69C80E8BF91E69BB4E696B03C2F68333E0A2020202020202020202020203C40636D735F636F6E74656E7420636174616C6F67616C6961733D226E65777322206C6576656C3D2243757272656E74416E644368696C64222073697A653D2235223E0A20202020202020202020202020203C236C69737420446174614C69737420617320636F6E74656E743E0A202020202020202020202020202020203C64697620636C6173733D226D65646961223E0A2020202020202020202020202020202020203C23696620636F6E74656E742E6C6F676F5372633F3F3E0A20202020202020202020202020202020202020203C6120636C6173733D2270756C6C2D6C6566742220687265663D226A6176617363726970743A3B223E0A202020202020202020202020202020202020202020203C696D6720636C6173733D222022207372633D22247B5265736F757263655072656669787D247B636F6E74656E742E6C6F676F5372637D2220616C743D22247B636F6E74656E742E7469746C657D223E0A20202020202020202020202020202020202020203C2F613E0A2020202020202020202020202020202020203C2F2369663E0A2020202020202020202020202020202020203C64697620636C6173733D226D656469612D626F6479223E0A20202020202020202020202020202020202020203C683520636C6173733D226D656469612D68656164696E67223E0A202020202020202020202020202020202020202020203C6120687265663D22247B636F6E74656E742E6C696E6B7D223E0A2020202020202020202020202020202020202020202020203C23696620636F6E74656E742E7469746C653F6C656E677468202667743B2036303E247B636F6E74656E742E7469746C655B302E2E36305D7D3C23656C73653E247B636F6E74656E742E7469746C657D3C2F2369663E0A202020202020202020202020202020202020202020203C2F613E0A20202020202020202020202020202020202020203C2F68353E0A20202020202020202020202020202020202020203C703E247B64617465466F726D617428636F6E74656E742E7075626C69736844617465297D3C2F703E0A2020202020202020202020202020202020203C2F6469763E0A202020202020202020202020202020203C2F6469763E0A20202020202020202020202020203C2F236C6973743E0A2020202020202020202020203C2F40636D735F636F6E74656E743E0A202020202020202020203C2F6469763E0A20202020202020203C2F6469763E0A2020202020203C2F6469763E0A202020203C2F6469763E0A20203C2F6469763E0A20203C212D2D636F6E7461696E657220656E642D2D3E0A0A20203C212D2D666F6F7465722073746172742D2D3E0A20203C40636D735F696E636C7564652066696C653D22666F6F7465722E74656D706C6174652E68746D6C223E3C2F40636D735F696E636C7564653E0A20203C212D2D736D616C6C20666F6F74657220656E642D2D3E0A0A20203C212D2D206A7320706C616365642061742074686520656E64206F662074686520646F63756D656E7420736F20746865207061676573206C6F616420666173746572202D2D3E0A20203C736372697074207372633D22247B5072656669787D6A732F6A71756572792E6A73223E0A20203C2F7363726970743E0A20203C736372697074207372633D22247B5072656669787D6A732F626F6F7473747261702E6D696E2E6A73223E0A20203C2F7363726970743E0A20203C73637269707420747970653D22746578742F6A61766173637269707422207372633D22247B5072656669787D6A732F686F7665722D64726F70646F776E2E6A73223E0A20203C2F7363726970743E0A20203C736372697074206465666572207372633D22247B5072656669787D6A732F6A71756572792E666C6578736C696465722E6A73223E0A20203C2F7363726970743E0A20203C73637269707420747970653D22746578742F6A61766173637269707422207372633D22247B5072656669787D6173736574732F6278736C696465722F6A71756572792E6278736C696465722E6A73223E0A20203C2F7363726970743E0A0A20203C736372697074207372633D22247B5072656669787D6A732F6A71756572792E656173696E672E6D696E2E6A73223E0A20203C2F7363726970743E0A20203C736372697074207372633D22247B5072656669787D6A732F6C696E6B2D686F7665722E6A73223E0A20203C2F7363726970743E0A0A0A20203C212D2D636F6D6D6F6E2073637269707420666F7220616C6C2070616765732D2D3E0A20203C736372697074207372633D22247B5072656669787D6A732F636F6D6D6F6E2D736372697074732E6A73223E0A20203C2F7363726970743E0A0A0A20203C736372697074207372633D22247B5072656669787D6A732F776F772E6D696E2E6A73223E0A20203C2F7363726970743E0A20203C7363726970743E0A20202020776F77203D206E657720574F57280A2020202020207B0A2020202020202020626F78436C6173733A2027776F77272C2020202020202F2F2064656661756C740A2020202020202020616E696D617465436C6173733A2027616E696D61746564272C202F2F2064656661756C740A20202020202020206F66667365743A2030202020202020202020202F2F2064656661756C740A2020202020207D0A20202020290A20202020776F772E696E697428293B0A20203C2F7363726970743E0A3C2F626F64793E0A0A3C2F68746D6C3E, 7862, 1711357920000, 'admin', '2023-03-24 11:16:26', '__system', '2024-05-28 14:29:59', NULL);
INSERT INTO `cms_template` VALUES (15, 1630092239507464193, 'pc', 'detail_video.template.html', 0x3C21444F43545950452068746D6C3E0A3C68746D6C206C616E673D22656E223E0A0A3C686561643E0A20203C6D65746120636861727365743D227574662D38223E0A20203C6D657461206E616D653D2276696577706F72742220636F6E74656E743D2277696474683D6465766963652D77696474682C20696E697469616C2D7363616C653D312E30223E0A20203C6D657461206E616D653D226465736372697074696F6E2220636F6E74656E743D22446576656C6F706564204279204D20416264757220526F6B69622050726F6D79223E0A20203C6D657461206E616D653D22617574686F722220636F6E74656E743D22636F736D6963223E0A20203C6D657461206E616D653D226B6579776F7264732220636F6E74656E743D22426F6F74737472617020332C2054656D706C6174652C205468656D652C20526573706F6E736976652C20436F72706F726174652C20427573696E657373223E0A20203C6C696E6B2072656C3D2273686F72746375742069636F6E2220687265663D22247B5072656669787D696D672F66617669636F6E2E706E67223E0A20203C7469746C653E247B436F6E74656E742E7469746C657D5F247B536974652E6E616D657D3C2F7469746C653E0A0A20203C212D2D20426F6F74737472617020636F726520435353202D2D3E0A20203C6C696E6B20687265663D22247B5072656669787D6373732F626F6F7473747261702E6D696E2E637373222072656C3D227374796C657368656574223E0A20203C6C696E6B20687265663D22247B5072656669787D6373732F7468656D652E637373222072656C3D227374796C657368656574223E0A20203C6C696E6B20687265663D22247B5072656669787D6373732F626F6F7473747261702D72657365742E637373222072656C3D227374796C657368656574223E0A20203C212D2D65787465726E616C206373732D2D3E0A20203C6C696E6B20687265663D22247B5072656669787D6173736574732F666F6E742D617765736F6D652F6373732F666F6E742D617765736F6D652E637373222072656C3D227374796C65736865657422202F3E0A20203C6C696E6B2072656C3D227374796C6573686565742220687265663D22247B5072656669787D6373732F666C6578736C696465722E63737322202F3E0A20203C6C696E6B20687265663D22247B5072656669787D6173736574732F6278736C696465722F6A71756572792E6278736C696465722E637373222072656C3D227374796C65736865657422202F3E0A20203C6C696E6B2072656C3D227374796C6573686565742220687265663D22247B5072656669787D6373732F616E696D6174652E637373223E0A20203C6C696E6B20687265663D27687474703A2F2F666F6E74732E676F6F676C65617069732E636F6D2F6373733F66616D696C793D4C61746F272072656C3D277374796C6573686565742720747970653D27746578742F637373273E0A0A0A20203C212D2D20437573746F6D207374796C657320666F7220746869732074656D706C617465202D2D3E0A20203C6C696E6B20687265663D22247B5072656669787D6373732F7374796C652E637373222072656C3D227374796C657368656574223E0A20203C6C696E6B20687265663D22247B5072656669787D6373732F7374796C652D726573706F6E736976652E637373222072656C3D227374796C65736865657422202F3E0A0A20203C212D2D2048544D4C35207368696D20616E6420526573706F6E642E6A732049453820737570706F7274206F662048544D4C3520746F6F6C746970737320616E64206D656469612071756572696573202D2D3E0A20203C212D2D5B6966206C7420494520395D3E0A3C736372697074207372633D22247B5072656669787D6A732F68746D6C35736869762E6A73223E0A3C2F7363726970743E0A3C736372697074207372633D22247B5072656669787D6A732F726573706F6E642E6D696E2E6A73223E0A3C2F7363726970743E0A3C215B656E6469665D2D2D3E0A0A3C7363726970743E77696E646F772E5F78795F636D73203D207B20636174616C6F675F69643A2027247B436174616C6F672E636174616C6F6749647D272C20636F6E74656E745F69643A2027247B436F6E74656E742E636F6E74656E7449647D27207D3B3C2F7363726970743E0A3C7374796C653E0A2E70616765626172207B206865696768743A20353070783B207D0A2E706167656261722061207B20626F726465723A2031707820736F6C696420233438636661643B2070616464696E673A20337078203870783B206D617267696E3A2030203270783B207D0A2E7061676562617220612E63757272656E74207B206261636B67726F756E642D636F6C6F723A20233438636661643B20636F6C6F723A20236666663B207D0A2E61727469636C655F636F6E7461696E657220696D67207B2077696474683A20313030253B207D0A61727469636C655F636F6E7461696E65722E206669677572652E696D6167655F726573697A6564207B096D617267696E3A206175746F3B207D0A3C2F7374796C653E0A3C2F686561643E0A0A3C626F64793E0A20203C212D2D6865616465722073746172742D2D3E0A20203C40636D735F696E636C7564652066696C653D226865616465722E74656D706C6174652E68746D6C223E3C2F40636D735F696E636C7564653E0A20203C212D2D68656164657220656E642D2D3E0A0A20203C212D2D62726561646372756D62732073746172742D2D3E0A20203C64697620636C6173733D2262726561646372756D6273223E0A202020203C64697620636C6173733D22636F6E7461696E6572223E0A2020202020203C64697620636C6173733D22726F77223E0A20202020202020203C64697620636C6173733D22636F6C2D6C672D3420636F6C2D736D2D34223E0A202020202020202020203C68313E247B436174616C6F672E6E616D657D3C2F68313E0A20202020202020203C2F6469763E0A20202020202020203C64697620636C6173733D22636F6C2D6C672D3820636F6C2D736D2D3822207374796C653D22746578742D616C69676E3A72696768743B70616464696E672D746F703A203570783B223E0A202020202020202020203C6120636C6173733D22706F736974696F6E2220687265663D22247B536974652E6C696E6B7D223EE9A696E9A1B53C2F613E0A202020202020202020203C236C69737420436174616C6F672E616E636573746F72733F73706C697428223A222920617320636174616C6F6749643E0A2020202020202020202020203C40636D735F636174616C6F672069643D22247B636174616C6F6749647D22206C6576656C3D2253656C66223E0A20202020202020202020202020203C236C69737420446174614C69737420617320636174616C6F673E0A20202020202020202020202020202020203E203C6120636C6173733D22706F736974696F6E2220687265663D22247B636174616C6F672E6C696E6B7D223E247B636174616C6F672E6E616D657D3C2F613E0A20202020202020202020202020203C2F236C6973743E0A2020202020202020202020203C2F40636D735F636174616C6F673E0A202020202020202020203C2F236C6973743E0A20202020202020203C2F6469763E0A2020202020203C2F6469763E0A202020203C2F6469763E0A20203C2F6469763E0A20203C212D2D62726561646372756D627320656E642D2D3E0A0A20203C212D2D636F6E7461696E65722073746172742D2D3E0A20203C64697620636C6173733D22636F6E7461696E6572223E0A202020203C64697620636C6173733D22726F77223E0A2020202020203C212D2D626C6F672073746172742D2D3E0A2020202020203C64697620636C6173733D22636F6C2D6C672D39223E0A20202020202020203C64697620636C6173733D22626C6F672D6974656D223E0A202020202020202020203C64697620636C6173733D22726F77223E0A2020202020202020202020203C64697620636C6173733D22636F6C2D6C672D3220636F6C2D736D2D32223E0A20202020202020202020202020203C64697620636C6173733D22646174652D77726170223E0A202020202020202020202020202020203C7370616E20636C6173733D2264617465223E0A202020202020202020202020202020202020247B64617465466F726D617428436F6E74656E742E7075626C697368446174652C20274D4D2F646427297D0A202020202020202020202020202020203C2F7370616E3E0A202020202020202020202020202020203C7370616E20636C6173733D226D6F6E7468223E0A202020202020202020202020202020202020247B64617465466F726D617428436F6E74656E742E7075626C697368446174652C20277979797927297D0A202020202020202020202020202020203C2F7370616E3E0A20202020202020202020202020203C2F6469763E0A20202020202020202020202020203C64697620636C6173733D22617574686F72223E0A2020202020202020202020202020202042790A202020202020202020202020202020203C6120687265663D2223223E0A202020202020202020202020202020202020247B436F6E74656E742E617574686F7221536974652E6E616D657D0A202020202020202020202020202020203C2F613E0A20202020202020202020202020203C2F6469763E0A20202020202020202020202020203C64697620636C6173733D2273742D76696577223E0A202020202020202020202020202020203C756C20636C6173733D226C6973742D756E7374796C6564223E0A2020202020202020202020202020202020203C6C693E0A20202020202020202020202020202020202020203C6120687265663D226A6176617363726970743A3B223E0A20202020202020202020202020202020202020202020247B72616E646F6D496E74283130303030297D266E6273703BE79C8BE8BF870A20202020202020202020202020202020202020203C2F613E0A2020202020202020202020202020202020203C2F6C693E0A2020202020202020202020202020202020203C6C693E0A20202020202020202020202020202020202020203C6120687265663D226A6176617363726970743A3B223E0A20202020202020202020202020202020202020202020247B72616E646F6D496E74283230297D266E6273703BE58886E4BAABE8BF870A20202020202020202020202020202020202020203C2F613E0A2020202020202020202020202020202020203C2F6C693E0A2020202020202020202020202020202020203C212D2D203C6C693E0A202020202020202020202020202020202020202020203C6120687265663D226A6176617363726970743A3B223E0A2020202020202020202020202020202020202020202020203135266E6273703BE8AF84E8AEBA0A202020202020202020202020202020202020202020203C2F613E0A20202020202020202020202020202020202020203C2F6C693E202D2D3E0A202020202020202020202020202020203C2F756C3E0A20202020202020202020202020203C2F6469763E0A2020202020202020202020203C2F6469763E0A2020202020202020202020203C64697620636C6173733D22636F6C2D6C672D313020636F6C2D736D2D3130223E0A20202020202020202020202020203C6831207374796C653D226D617267696E2D746F703A303B223E0A202020202020202020202020202020203C6120687265663D226A6176617363726970743A766F69642830293B223E0A202020202020202020202020202020202020247B436F6E74656E742E7469746C657D0A202020202020202020202020202020203C2F613E0A20202020202020202020202020203C2F68313E0A20202020202020202020202020203C64697620636C6173733D2261727469636C655F636F6E7461696E6572223E0A202020202020202020202020202020203C40636D735F766964656F20636F6E74656E7469643D22247B436F6E74656E742E636F6E74656E7449647D2220706167653D2266616C7365223E0A2020202020202020202020202020202020203C236C69737420446174614C69737420617320766964656F3E0A20202020202020202020202020202020202020203C68323EE6A087E9A298EFBC9A247B766964656F2E7469746C6521217D3C2F68323E0A20202020202020202020202020202020202020203C703EE697B6E995BFEFBC9A247B766964656F2E6475726174696F6E21217D206D733C2F703E0A20202020202020202020202020202020202020203C703EE7B1BBE59E8BEFBC9A247B766964656F2E7479706521217D3C2F703E0A20202020202020202020202020202020202020203C703EE6A0BCE5BC8FEFBC9A247B766964656F2E666F726D617421217D3C2F703E0A20202020202020202020202020202020202020203C703EE7BC96E7A081E696B9E5BC8FEFBC9A247B766964656F2E6465636F64657221217D3C2F703E0A20202020202020202020202020202020202020203C703EE6AF94E789B9E78E87EFBC9A247B766964656F2E6269745261746521217D3C2F703E0A20202020202020202020202020202020202020203C703EE5B8A7E78E87EFBC9A247B766964656F2E6672616D655261746521217D3C2F703E0A20202020202020202020202020202020202020203C703EE59CB0E59D80EFBC9A247B766964656F2E706174687D3C2F703E0A2020202020202020202020202020202009093C2F236C6973743E0A202020202020202020202020202020203C2F40636D735F766964656F3E0A20202020202020202020202020203C2F6469763E0A2020202020202020202020203C2F6469763E0A202020202020202020203C2F6469763E0A20202020202020203C2F6469763E0A2020202020203C2F6469763E0A0A2020202020203C64697620636C6173733D22636F6C2D6C672D33223E0A20202020202020203C64697620636C6173733D22626C6F672D736964652D6974656D223E0A202020202020202020203C64697620636C6173733D227365617263682D726F77223E0A2020202020202020202020203C696E70757420747970653D22746578742220636C6173733D22666F726D2D636F6E74726F6C2220706C616365686F6C6465723D225365617263682068657265223E0A202020202020202020203C2F6469763E0A202020202020202020203C23696620436174616C6F672E706172656E744964213D303E0A202020202020202020203C40636D735F636174616C6F672069643D22247B436174616C6F672E616E636573746F72735B302E2E28436174616C6F672E616E636573746F72733F696E6465785F6F6628273A27292D31295D7D22206C6576656C3D224368696C64222073697A653D223130223E0A2020202020202020202020203C23696620546F74616C3F3F20262620546F74616C202667743B20303E0A20202020202020202020202020203C64697620636C6173733D2263617465676F7279223E0A202020202020202020202020202020203C68333E0A202020202020202020202020202020202020247B436174616C6F672E6E616D657D0A202020202020202020202020202020203C2F68333E0A202020202020202020202020202020203C756C20636C6173733D226C6973742D756E7374796C6564223E0A2020202020202020202020202020202020203C236C69737420446174614C697374206173206368696C643E0A20202020202020202020202020202020202020203C6C693E0A202020202020202020202020202020202020202020203C6120687265663D22247B6368696C642E6C696E6B7D223E0A2020202020202020202020202020202020202020202020203C6920636C6173733D2266612066612D616E676C652D72696768742070722D3130223E0A2020202020202020202020202020202020202020202020203C2F693E0A202020202020202020202020202020202020202020202020247B6368696C642E6E616D657D0A202020202020202020202020202020202020202020203C2F613E0A20202020202020202020202020202020202020203C2F6C693E0A2020202020202020202020202020202020203C2F236C6973743E0A202020202020202020202020202020203C2F756C3E0A20202020202020202020202020203C2F6469763E0A2020202020202020202020203C2F2369663E0A202020202020202020203C2F40636D735F636174616C6F673E0A202020202020202020203C2F2369663E0A202020202020202020203C64697620636C6173733D22626C6F672D706F7374223E0A2020202020202020202020203C68333EE69C80E8BF91E69BB4E696B03C2F68333E0A2020202020202020202020203C40636D735F636F6E74656E7420636174616C6F67616C6961733D226E65777322206C6576656C3D2243757272656E74416E644368696C64222073697A653D2235223E0A20202020202020202020202020203C236C69737420446174614C69737420617320636F6E74656E743E0A202020202020202020202020202020203C64697620636C6173733D226D65646961223E0A2020202020202020202020202020202020203C23696620636F6E74656E742E6C6F676F5372633F3F3E0A20202020202020202020202020202020202020203C6120636C6173733D2270756C6C2D6C6566742220687265663D226A6176617363726970743A3B223E0A202020202020202020202020202020202020202020203C696D6720636C6173733D222022207372633D22247B5265736F757263655072656669787D247B636F6E74656E742E6C6F676F5372637D2220616C743D22247B636F6E74656E742E7469746C657D223E0A20202020202020202020202020202020202020203C2F613E0A2020202020202020202020202020202020203C2F2369663E0A2020202020202020202020202020202020203C64697620636C6173733D226D656469612D626F6479223E0A20202020202020202020202020202020202020203C683520636C6173733D226D656469612D68656164696E67223E0A202020202020202020202020202020202020202020203C6120687265663D22247B636F6E74656E742E6C696E6B7D223E0A2020202020202020202020202020202020202020202020203C23696620636F6E74656E742E7469746C653F6C656E677468202667743B2036303E247B636F6E74656E742E7469746C655B302E2E36305D7D3C23656C73653E247B636F6E74656E742E7469746C657D3C2F2369663E0A202020202020202020202020202020202020202020203C2F613E0A20202020202020202020202020202020202020203C2F68353E0A20202020202020202020202020202020202020203C703E247B64617465466F726D617428636F6E74656E742E7075626C69736844617465297D3C2F703E0A2020202020202020202020202020202020203C2F6469763E0A202020202020202020202020202020203C2F6469763E0A20202020202020202020202020203C2F236C6973743E0A2020202020202020202020203C2F40636D735F636F6E74656E743E0A202020202020202020203C2F6469763E0A20202020202020203C2F6469763E0A2020202020203C2F6469763E0A202020203C2F6469763E0A20203C2F6469763E0A20203C212D2D636F6E7461696E657220656E642D2D3E0A0A20203C212D2D666F6F7465722073746172742D2D3E0A20203C40636D735F696E636C7564652066696C653D22666F6F7465722E74656D706C6174652E68746D6C223E3C2F40636D735F696E636C7564653E0A20203C212D2D736D616C6C20666F6F74657220656E642D2D3E0A0A20203C212D2D206A7320706C616365642061742074686520656E64206F662074686520646F63756D656E7420736F20746865207061676573206C6F616420666173746572202D2D3E0A20203C736372697074207372633D22247B5072656669787D6A732F6A71756572792E6A73223E0A20203C2F7363726970743E0A20203C736372697074207372633D22247B5072656669787D6A732F626F6F7473747261702E6D696E2E6A73223E0A20203C2F7363726970743E0A20203C73637269707420747970653D22746578742F6A61766173637269707422207372633D22247B5072656669787D6A732F686F7665722D64726F70646F776E2E6A73223E0A20203C2F7363726970743E0A20203C736372697074206465666572207372633D22247B5072656669787D6A732F6A71756572792E666C6578736C696465722E6A73223E0A20203C2F7363726970743E0A20203C73637269707420747970653D22746578742F6A61766173637269707422207372633D22247B5072656669787D6173736574732F6278736C696465722F6A71756572792E6278736C696465722E6A73223E0A20203C2F7363726970743E0A0A20203C736372697074207372633D22247B5072656669787D6A732F6A71756572792E656173696E672E6D696E2E6A73223E0A20203C2F7363726970743E0A20203C736372697074207372633D22247B5072656669787D6A732F6C696E6B2D686F7665722E6A73223E0A20203C2F7363726970743E0A0A0A20203C212D2D636F6D6D6F6E2073637269707420666F7220616C6C2070616765732D2D3E0A20203C736372697074207372633D22247B5072656669787D6A732F636F6D6D6F6E2D736372697074732E6A73223E0A20203C2F7363726970743E0A0A0A20203C736372697074207372633D22247B5072656669787D6A732F776F772E6D696E2E6A73223E0A20203C2F7363726970743E0A20203C7363726970743E0A20202020776F77203D206E657720574F57280A2020202020207B0A2020202020202020626F78436C6173733A2027776F77272C2020202020202F2F2064656661756C740A2020202020202020616E696D617465436C6173733A2027616E696D61746564272C202F2F2064656661756C740A20202020202020206F66667365743A2030202020202020202020202F2F2064656661756C740A2020202020207D0A20202020290A20202020776F772E696E697428293B0A20203C2F7363726970743E0A3C2F626F64793E0A0A3C2F68746D6C3E, 8059, 1711357906000, 'admin', '2023-03-24 12:48:19', '__system', '2024-05-28 14:29:59', NULL);
INSERT INTO `cms_template` VALUES (23, 1630092239507464193, 'pc', 'img_group.template.html', 0x3C703EE59BBEE99B86E5BC80E5A78B3C2F703E0A3C40636D735F696D61676520636F6E74656E7469643D22247B436F6E74656E742E636F6E74656E7449647D223E0A20203C236C69737420446174614C697374206173206974656D3E0A2020093C696D6720737263203D2022247B696E7465726E616C55726C286974656D2E70617468297D22207374796C653D2277696474683A323030707822202F3E0A20203C2F236C6973743E0A3C2F40636D735F696D6167653E0A3C703EE59BBEE99B86E7BB93E69D9F3C2F703E, 202, 1693134724000, 'admin', '2023-05-18 10:58:25', '__system', '2024-05-28 14:30:00', NULL);
INSERT INTO `cms_template` VALUES (24, 1630092239507464193, 'pc', 'customform.template.html', 0x3C666F726D2069643D22666F726D5F636F6E746163747573223E0A20203C696E70757420747970653D2268696464656E222069643D22666F726D4964222076616C75653D22247B437573746F6D466F726D2E666F726D49647D22202F3E0A20203C7461626C653E0A2020202020203C40636D735F786D6F64656C5F6669656C64206D6F64656C69643D22247B437573746F6D466F726D2E6D6F64656C49647D223E0A2020202020203C236C69737420446174614C697374206173206669656C643E0A20202020202020203C236966206669656C642E636F6E74726F6C54797065203D3D2027696E707574273E0A20202020202020203C74723E0A202020202020202020203C7464207374796C653D2270616464696E673A3570783B746578742D616C69676E3A72696768743B77696474683A37307078223E247B6669656C642E6E616D657D3C2F74643E0A202020202020202020203C7464207374796C653D2270616464696E673A3570783B223E3C696E70757420747970653D22746578742220636C6173733D22666F726D2D636F6E74726F6C222069643D22247B6669656C642E636F64657D22202F3E3C2F74643E0A20202020202020203C2F74723E0A20202020202020203C2F2369663E0A2020202020203C2F236C6973743E0A202020203C2F40636D735F786D6F64656C5F6669656C643E0A202020203C74723E0A2020202020203C74643E3C2F74643E0A2020202020203C7464207374796C653D22746578742D616C69676E3A72696768743B70616464696E673A3570783B223E3C696E70757420747970653D22627574746F6E2220636C6173733D22666F726D2D636F6E74726F6C222076616C75653D22E68F90E4BAA422206F6E636C69636B3D227375626D6974437573746F6D466F726D282922207374796C653D22636F6C6F723A233636363B77696474683A6175746F3B223E203C2F74643E0A202020203C2F74723E0A20203C2F7461626C653E0A3C2F666F726D3E0A3C7363726970743E0A202066756E6374696F6E207375626D6974437573746F6D466F726D2829207B0A202020242E616A6178287B0A2020202075726C3A2022247B437573746F6D466F726D2E616374696F6E7D222C0A2020202020747970653A2022706F7374222C0A2020202020636F6E74656E74547970653A20226170706C69636174696F6E2F6A736F6E3B20636861727365743D7574662D38222C0A202020202064617461547970653A20226A736F6E222C0A2020202020646174613A204A534F4E2E737472696E67696679287B22666F726D4964223A2024282723666F726D496427292E76616C28292C2022756E616D65223A2024282723756E616D6527292E76616C28292C202270686F6E65223A202428272370686F6E6527292E76616C28292C2022656D61696C223A2024282723656D61696C27292E76616C28292C2022636F6D70616E79223A2024282723636F6D70616E7927292E76616C28297D292C0A2020202020737563636573733A2066756E6374696F6E2872657329207B0A2020202020202020616C657274287265732E6D7367290A20202020207D0A2020207D29200A20207D0A3C2F7363726970743E, 1164, 1693134724000, 'admin', '2023-06-11 16:06:43', '__system', '2024-05-28 14:29:59', NULL);
INSERT INTO `cms_template` VALUES (25, 1630092239507464193, 'pc', 'contactus.template.html', 0x3C21444F43545950452068746D6C3E0A3C68746D6C206C616E673D22656E223E0A20203C686561643E0A202020203C6D65746120636861727365743D227574662D38223E0A202020203C6D657461206E616D653D2276696577706F72742220636F6E74656E743D2277696474683D6465766963652D77696474682C20696E697469616C2D7363616C653D312E30223E0A202020203C6D657461206E616D653D226465736372697074696F6E2220636F6E74656E743D22446576656C6F706564204279204D20416264757220526F6B69622050726F6D79223E0A202020203C6D657461206E616D653D22617574686F722220636F6E74656E743D22636F736D6963223E0A202020203C6D657461206E616D653D226B6579776F7264732220636F6E74656E743D22426F6F74737472617020332C2054656D706C6174652C205468656D652C20526573706F6E736976652C20436F72706F726174652C20427573696E657373223E0A202020203C6C696E6B2072656C3D2273686F72746375742069636F6E2220687265663D22247B5072656669787D696D672F66617669636F6E2E706E67223E0A202020203C7469746C653E247B436F6E74656E742E7469746C657D5F247B536974652E6E616D657D3C2F7469746C653E0A0A202020203C212D2D20426F6F74737472617020636F726520435353202D2D3E0A202020203C6C696E6B20687265663D22247B5072656669787D6373732F626F6F7473747261702E6D696E2E637373222072656C3D227374796C657368656574223E0A202020203C6C696E6B20687265663D22247B5072656669787D6373732F7468656D652E637373222072656C3D227374796C657368656574223E0A202020203C6C696E6B20687265663D22247B5072656669787D6373732F626F6F7473747261702D72657365742E637373222072656C3D227374796C657368656574223E0A202020203C212D2D65787465726E616C206373732D2D3E0A202020203C6C696E6B20687265663D22247B5072656669787D6173736574732F666F6E742D617765736F6D652F6373732F666F6E742D617765736F6D652E637373222072656C3D227374796C65736865657422202F3E0A202020203C6C696E6B2072656C3D227374796C6573686565742220687265663D22247B5072656669787D6373732F666C6578736C696465722E637373222F3E0A202020203C6C696E6B20687265663D22247B5072656669787D6173736574732F6278736C696465722F6A71756572792E6278736C696465722E637373222072656C3D227374796C65736865657422202F3E0A202020203C6C696E6B2072656C3D227374796C6573686565742220687265663D22247B5072656669787D6373732F616E696D6174652E637373223E0A202020203C6C696E6B20687265663D27687474703A2F2F666F6E74732E676F6F676C65617069732E636F6D2F6373733F66616D696C793D4C61746F272072656C3D277374796C6573686565742720747970653D27746578742F637373273E0A0A0A202020203C212D2D20437573746F6D207374796C657320666F7220746869732074656D706C617465202D2D3E0A202020203C6C696E6B20687265663D22247B5072656669787D6373732F7374796C652E637373222072656C3D227374796C657368656574223E0A202020203C6C696E6B20687265663D22247B5072656669787D6373732F7374796C652D726573706F6E736976652E637373222072656C3D227374796C65736865657422202F3E0A0A202020203C212D2D2048544D4C35207368696D20616E6420526573706F6E642E6A732049453820737570706F7274206F662048544D4C3520746F6F6C746970737320616E64206D656469612071756572696573202D2D3E0A202020203C212D2D5B6966206C7420494520395D3E0A3C736372697074207372633D22247B5072656669787D6A732F68746D6C35736869762E6A73223E0A3C2F7363726970743E0A3C736372697074207372633D22247B5072656669787D6A732F726573706F6E642E6D696E2E6A73223E0A3C2F7363726970743E0A3C215B656E6469665D2D2D3E0A3C7363726970743E77696E646F772E5F78795F636D73203D207B20636174616C6F675F69643A2027247B436174616C6F672E636174616C6F6749647D272C20636F6E74656E745F69643A2027247B436F6E74656E742E636F6E74656E7449647D27207D3B3C2F7363726970743E0A20203C2F686561643E0A0A20203C626F64793E0A202020203C212D2D6865616465722073746172742D2D3E0A202020203C40636D735F696E636C7564652066696C653D226865616465722E74656D706C6174652E68746D6C223E3C2F40636D735F696E636C7564653E0A202020203C212D2D68656164657220656E642D2D3E0A0A202020203C212D2D62726561646372756D62732073746172742D2D3E0A202020203C64697620636C6173733D2262726561646372756D6273223E0A2020202020203C64697620636C6173733D22636F6E7461696E6572223E0A20202020202020203C64697620636C6173733D22726F77223E0A202020202020202020203C64697620636C6173733D22636F6C2D6C672D3420636F6C2D736D2D34223E0A2020202020202020202020203C68313E247B436174616C6F672E6E616D657D3C2F68313E0A202020202020202020203C2F6469763E0A202020202020202020203C64697620636C6173733D22636F6C2D6C672D3820636F6C2D736D2D3822207374796C653D22746578742D616C69676E3A72696768743B70616464696E672D746F703A203570783B223E0A2020202020202020202020203C6120636C6173733D22706F736974696F6E2220687265663D22247B536974652E6C696E6B7D223EE9A696E9A1B53C2F613E0A2020202020202020202020203C236C69737420436174616C6F672E616E636573746F72733F73706C697428223A222920617320636174616C6F6749643E0A20202020202020202020202020203C40636D735F636174616C6F672069643D22247B636174616C6F6749647D22206C6576656C3D2253656C66223E0A202020202020202020202020202020203C236C69737420446174614C69737420617320636174616C6F673E0A202020202020202020202020202020202020203E203C6120636C6173733D22706F736974696F6E2220687265663D22247B636174616C6F672E6C696E6B7D223E247B636174616C6F672E6E616D657D3C2F613E0A202020202020202020202020202020203C2F236C6973743E0A20202020202020202020202020203C2F40636D735F636174616C6F673E0A2020202020202020202020203C2F236C6973743E0A202020202020202020203C2F6469763E0A20202020202020203C2F6469763E0A2020202020203C2F6469763E0A202020203C2F6469763E0A202020200A202020203C212D2D62726561646372756D627320656E642D2D3E0A0A202020203C212D2D636F6E7461696E65722073746172742D2D3E0A202020203C64697620636C6173733D22636F6E7461696E6572223E0A2020202020203C64697620636C6173733D22726F77223E0A20202020202020203C212D2D626C6F672073746172742D2D3E0A20202020202020203C64697620636C6173733D22636F6C2D6C672D39223E0A202020202020202020203C64697620636C6173733D22626C6F672D6974656D223E0A2020202020202020202020203C64697620636C6173733D22726F77223E0A20202020202020202020202020203C64697620636C6173733D22636F6C2D6C672D3220636F6C2D736D2D32223E0A202020202020202020202020202020203C64697620636C6173733D22646174652D77726170223E0A2020202020202020202020202020202020203C7370616E20636C6173733D2264617465223E0A2020202020202020202020202020202020202020247B64617465466F726D617428436F6E74656E742E7075626C697368446174652C224D4D2F646422297D0A2020202020202020202020202020202020203C2F7370616E3E0A2020202020202020202020202020202020203C7370616E20636C6173733D226D6F6E7468223E0A2020202020202020202020202020202020202020247B64617465466F726D617428436F6E74656E742E7075626C697368446174652C227979797922297D0A2020202020202020202020202020202020203C2F7370616E3E0A202020202020202020202020202020203C2F6469763E0A202020202020202020202020202020203C64697620636C6173733D22617574686F72223E0A20202020202020202020202020202020202042790A2020202020202020202020202020202020203C6120687265663D2223223E0A20202020202020202020202020202020202020203C23696620436F6E74656E742E617574686F723F3F20262620436F6E74656E742E617574686F7220213D2027273E247B436F6E74656E742E617574686F727D3C23656C73653E247B536974652E6E616D657D3C2F2369663E0A2020202020202020202020202020202020203C2F613E0A202020202020202020202020202020203C2F6469763E0A20202020202020202020202020203C2F6469763E0A20202020202020202020202020203C64697620636C6173733D22636F6C2D6C672D313020636F6C2D736D2D3130223E0A09090909090909090909093C6831207374796C653D226D617267696E2D746F703A303B223E0A2020202020202020202020202020202020203C6120687265663D226A6176617363726970743A766F69642830293B223E0A2020202020202020202020202020202020202020247B436F6E74656E742E7469746C657D0A2020202020202020202020202020202020203C2F613E0A202020202020202020202020202020203C2F68313E0A202020202020202020202020202020203C6469763E0A2020202020202020202020202020202020203C40636D735F61727469636C6520636F6E74656E7449643D22247B436F6E74656E742E636F6E74656E7449647D223E0A092020202020202020202020202020202009247B41727469636C65436F6E74656E747D0A2020202020202020202020202020202020203C2F40636D735F61727469636C653E0A202020202020202020202020202020203C2F6469763E0A202020202020202020202020202020203C6469763E0A2020202020202020202020202020202020203C68722F3E0A2020202020202020202020202020202020203C6831207374796C653D226D617267696E2D746F703A32303B223E0A20202020202020202020202020202020202020203C6120687265663D226A6176617363726970743A766F69642830293B223EE794B3E8AFB7E8AF95E794A8EFBC9A3C2F613E0A2020202020202020202020202020202020203C2F68313E0A2020202020202020202020202020202020203C40636D735F637573746F6D5F666F726D20636F64653D22636F6E74616374757322207373693D2266616C7365223E3C2F40636D735F637573746F6D5F666F726D3E0A202020202020202020202020202020203C2F6469763E0A20202020202020202020202020203C2F6469763E0A2020202020202020202020203C2F6469763E0A202020202020202020203C2F6469763E0A20202020202020203C2F6469763E0A0A20202020202020203C64697620636C6173733D22636F6C2D6C672D33223E0A202020202020202020203C64697620636C6173733D22626C6F672D736964652D6974656D223E0A2020202020202020202020203C64697620636C6173733D227365617263682D726F77223E0A20202020202020202020202020203C696E70757420747970653D22746578742220636C6173733D22666F726D2D636F6E74726F6C2220706C616365686F6C6465723D225365617263682068657265223E0A2020202020202020202020203C2F6469763E0A2020202020202020202020203C64697620636C6173733D2263617465676F7279223E0A20202020202020202020202020203C68333E0A20202020202020202020202009E585ACE58FB8E4BB8BE7BB8D0A20202020202020202020202020203C2F68333E0A20202020202020202020202020203C756C20636C6173733D226C6973742D756E7374796C6564223E0A202020202020202020202020093C40636D735F636174616C6F6720616C6961733D22636F6D70616E7922206C6576656C3D224368696C642220706167653D2266616C7365223E0A20202020202020202020202009093C236C69737420446174614C69737420617320636174616C6F673E0A202020202020202020202020202020203C6C693E0A2020202020202020202020202020202020203C6120687265663D22247B636174616C6F672E6C696E6B7D223E0A20202020202020202020202020202020202020203C6920636C6173733D2266612066612D616E676C652D72696768742070722D3130223E0A20202020202020202020202020202020202020203C2F693E0A2020202020202020202020202020202020202020247B636174616C6F672E6E616D657D0A2020202020202020202020202020202020203C2F613E0A202020202020202020202020202020203C2F6C693E0A202020202020202020202020202020203C2F236C6973743E0A202020202020202020202020202020203C2F40636D735F636174616C6F673E0A20202020202020202020202020203C2F756C3E0A2020202020202020202020203C2F6469763E0A202020202020202020203C2F6469763E0A20202020202020203C2F6469763E0A2020202020203C2F6469763E0A202020203C2F6469763E0A202020203C212D2D636F6E7461696E657220656E642D2D3E0A0A202020203C212D2D666F6F7465722073746172742D2D3E0A202020203C40636D735F696E636C7564652066696C653D22666F6F7465722E74656D706C6174652E68746D6C223E3C2F40636D735F696E636C7564653E0A202020203C212D2D736D616C6C20666F6F74657220656E642D2D3E0A0A202020203C212D2D206A7320706C616365642061742074686520656E64206F662074686520646F63756D656E7420736F20746865207061676573206C6F616420666173746572202D2D3E0A202020203C736372697074207372633D22247B5072656669787D6A732F6A71756572792E6A73223E0A202020203C2F7363726970743E0A202020203C736372697074207372633D22247B5072656669787D6A732F626F6F7473747261702E6D696E2E6A73223E0A202020203C2F7363726970743E0A202020203C73637269707420747970653D22746578742F6A61766173637269707422207372633D22247B5072656669787D6A732F686F7665722D64726F70646F776E2E6A73223E0A202020203C2F7363726970743E0A202020203C736372697074206465666572207372633D22247B5072656669787D6A732F6A71756572792E666C6578736C696465722E6A73223E0A202020203C2F7363726970743E0A202020203C73637269707420747970653D22746578742F6A61766173637269707422207372633D22247B5072656669787D6173736574732F6278736C696465722F6A71756572792E6278736C696465722E6A73223E0A202020203C2F7363726970743E0A0A202020203C736372697074207372633D22247B5072656669787D6A732F6A71756572792E656173696E672E6D696E2E6A73223E0A202020203C2F7363726970743E0A202020203C736372697074207372633D22247B5072656669787D6A732F6C696E6B2D686F7665722E6A73223E0A202020203C2F7363726970743E0A0A0A202020203C212D2D636F6D6D6F6E2073637269707420666F7220616C6C2070616765732D2D3E0A202020203C736372697074207372633D22247B5072656669787D6A732F636F6D6D6F6E2D736372697074732E6A73223E0A202020203C2F7363726970743E0A0A0A202020203C736372697074207372633D22247B5072656669787D6A732F776F772E6D696E2E6A73223E0A202020203C2F7363726970743E0A202020203C7363726970743E0A202020202020776F77203D206E657720574F57280A20202020202020207B0A20202020202020202020626F78436C6173733A202020202027776F77272C2020202020202F2F2064656661756C740A20202020202020202020616E696D617465436C6173733A2027616E696D61746564272C202F2F2064656661756C740A202020202020202020206F66667365743A2020202020202030202020202020202020202F2F2064656661756C740A20202020202020207D0A202020202020290A2020202020202020776F772E696E697428293B0A202020203C2F7363726970743E0A0A20203C2F626F64793E0A3C2F68746D6C3E0A, 6090, 1711357928000, 'admin', '2023-06-11 16:27:06', '__system', '2024-05-28 14:29:59', '联系我们');
INSERT INTO `cms_template` VALUES (549065077338181, 1630092239507464193, 'pc', 'search.template.html', 0x3C21444F43545950452068746D6C3E0A3C68746D6C206C616E673D22656E223E0A20203C686561643E0A202020203C6D65746120636861727365743D227574662D3822202F3E0A202020203C6D657461206E616D653D2276696577706F72742220636F6E74656E743D2277696474683D6465766963652D77696474682C20696E697469616C2D7363616C653D312E3022202F3E0A202020203C6D657461206E616D653D226465736372697074696F6E2220636F6E74656E743D2222202F3E0A202020203C6D657461206E616D653D226B6579776F7264732220636F6E74656E743D2222202F3E0A202020203C6C696E6B2072656C3D2273686F72746375742069636F6E2220687265663D22247B5072656669787D696D672F66617669636F6E2E706E6722202F3E0A0A202020203C7469746C653EE6909CE7B4A25F247B536974652E6E616D657D3C2F7469746C653E0A0A202020203C212D2D20426F6F74737472617020636F726520435353202D2D3E0A202020203C6C696E6B20687265663D22247B5072656669787D6373732F626F6F7473747261702E6D696E2E637373222072656C3D227374796C657368656574223E0A202020203C6C696E6B20687265663D22247B5072656669787D6373732F7468656D652E637373222072656C3D227374796C657368656574223E0A202020203C6C696E6B20687265663D22247B5072656669787D6373732F626F6F7473747261702D72657365742E637373222072656C3D227374796C657368656574223E0A202020203C212D2D65787465726E616C206373732D2D3E0A202020203C6C696E6B20687265663D22247B5072656669787D6173736574732F666F6E742D617765736F6D652F6373732F666F6E742D617765736F6D652E637373222072656C3D227374796C65736865657422202F3E0A202020203C6C696E6B2072656C3D227374796C6573686565742220687265663D22247B5072656669787D6373732F666C6578736C696465722E637373222F3E0A202020203C6C696E6B20687265663D22247B5072656669787D6173736574732F6278736C696465722F6A71756572792E6278736C696465722E637373222072656C3D227374796C65736865657422202F3E0A202020203C6C696E6B2072656C3D227374796C6573686565742220687265663D22247B5072656669787D6373732F616E696D6174652E637373223E0A202020203C6C696E6B20687265663D27687474703A2F2F666F6E74732E676F6F676C65617069732E636F6D2F6373733F66616D696C793D4C61746F272072656C3D277374796C6573686565742720747970653D27746578742F637373273E0A0A202020203C212D2D20437573746F6D207374796C657320666F7220746869732074656D706C617465202D2D3E0A202020203C6C696E6B20687265663D22247B5072656669787D6373732F7374796C652E637373222072656C3D227374796C657368656574223E0A202020203C6C696E6B20687265663D22247B5072656669787D6373732F7374796C652D726573706F6E736976652E637373222072656C3D227374796C65736865657422202F3E0A0A202020203C212D2D2048544D4C35207368696D20616E6420526573706F6E642E6A732049453820737570706F7274206F662048544D4C3520746F6F6C746970737320616E64206D656469612071756572696573202D2D3E0A202020203C212D2D5B6966206C7420494520395D3E0A093C736372697074207372633D22247B5072656669787D6A732F68746D6C35736869762E6A73223E3C2F7363726970743E0A093C736372697074207372633D22247B5072656669787D6A732F726573706F6E642E6D696E2E6A73223E3C2F7363726970743E0A093C215B656E6469665D2D2D3E0A20203C7374796C653E0A20202E70616765626172207B206865696768743A20353070783B207D0A20202E706167656261722061207B20626F726465723A2031707820736F6C696420233438636661643B2070616464696E673A20337078203870783B206D617267696E3A2030203270783B207D0A20202E7061676562617220612E63757272656E74207B206261636B67726F756E642D636F6C6F723A20233438636661643B20636F6C6F723A20236666663B207D0A20203C2F7374796C653E0A20203C2F686561643E0A0A20203C626F64793E0A202020203C212D2D6865616465722073746172742D2D3E0A202020203C40636D735F696E636C7564652066696C653D226865616465722E74656D706C6174652E68746D6C223E3C2F40636D735F696E636C7564653E0A202020203C212D2D68656164657220656E642D2D3E0A0A202020203C212D2D62726561646372756D62732073746172742D2D3E0A20203C64697620636C6173733D2262726561646372756D6273223E0A202020203C64697620636C6173733D22636F6E7461696E6572223E0A2020202020203C64697620636C6173733D22726F77223E0A20202020202020203C6469763E0A0909093C696E70757420636C6173733D22666F726D2D636F6E74726F6C222069643D225F71756572792220706C616365686F6C6465723D22205365617263682220747970653D227465787422207374796C653D22666C6F61743A206C6566743B77696474683A2032393570783B6D617267696E2D72696768743A203570783B223E0A0909093C696E70757420636C6173733D22666F726D2D636F6E74726F6C2220747970653D22627574746F6E22206F6E636C69636B3D227175657279526573756C742829222076616C75653D22E6909CE7B4A222207374796C653D2277696474683A20363070783B636F6C6F723A20233636363B666C6F61743A206C6566743B223E0A20202020202020203C2F6469763E0A20202020202020203C64697620636C6173733D22636F6C2D6C672D3820636F6C2D736D2D3822207374796C653D22746578742D616C69676E3A72696768743B70616464696E672D746F703A203570783B223E0A202020202020202020203C6120636C6173733D22706F736974696F6E2220687265663D22247B536974652E6C696E6B7D223EE9A696E9A1B53C2F613E20203E203C6120636C6173733D22706F736974696F6E2220687265663D2223223EE6909CE7B4A23C2F613E0A20202020202020203C2F6469763E0A2020202020203C2F6469763E0A202020203C2F6469763E0A20203C2F6469763E0A202020203C212D2D62726561646372756D627320656E642D2D3E0A0A202020203C212D2D636F6E7461696E65722073746172742D2D3E0A202020203C64697620636C6173733D22636F6E7461696E6572223E0A0920203C646976207374796C653D226D617267696E2D626F74746F6D3A20323070783B223E0A092020E4B8BAE682A8E689BEE588B0203C7370616E207374796C653D22636F6C6F723A7265643B223E247B526571756573742E717D3C2F7370616E3E20E79BB8E585B3E7BB93E69E9C203C7370616E2069643D227370616E2D746F74616C22207374796C653D22636F6C6F723A7265643B223E303C2F7370616E3E20E4B8AA0A0920203C2F6469763E0A2020202020203C64697620636C6173733D22726F77223E0A20202020202020203C212D2D626C6F672073746172742D2D3E0A20202020202020203C64697620636C6173733D22636F6C2D6C672D3920222069643D226469762D726573756C74223E0A09090A20202020202020203C2F6469763E0A20202020202020203C64697620636C6173733D22636F6C2D6C672D3920223E0A202020202020202020203C64697620636C6173733D22746578742D63656E7465722070616765626172223E0A202020202020202020203C2F6469763E0A20202020202020203C2F6469763E0A09093C7363726970743E0A090966756E6374696F6E207175657279526573756C742829207B0A09090976617220706172616D73203D206E65772055524C536561726368506172616D732877696E646F772E6C6F636174696F6E2E736561726368293B0A0909097661722071203D2022247B526571756573742E712127277D223B200A090909696620282171207C7C20712E6C656E677468203D3D203029207B0A0909092020242822236469762D726573756C7422292E68746D6C2822E8AFB7E8BE93E585A5E6909CE7B4A2E8AF8DEFBC8122293B0A0909090972657475726E3B0A0909097D0A090909242827235F717565727927292E76616C2871293B200A090909242822236469762D726573756C7422292E68746D6C28224C6F6164696E672E2E2E22293B0A090909766172207061676553697A65203D2031303B0A0909097661722070616765203D20247B28526571756573742E706167653F3F2626526571756573742E706167653F6E756D6265722067742030293F7468656E28526571756573742E706167652C31297D3B0A090909242E616A6178287B0A0909090975726C3A2022247B4973507265766965773F7468656E284170695072656669782C20507265666978297D6170692F636D732F7365617263682F71756572793F7369643D247B536974652E7369746549647D2670703D706326707265766965773D247B4973507265766965773F7468656E282774727565272C2766616C736527297D26713D22202B2071202B202226706167653D22202B20706167652C0A090909093C236966204973507265766965773E0A09090909686561646572733A207B0A090909090922417574686F72697A6174696F6E223A20224265617265722022202B20242E636F6F6B69652822676574222C207B6E616D653A202741646D696E2D546F6B656E277D290A090909097D2C0A090909093C2F2369663E0A09090909747970653A2022676574222C0A09090909737563636573733A2066756E6374696F6E2872657329207B0A0909090909242822236469762D726573756C7422292E68746D6C282222293B0A0909090909696620287265732E636F646520213D2032303029207B0A090909090909616C657274287265732E6D7367293B0A09090909090972657475726E3B0A09090909097D0A0909090909242827237370616E2D746F74616C27292E68746D6C287265732E646174612E746F74616C293B0A09090909097661722068746D6C203D207265732E646174612E726F77732E6D617028726F77203D3E207B0A09090909090972657475726E20273C64697620636C6173733D22626C6F672D6974656D223E270A090909090909092B20273C64697620636C6173733D22726F77223E270A0909090909090920202B20273C64697620636C6173733D22636F6C2D6C672D313020636F6C2D736D2D3130223E270A09090909090909092B20273C6831207374796C653D226D617267696E2D746F703A303B223E3C6120687265663D22272B726F772E6C696E6B2B27223E272B726F772E7469746C652B273C2F613E3C2F68313E270A09090909090909092B20273C703E272B726F772E66756C6C546578742B273C2F703E270A0909090909090920202B20273C2F6469763E270A090909090909092B20273C2F6469763E270A090909090909092B20273C6469763EE68980E5B19EE6A08FE79BAEEFBC9A27202B20726F772E636174616C6F674E616D65202B20273C6120687265663D22272B726F772E6C696E6B2B27223E272B726F772E6C696E6B2B273C2F613E3C2F6469763E270A0909090909092B20273C2F6469763E273B0A09090909097D292E6A6F696E282222293B0A0909090909242822236469762D726573756C7422292E68746D6C2868746D6C293B0A09090909096275696C645061676542617228706167652C207061676553697A652C207061727365496E74287265732E646174612E746F74616C29293B0A090909097D0A0909097D29200A09097D0A090966756E6374696F6E206275696C645061676542617228706167652C2073697A652C20746F74616C29207B0A090909766172206C696E6B203D2022247B4973507265766965773F7468656E284170695072656669782C20507265666978297D5F736561726368247B4973507265766965773F7468656E28273F7369643D272B536974652E7369746549642B272670703D272B5075626C69736850697065436F64652B2726707265766965773D74727565272C202727297D223B0A090909696620286C696E6B2E696E6465784F6628273F2729203E202D3129207B0A09090920206C696E6B202B3D202226713D22202B20242827235F717565727927292E76616C28293B0A0909097D20656C7365207B0A09090920206C696E6B202B3D20223F713D22202B20242827235F717565727927292E76616C28293B0A0909097D0A0909096966202870616765203E203129207B0A090909092428222E7061676562617222292E617070656E6428273C6120687265663D22272B6C696E6B2B2726706167653D272B28706167652D31292B27223E20E4B88AE4B880E9A1B5203C2F613E27290A0909097D0A09090976617220706167654E756D626572203D207061727365496E742828746F74616C202B2073697A65202D203129202F2073697A65293B0A090909666F7220287661722069203D20313B2069203C3D20706167654E756D6265723B20692B2B29207B0A090909096966202870616765203D3D206929207B0A09090909092428222E7061676562617222292E617070656E6428273C6120687265663D226A6176617363726970743A766F69642830293B2220636C6173733D2263757272656E74223E272B692B273C2F613E27290A090909097D20656C7365207B0A09090909092428222E7061676562617222292E617070656E6428273C6120687265663D22272B6C696E6B2B2726706167653D272B692B272220636C6173733D2263757272656E74223E272B692B273C2F613E27290A090909097D0A0909097D0A0909096966202870616765203C20706167654E756D62657229207B0A090909092428222E7061676562617222292E617070656E6428273C6120687265663D22272B6C696E6B2B2726706167653D272B28706167652B31292B27223E20E4B88BE4B880E9A1B5203C2F613E27290A0909097D0A09097D0A0909646F63756D656E742E6164644576656E744C697374656E65722827444F4D436F6E74656E744C6F61646564272C2066756E6374696F6E2829207B20200A0909097175657279526573756C7428293B0A09097D293B0A09093C2F7363726970743E0A20202020202020203C64697620636C6173733D22636F6C2D6C672D33223E0A202020202020202020203C40636D735F696E636C7564652066696C653D227269676874626C6F636B2E74656D706C6174652E68746D6C223E3C2F40636D735F696E636C7564653E0A20202020202020203C2F6469763E0A20202020202020203C212D2D626C6F6720656E642D2D3E0A2020202020203C2F6469763E0A0A202020203C2F6469763E0A202020203C212D2D636F6E7461696E657220656E642D2D3E0A0A202020203C212D2D666F6F7465722073746172742D2D3E0A202020203C40636D735F696E636C7564652066696C653D22666F6F7465722E74656D706C6174652E68746D6C223E3C2F40636D735F696E636C7564653E0A202020203C212D2D736D616C6C20666F6F74657220656E642D2D3E0A0A202020203C212D2D206A7320706C616365642061742074686520656E64206F662074686520646F63756D656E7420736F20746865207061676573206C6F616420666173746572202D2D3E0A202020203C736372697074207372633D22247B5072656669787D6A732F6A71756572792E6A73223E0A202020203C2F7363726970743E0A093C736372697074207372633D22247B5072656669787D6A732F6A71756572792E636F6F6B69652E6D696E2E6A73223E3C2F7363726970743E0A202020203C736372697074207372633D22247B5072656669787D6A732F626F6F7473747261702E6D696E2E6A73223E0A202020203C2F7363726970743E0A202020203C73637269707420747970653D22746578742F6A61766173637269707422207372633D22247B5072656669787D6A732F686F7665722D64726F70646F776E2E6A73223E0A202020203C2F7363726970743E0A202020203C736372697074206465666572207372633D22247B5072656669787D6A732F6A71756572792E666C6578736C696465722E6A73223E0A202020203C2F7363726970743E0A202020203C73637269707420747970653D22746578742F6A61766173637269707422207372633D22247B5072656669787D6173736574732F6278736C696465722F6A71756572792E6278736C696465722E6A73223E0A202020203C2F7363726970743E0A0A202020203C736372697074207372633D22247B5072656669787D6A732F6A71756572792E656173696E672E6D696E2E6A73223E0A202020203C2F7363726970743E0A202020203C736372697074207372633D22247B5072656669787D6A732F6C696E6B2D686F7665722E6A73223E0A202020203C2F7363726970743E0A0A0A202020203C212D2D636F6D6D6F6E2073637269707420666F7220616C6C2070616765732D2D3E0A202020203C736372697074207372633D22247B5072656669787D6A732F636F6D6D6F6E2D736372697074732E6A73223E0A202020203C2F7363726970743E0A0A0A202020203C736372697074207372633D22247B5072656669787D6A732F776F772E6D696E2E6A73223E0A202020203C2F7363726970743E0A202020203C7363726970743E0A202020202020776F77203D206E657720574F57280A20202020202020207B0A20202020202020202020626F78436C6173733A202020202027776F77272C2020202020202F2F2064656661756C740A20202020202020202020616E696D617465436C6173733A2027616E696D61746564272C202F2F2064656661756C740A202020202020202020206F66667365743A2020202020202030202020202020202020202F2F2064656661756C740A20202020202020207D0A202020202020290A2020202020202020776F772E696E697428293B0A202020203C2F7363726970743E0A20203C2F626F64793E0A3C2F68746D6C3E, 6580, 1711091174000, '__system', '2024-05-20 14:11:33', '__system', '2024-05-28 14:30:01', NULL);
INSERT INTO `cms_template` VALUES (551900760043589, 1630092239507464193, 'pc', 'ad/pc_index.template.html', 0x3C40636D735F6164766572746973656D656E7420636F64653D2270635F696E646578222073697A653D2231223E0D0A3C236C69737420446174614C697374206173206164763E0D0A3C64697620636C6173733D22636F6E7461696E6572223E0D0A20203C6120687265663D22247B6164762E6C696E6B21272F277D22207461726765743D225F626C616E6B2220636C6173733D22636D732D61642220646174612D69643D22247B6164762E6164766572746973656D656E7449647D223E3C696D67207374796C653D2277696474683A313030253B6865696768743A383070783B22207372633D22247B696E7465726E616C55726C286164762E7265736F7572636550617468297D2220616C743D22247B6164762E6E616D657D22202F3E3C2F613E0D0A3C2F6469763E0D0A3C2F236C6973743E0D0A3C2F40636D735F6164766572746973656D656E743E0D0A0D0A3C73637269707420747970653D22746578742F6A617661736372697074223E0D0A20202866756E6374696F6E202829207B0D0A2020202076617220617272203D20646F63756D656E742E676574456C656D656E74734279436C6173734E616D652822636D732D616422290D0A09666F7220287661722069203D20303B2069203C206172722E6C656E6774683B20692B2B29207B0D0A09202076617220616964203D206172725B695D2E6765744174747269627574652822646174612D696422290D0A0920206966202861696429207B0D0A20202020202020207661722071203D205B5D3B0D0A2020202020202020712E7075736828277369643D247B536974652E7369746549647D27293B0D0A2020202020202020712E7075736828276169643D27202B20616964293B0D0A20202020202020207661722073203D20646F63756D656E742E637265617465456C656D656E74282273637269707422293B0D0A2020202020202020732E737263203D2027247B4170695072656669787D6170692F6164762F766965773F27202B20712E6A6F696E28272627293B0D0A202020202020202028646F63756D656E742E676574456C656D656E747342795461674E616D6528226865616422295B305D207C7C20646F63756D656E742E676574456C656D656E747342795461674E616D652822626F647922295B305D292E617070656E644368696C642873293B0D0A09090D0A090976617220636C69636B417069203D2027247B4170695072656669787D6170692F6164762F636C69636B3F27202B20712E6A6F696E28272627293B0D0A09096172725B695D2E6164644576656E744C697374656E65722822636C69636B222C2066756E6374696F6E28297B0D0A0909090D0A0909202076617220786872203D206E657720584D4C487474705265717565737428293B0D0A090920207868722E6F70656E2822474554222C20636C69636B4170692C2074727565293B0D0A090920207868722E73656E6428293B0D0A09097D293B0D0A0920207D0D0A097D0D0A20207D2928293B0D0A3C2F7363726970743E, 1103, 1708587058000, '__system', '2024-05-28 14:29:59', '__system', '2024-05-28 14:29:59', NULL);
INSERT INTO `cms_template` VALUES (551900760768581, 1630092239507464193, 'pc', 'company.template.html', 0x3C21444F43545950452068746D6C3E0A3C68746D6C206C616E673D22656E223E0A20203C686561643E0A202020203C6D65746120636861727365743D227574662D38223E0A202020203C6D657461206E616D653D2276696577706F72742220636F6E74656E743D2277696474683D6465766963652D77696474682C20696E697469616C2D7363616C653D312E30223E0A202020203C6D657461206E616D653D226465736372697074696F6E2220636F6E74656E743D22446576656C6F706564204279204D20416264757220526F6B69622050726F6D79223E0A202020203C6D657461206E616D653D22617574686F722220636F6E74656E743D22636F736D6963223E0A202020203C6D657461206E616D653D226B6579776F7264732220636F6E74656E743D22426F6F74737472617020332C2054656D706C6174652C205468656D652C20526573706F6E736976652C20436F72706F726174652C20427573696E657373223E0A202020203C6C696E6B2072656C3D2273686F72746375742069636F6E2220687265663D22247B5072656669787D696D672F66617669636F6E2E706E67223E0A202020203C7469746C653E247B436F6E74656E742E7469746C657D5F247B536974652E6E616D657D3C2F7469746C653E0A0A202020203C212D2D20426F6F74737472617020636F726520435353202D2D3E0A202020203C6C696E6B20687265663D22247B5072656669787D6373732F626F6F7473747261702E6D696E2E637373222072656C3D227374796C657368656574223E0A202020203C6C696E6B20687265663D22247B5072656669787D6373732F7468656D652E637373222072656C3D227374796C657368656574223E0A202020203C6C696E6B20687265663D22247B5072656669787D6373732F626F6F7473747261702D72657365742E637373222072656C3D227374796C657368656574223E0A202020203C212D2D65787465726E616C206373732D2D3E0A202020203C6C696E6B20687265663D22247B5072656669787D6173736574732F666F6E742D617765736F6D652F6373732F666F6E742D617765736F6D652E637373222072656C3D227374796C65736865657422202F3E0A202020203C6C696E6B2072656C3D227374796C6573686565742220687265663D22247B5072656669787D6373732F666C6578736C696465722E637373222F3E0A202020203C6C696E6B20687265663D22247B5072656669787D6173736574732F6278736C696465722F6A71756572792E6278736C696465722E637373222072656C3D227374796C65736865657422202F3E0A202020203C6C696E6B2072656C3D227374796C6573686565742220687265663D22247B5072656669787D6373732F616E696D6174652E637373223E0A202020203C6C696E6B20687265663D27687474703A2F2F666F6E74732E676F6F676C65617069732E636F6D2F6373733F66616D696C793D4C61746F272072656C3D277374796C6573686565742720747970653D27746578742F637373273E0A0A0A202020203C212D2D20437573746F6D207374796C657320666F7220746869732074656D706C617465202D2D3E0A202020203C6C696E6B20687265663D22247B5072656669787D6373732F7374796C652E637373222072656C3D227374796C657368656574223E0A202020203C6C696E6B20687265663D22247B5072656669787D6373732F7374796C652D726573706F6E736976652E637373222072656C3D227374796C65736865657422202F3E0A0A202020203C212D2D2048544D4C35207368696D20616E6420526573706F6E642E6A732049453820737570706F7274206F662048544D4C3520746F6F6C746970737320616E64206D656469612071756572696573202D2D3E0A202020203C212D2D5B6966206C7420494520395D3E0A3C736372697074207372633D22247B5072656669787D6A732F68746D6C35736869762E6A73223E0A3C2F7363726970743E0A3C736372697074207372633D22247B5072656669787D6A732F726573706F6E642E6D696E2E6A73223E0A3C2F7363726970743E0A3C215B656E6469665D2D2D3E0A3C7363726970743E77696E646F772E5F78795F636D73203D207B20636174616C6F675F69643A2027247B436174616C6F672E636174616C6F6749647D272C20636F6E74656E745F69643A2027247B436F6E74656E742E636F6E74656E7449647D27207D3B3C2F7363726970743E0A20203C2F686561643E0A0A20203C626F64793E0A202020203C212D2D6865616465722073746172742D2D3E0A202020203C40636D735F696E636C7564652066696C653D226865616465722E74656D706C6174652E68746D6C223E3C2F40636D735F696E636C7564653E0A202020203C212D2D68656164657220656E642D2D3E0A0A202020203C212D2D62726561646372756D62732073746172742D2D3E0A202020203C64697620636C6173733D2262726561646372756D6273223E0A2020202020203C64697620636C6173733D22636F6E7461696E6572223E0A20202020202020203C64697620636C6173733D22726F77223E0A202020202020202020203C64697620636C6173733D22636F6C2D6C672D3420636F6C2D736D2D34223E0A2020202020202020202020203C68313E247B436174616C6F672E6E616D657D3C2F68313E0A202020202020202020203C2F6469763E0A202020202020202020203C64697620636C6173733D22636F6C2D6C672D3820636F6C2D736D2D3822207374796C653D22746578742D616C69676E3A72696768743B70616464696E672D746F703A203570783B223E0A2020202020202020202020203C6120636C6173733D22706F736974696F6E2220687265663D22247B536974652E6C696E6B7D223EE9A696E9A1B53C2F613E0A2020202020202020202020203C236C69737420436174616C6F672E616E636573746F72733F73706C697428223A222920617320636174616C6F6749643E0A20202020202020202020202020203C40636D735F636174616C6F672069643D22247B636174616C6F6749647D22206C6576656C3D2253656C66223E0A202020202020202020202020202020203C236C69737420446174614C69737420617320636174616C6F673E0A202020202020202020202020202020202020203E203C6120636C6173733D22706F736974696F6E2220687265663D22247B636174616C6F672E6C696E6B7D223E247B636174616C6F672E6E616D657D3C2F613E0A202020202020202020202020202020203C2F236C6973743E0A20202020202020202020202020203C2F40636D735F636174616C6F673E0A2020202020202020202020203C2F236C6973743E0A202020202020202020203C2F6469763E0A20202020202020203C2F6469763E0A2020202020203C2F6469763E0A202020203C2F6469763E0A202020200A202020203C212D2D62726561646372756D627320656E642D2D3E0A0A202020203C212D2D636F6E7461696E65722073746172742D2D3E0A202020203C64697620636C6173733D22636F6E7461696E6572223E0A2020202020203C64697620636C6173733D22726F77223E0A20202020202020203C212D2D626C6F672073746172742D2D3E0A20202020202020203C64697620636C6173733D22636F6C2D6C672D39223E0A202020202020202020203C64697620636C6173733D22626C6F672D6974656D223E0A2020202020202020202020203C64697620636C6173733D22726F77223E0A20202020202020202020202020203C64697620636C6173733D22636F6C2D6C672D3220636F6C2D736D2D32223E0A202020202020202020202020202020203C64697620636C6173733D22646174652D77726170223E0A2020202020202020202020202020202020203C7370616E20636C6173733D2264617465223E0A2020202020202020202020202020202020202020247B64617465466F726D617428436F6E74656E742E7075626C697368446174652C224D4D2F646422297D0A2020202020202020202020202020202020203C2F7370616E3E0A2020202020202020202020202020202020203C7370616E20636C6173733D226D6F6E7468223E0A2020202020202020202020202020202020202020247B64617465466F726D617428436F6E74656E742E7075626C697368446174652C227979797922297D0A2020202020202020202020202020202020203C2F7370616E3E0A202020202020202020202020202020203C2F6469763E0A202020202020202020202020202020203C64697620636C6173733D22617574686F72223E0A20202020202020202020202020202020202042790A2020202020202020202020202020202020203C6120687265663D2223223E0A20202020202020202020202020202020202020203C23696620436F6E74656E742E617574686F723F3F20262620436F6E74656E742E617574686F7220213D2027273E247B436F6E74656E742E617574686F727D3C23656C73653E247B536974652E6E616D657D3C2F2369663E0A2020202020202020202020202020202020203C2F613E0A202020202020202020202020202020203C2F6469763E0A20202020202020202020202020203C2F6469763E0A20202020202020202020202020203C64697620636C6173733D22636F6C2D6C672D313020636F6C2D736D2D3130223E0A090909093C6831207374796C653D226D617267696E2D746F703A303B223E0A2020202020202020202020202020202020203C6120687265663D226A6176617363726970743A766F69642830293B223E0A2020202020202020202020202020202020202020247B436F6E74656E742E7469746C657D0A2020202020202020202020202020202020203C2F613E0A202020202020202020202020202020203C2F68313E0A202020202020202020202020202020203C6469763E0A2020202020202020202020202020202020203C40636D735F61727469636C6520636F6E74656E7449643D22247B436F6E74656E742E636F6E74656E7449647D223E0A092020202020202020202020202020202009247B41727469636C65436F6E74656E747D0A2020202020202020202020202020202020203C2F40636D735F61727469636C653E0A202020202020202020202020202020203C2F6469763E0A20202020202020202020202020203C2F6469763E0A2020202020202020202020203C2F6469763E0A202020202020202020203C2F6469763E0A20202020202020203C2F6469763E0A0A20202020202020203C64697620636C6173733D22636F6C2D6C672D33223E0A202020202020202020203C64697620636C6173733D22626C6F672D736964652D6974656D223E0A2020202020202020202020203C64697620636C6173733D227365617263682D726F77223E0A20202020202020202020202020203C696E70757420747970653D22746578742220636C6173733D22666F726D2D636F6E74726F6C2220706C616365686F6C6465723D225365617263682068657265223E0A2020202020202020202020203C2F6469763E0A2020202020202020202020203C64697620636C6173733D2263617465676F7279223E0A20202020202020202020202020203C68333E0A20202020202020202020202009E585ACE58FB8E4BB8BE7BB8D0A20202020202020202020202020203C2F68333E0A20202020202020202020202020203C756C20636C6173733D226C6973742D756E7374796C6564223E0A202020202020202020202020093C40636D735F636174616C6F6720616C6961733D22636F6D70616E7922206C6576656C3D224368696C642220706167653D2266616C7365223E0A20202020202020202020202009093C236C69737420446174614C69737420617320636174616C6F673E0A202020202020202020202020202020203C6C693E0A2020202020202020202020202020202020203C6120687265663D22247B636174616C6F672E6C696E6B7D223E0A20202020202020202020202020202020202020203C6920636C6173733D2266612066612D616E676C652D72696768742070722D3130223E0A20202020202020202020202020202020202020203C2F693E0A2020202020202020202020202020202020202020247B636174616C6F672E6E616D657D0A2020202020202020202020202020202020203C2F613E0A202020202020202020202020202020203C2F6C693E0A202020202020202020202020202020203C2F236C6973743E0A202020202020202020202020202020203C2F40636D735F636174616C6F673E0A20202020202020202020202020203C2F756C3E0A2020202020202020202020203C2F6469763E0A202020202020202020203C2F6469763E0A20202020202020203C2F6469763E0A2020202020203C2F6469763E0A202020203C2F6469763E0A202020203C212D2D636F6E7461696E657220656E642D2D3E0A0A202020203C212D2D666F6F7465722073746172742D2D3E0A202020203C40636D735F696E636C7564652066696C653D22666F6F7465722E74656D706C6174652E68746D6C223E3C2F40636D735F696E636C7564653E0A202020203C212D2D736D616C6C20666F6F74657220656E642D2D3E0A0A202020203C212D2D206A7320706C616365642061742074686520656E64206F662074686520646F63756D656E7420736F20746865207061676573206C6F616420666173746572202D2D3E0A202020203C736372697074207372633D22247B5072656669787D6A732F6A71756572792E6A73223E0A202020203C2F7363726970743E0A202020203C736372697074207372633D22247B5072656669787D6A732F626F6F7473747261702E6D696E2E6A73223E0A202020203C2F7363726970743E0A202020203C73637269707420747970653D22746578742F6A61766173637269707422207372633D22247B5072656669787D6A732F686F7665722D64726F70646F776E2E6A73223E0A202020203C2F7363726970743E0A202020203C736372697074206465666572207372633D22247B5072656669787D6A732F6A71756572792E666C6578736C696465722E6A73223E0A202020203C2F7363726970743E0A202020203C73637269707420747970653D22746578742F6A61766173637269707422207372633D22247B5072656669787D6173736574732F6278736C696465722F6A71756572792E6278736C696465722E6A73223E0A202020203C2F7363726970743E0A0A202020203C736372697074207372633D22247B5072656669787D6A732F6A71756572792E656173696E672E6D696E2E6A73223E0A202020203C2F7363726970743E0A202020203C736372697074207372633D22247B5072656669787D6A732F6C696E6B2D686F7665722E6A73223E0A202020203C2F7363726970743E0A0A0A202020203C212D2D636F6D6D6F6E2073637269707420666F7220616C6C2070616765732D2D3E0A202020203C736372697074207372633D22247B5072656669787D6A732F636F6D6D6F6E2D736372697074732E6A73223E0A202020203C2F7363726970743E0A0A0A202020203C736372697074207372633D22247B5072656669787D6A732F776F772E6D696E2E6A73223E0A202020203C2F7363726970743E0A202020203C7363726970743E0A202020202020776F77203D206E657720574F57280A20202020202020207B0A20202020202020202020626F78436C6173733A202020202027776F77272C2020202020202F2F2064656661756C740A20202020202020202020616E696D617465436C6173733A2027616E696D61746564272C202F2F2064656661756C740A202020202020202020206F66667365743A2020202020202030202020202020202020202F2F2064656661756C740A20202020202020207D0A202020202020290A2020202020202020776F772E696E697428293B0A202020203C2F7363726970743E0A0A20203C2F626F64793E0A3C2F68746D6C3E0A, 5789, 1711357934000, '__system', '2024-05-28 14:29:59', '__system', '2024-05-28 14:29:59', NULL);
INSERT INTO `cms_template` VALUES (551900769751109, 1630092239507464193, 'pc', 'test.template.html', '', 0, 1697163802000, '__system', '2024-05-28 14:30:01', '__system', '2024-05-28 14:30:01', NULL);
INSERT INTO `cms_template` VALUES (551900770852933, 1630092239507464193, 'h5', 'index.template.html', 0x3C68746D6C3E0A093C686561643E0A09093C6D65746120687474702D65717569763D22436F6E74656E742D547970652220636F6E74656E743D22746578742F68746D6C3B20636861727365743D7574662D38223E0A09093C7469746C653E247B536974652E6E616D657D3C2F7469746C653E0A093C2F686561643E0A093C626F64793E0A09093C68313E247B536974652E6E616D657D3C2F68313E0A09093C68333E247B536974652E63726561746554696D65217D3C2F68333E0A093C2F626F64793E0A3C2F68746D6C3E0A, 204, 1692358378000, '__system', '2024-05-28 14:30:01', '__system', '2024-05-28 14:30:01', NULL);

-- ----------------------------
-- Table structure for gen_table
-- ----------------------------
DROP TABLE IF EXISTS `gen_table`;
CREATE TABLE `gen_table`  (
  `table_id` bigint(0) NOT NULL AUTO_INCREMENT COMMENT '编号',
  `table_name` varchar(200) CHARACTER SET utf8 COLLATE utf8_general_ci NULL DEFAULT '' COMMENT '表名称',
  `table_comment` varchar(500) CHARACTER SET utf8 COLLATE utf8_general_ci NULL DEFAULT '' COMMENT '表描述',
  `sub_table_name` varchar(64) CHARACTER SET utf8 COLLATE utf8_general_ci NULL DEFAULT NULL COMMENT '关联子表的表名',
  `sub_table_fk_name` varchar(64) CHARACTER SET utf8 COLLATE utf8_general_ci NULL DEFAULT NULL COMMENT '子表关联的外键名',
  `class_name` varchar(100) CHARACTER SET utf8 COLLATE utf8_general_ci NULL DEFAULT '' COMMENT '实体类名称',
  `tpl_category` varchar(200) CHARACTER SET utf8 COLLATE utf8_general_ci NULL DEFAULT 'crud' COMMENT '使用的模板（crud单表操作 tree树表操作）',
  `tpl_web_type` varchar(30) CHARACTER SET utf8 COLLATE utf8_general_ci NULL DEFAULT '' COMMENT '前端模板类型（element-ui模版 element-plus模版）',
  `package_name` varchar(100) CHARACTER SET utf8 COLLATE utf8_general_ci NULL DEFAULT NULL COMMENT '生成包路径',
  `module_name` varchar(30) CHARACTER SET utf8 COLLATE utf8_general_ci NULL DEFAULT NULL COMMENT '生成模块名',
  `business_name` varchar(30) CHARACTER SET utf8 COLLATE utf8_general_ci NULL DEFAULT NULL COMMENT '生成业务名',
  `function_name` varchar(50) CHARACTER SET utf8 COLLATE utf8_general_ci NULL DEFAULT NULL COMMENT '生成功能名',
  `function_author` varchar(50) CHARACTER SET utf8 COLLATE utf8_general_ci NULL DEFAULT NULL COMMENT '生成功能作者',
  `gen_type` char(1) CHARACTER SET utf8 COLLATE utf8_general_ci NULL DEFAULT '0' COMMENT '生成代码方式（0zip压缩包 1自定义路径）',
  `gen_path` varchar(200) CHARACTER SET utf8 COLLATE utf8_general_ci NULL DEFAULT '/' COMMENT '生成路径（不填默认项目路径）',
  `options` varchar(1000) CHARACTER SET utf8 COLLATE utf8_general_ci NULL DEFAULT NULL COMMENT '其它生成选项',
  `create_by` varchar(64) CHARACTER SET utf8 COLLATE utf8_general_ci NULL DEFAULT '' COMMENT '创建者',
  `create_time` datetime(0) NULL DEFAULT NULL COMMENT '创建时间',
  `update_by` varchar(64) CHARACTER SET utf8 COLLATE utf8_general_ci NULL DEFAULT '' COMMENT '更新者',
  `update_time` datetime(0) NULL DEFAULT NULL COMMENT '更新时间',
  `remark` varchar(500) CHARACTER SET utf8 COLLATE utf8_general_ci NULL DEFAULT NULL COMMENT '备注',
  PRIMARY KEY (`table_id`) USING BTREE
) ENGINE = InnoDB AUTO_INCREMENT = 10 CHARACTER SET = utf8 COLLATE = utf8_general_ci COMMENT = '代码生成业务表' ROW_FORMAT = Dynamic;

-- ----------------------------
-- Records of gen_table
-- ----------------------------
INSERT INTO `gen_table` VALUES (1, 'cms_catalog', '栏目表', NULL, NULL, 'CmsCatalog', 'crud', 'element-ui', 'com.yuji.contentcore', 'cms', 'catalog', '栏目管理', 'Liguoqiang', '0', '/', '{\"parentMenuId\":\"2000\"}', 'admin', '2024-06-06 14:29:27', '', '2024-06-06 14:43:18', NULL);
INSERT INTO `gen_table` VALUES (2, 'cms_content', '内容表', NULL, NULL, 'CmsContent', 'crud', 'element-ui', 'com.yuji.contentcore', 'cms', 'content', '内容管理', 'Liguoqiang', '0', '/', '{\"parentMenuId\":\"2000\"}', 'admin', '2024-06-06 14:29:27', '', '2024-06-06 14:43:30', NULL);
INSERT INTO `gen_table` VALUES (3, 'cms_content_rela', '关联内容表', NULL, NULL, 'CmsContentRela', 'crud', 'element-ui', 'com.yuji.contentcore', 'cms', 'rela', '关联内容', 'Liguoqiang', '0', '/', '{\"parentMenuId\":2000}', 'admin', '2024-06-06 14:29:27', '', '2024-06-06 14:40:24', NULL);
INSERT INTO `gen_table` VALUES (4, 'cms_page_widget', '页面部件', NULL, NULL, 'CmsPageWidget', 'crud', 'element-ui', 'com.yuji.contentcore', 'cms', 'pageWidget', '页面部件', 'Liguoqiang', '0', '/', '{\"parentMenuId\":2000}', 'admin', '2024-06-06 14:29:27', '', '2024-06-06 14:40:57', NULL);
INSERT INTO `gen_table` VALUES (5, 'cms_publishpipe', '发布通道表', NULL, NULL, 'CmsPublishpipe', 'crud', 'element-ui', 'com.yuji.contentcore', 'cms', 'publishpipe', '发布通道', 'Liguoqiang', '0', '/', '{\"parentMenuId\":2000}', 'admin', '2024-06-06 14:29:27', '', '2024-06-06 14:41:17', NULL);
INSERT INTO `gen_table` VALUES (6, 'cms_resource', '资源表', NULL, NULL, 'CmsResource', 'crud', 'element-ui', 'com.yuji.contentcore', 'cms', 'resource', '资源', 'Liguoqiang', '0', '/', '{\"parentMenuId\":2000}', 'admin', '2024-06-06 14:29:27', '', '2024-06-06 14:41:52', NULL);
INSERT INTO `gen_table` VALUES (7, 'cms_site', '站点表', NULL, NULL, 'CmsSite', 'crud', 'element-ui', 'com.yuji.contentcore', 'cms', 'site', '站点管理', 'Liguoqiang', '0', '/', '{\"parentMenuId\":2000}', 'admin', '2024-06-06 14:29:27', '', '2024-06-06 14:42:28', NULL);
INSERT INTO `gen_table` VALUES (8, 'cms_site_property', '站点自定义属性表', NULL, NULL, 'CmsSiteProperty', 'crud', 'element-ui', 'com.yuji.contentcore', 'cms', 'property', '站点自定义属性', 'Liguoqiang', '0', '/', '{\"parentMenuId\":2000}', 'admin', '2024-06-06 14:29:27', '', '2024-06-06 14:42:41', NULL);
INSERT INTO `gen_table` VALUES (9, 'cms_template', '模板表', NULL, NULL, 'CmsTemplate', 'crud', 'element-ui', 'com.yuji.contentcore', 'cms', 'template', '模板管理', 'Liguoqiang', '0', '/', '{\"parentMenuId\":2000}', 'admin', '2024-06-06 14:29:27', '', '2024-06-06 14:43:05', NULL);

-- ----------------------------
-- Table structure for gen_table_column
-- ----------------------------
DROP TABLE IF EXISTS `gen_table_column`;
CREATE TABLE `gen_table_column`  (
  `column_id` bigint(0) NOT NULL AUTO_INCREMENT COMMENT '编号',
  `table_id` bigint(0) NULL DEFAULT NULL COMMENT '归属表编号',
  `column_name` varchar(200) CHARACTER SET utf8 COLLATE utf8_general_ci NULL DEFAULT NULL COMMENT '列名称',
  `column_comment` varchar(500) CHARACTER SET utf8 COLLATE utf8_general_ci NULL DEFAULT NULL COMMENT '列描述',
  `column_type` varchar(100) CHARACTER SET utf8 COLLATE utf8_general_ci NULL DEFAULT NULL COMMENT '列类型',
  `java_type` varchar(500) CHARACTER SET utf8 COLLATE utf8_general_ci NULL DEFAULT NULL COMMENT 'JAVA类型',
  `java_field` varchar(200) CHARACTER SET utf8 COLLATE utf8_general_ci NULL DEFAULT NULL COMMENT 'JAVA字段名',
  `is_pk` char(1) CHARACTER SET utf8 COLLATE utf8_general_ci NULL DEFAULT NULL COMMENT '是否主键（1是）',
  `is_increment` char(1) CHARACTER SET utf8 COLLATE utf8_general_ci NULL DEFAULT NULL COMMENT '是否自增（1是）',
  `is_required` char(1) CHARACTER SET utf8 COLLATE utf8_general_ci NULL DEFAULT NULL COMMENT '是否必填（1是）',
  `is_insert` char(1) CHARACTER SET utf8 COLLATE utf8_general_ci NULL DEFAULT NULL COMMENT '是否为插入字段（1是）',
  `is_edit` char(1) CHARACTER SET utf8 COLLATE utf8_general_ci NULL DEFAULT NULL COMMENT '是否编辑字段（1是）',
  `is_list` char(1) CHARACTER SET utf8 COLLATE utf8_general_ci NULL DEFAULT NULL COMMENT '是否列表字段（1是）',
  `is_query` char(1) CHARACTER SET utf8 COLLATE utf8_general_ci NULL DEFAULT NULL COMMENT '是否查询字段（1是）',
  `query_type` varchar(200) CHARACTER SET utf8 COLLATE utf8_general_ci NULL DEFAULT 'EQ' COMMENT '查询方式（等于、不等于、大于、小于、范围）',
  `html_type` varchar(200) CHARACTER SET utf8 COLLATE utf8_general_ci NULL DEFAULT NULL COMMENT '显示类型（文本框、文本域、下拉框、复选框、单选框、日期控件）',
  `dict_type` varchar(200) CHARACTER SET utf8 COLLATE utf8_general_ci NULL DEFAULT '' COMMENT '字典类型',
  `sort` int(0) NULL DEFAULT NULL COMMENT '排序',
  `create_by` varchar(64) CHARACTER SET utf8 COLLATE utf8_general_ci NULL DEFAULT '' COMMENT '创建者',
  `create_time` datetime(0) NULL DEFAULT NULL COMMENT '创建时间',
  `update_by` varchar(64) CHARACTER SET utf8 COLLATE utf8_general_ci NULL DEFAULT '' COMMENT '更新者',
  `update_time` datetime(0) NULL DEFAULT NULL COMMENT '更新时间',
  PRIMARY KEY (`column_id`) USING BTREE
) ENGINE = InnoDB AUTO_INCREMENT = 189 CHARACTER SET = utf8 COLLATE = utf8_general_ci COMMENT = '代码生成业务表字段' ROW_FORMAT = Dynamic;

-- ----------------------------
-- Records of gen_table_column
-- ----------------------------
INSERT INTO `gen_table_column` VALUES (1, 1, 'catalog_id', '主键ID', 'bigint', 'Long', 'catalogId', '1', '0', NULL, '1', NULL, NULL, NULL, 'EQ', 'input', '', 1, 'admin', '2024-06-06 14:29:27', '', '2024-06-06 14:43:18');
INSERT INTO `gen_table_column` VALUES (2, 1, 'site_id', '站点ID', 'bigint', 'Long', 'siteId', '0', '0', '1', '1', '1', '1', '1', 'EQ', 'input', '', 2, 'admin', '2024-06-06 14:29:27', '', '2024-06-06 14:43:18');
INSERT INTO `gen_table_column` VALUES (3, 1, 'parent_id', '父级栏目ID', 'bigint', 'Long', 'parentId', '0', '0', NULL, '1', '1', '1', '1', 'EQ', 'input', '', 3, 'admin', '2024-06-06 14:29:27', '', '2024-06-06 14:43:18');
INSERT INTO `gen_table_column` VALUES (4, 1, 'name', '栏目名称', 'varchar(100)', 'String', 'name', '0', '0', '1', '1', '1', '1', '1', 'LIKE', 'input', '', 4, 'admin', '2024-06-06 14:29:27', '', '2024-06-06 14:43:18');
INSERT INTO `gen_table_column` VALUES (5, 1, 'logo', '栏目引导图', 'varchar(255)', 'String', 'logo', '0', '0', NULL, '1', '1', '1', '1', 'EQ', 'input', '', 5, 'admin', '2024-06-06 14:29:27', '', '2024-06-06 14:43:18');
INSERT INTO `gen_table_column` VALUES (6, 1, 'alias', '栏目别名', 'varchar(100)', 'String', 'alias', '0', '0', '1', '1', '1', '1', '1', 'EQ', 'input', '', 6, 'admin', '2024-06-06 14:29:27', '', '2024-06-06 14:43:18');
INSERT INTO `gen_table_column` VALUES (7, 1, 'description', '栏目简介', 'varchar(255)', 'String', 'description', '0', '0', NULL, '1', '1', '1', '1', 'EQ', 'input', '', 7, 'admin', '2024-06-06 14:29:27', '', '2024-06-06 14:43:18');
INSERT INTO `gen_table_column` VALUES (8, 1, 'ancestors', '栏目祖级IDs', 'varchar(500)', 'String', 'ancestors', '0', '0', NULL, '1', '1', '1', '1', 'EQ', 'textarea', '', 8, 'admin', '2024-06-06 14:29:27', '', '2024-06-06 14:43:18');
INSERT INTO `gen_table_column` VALUES (9, 1, 'dept_code', '所属部门编码', 'varchar(100)', 'String', 'deptCode', '0', '0', NULL, '1', '1', '1', '1', 'EQ', 'input', '', 9, 'admin', '2024-06-06 14:29:27', '', '2024-06-06 14:43:18');
INSERT INTO `gen_table_column` VALUES (10, 1, 'catalog_type', '栏目类型', 'varchar(50)', 'String', 'catalogType', '0', '0', '1', '1', '1', '1', '1', 'EQ', 'select', '', 10, 'admin', '2024-06-06 14:29:27', '', '2024-06-06 14:43:18');
INSERT INTO `gen_table_column` VALUES (11, 1, 'path', '站点路径', 'varchar(50)', 'String', 'path', '0', '0', '1', '1', '1', '1', '1', 'EQ', 'input', '', 11, 'admin', '2024-06-06 14:29:27', '', '2024-06-06 14:43:18');
INSERT INTO `gen_table_column` VALUES (12, 1, 'redirect_url', '标题栏目跳转地址', 'varchar(255)', 'String', 'redirectUrl', '0', '0', NULL, '1', '1', '1', '1', 'EQ', 'input', '', 12, 'admin', '2024-06-06 14:29:27', '', '2024-06-06 14:43:18');
INSERT INTO `gen_table_column` VALUES (13, 1, 'static_flag', '是否生成静态页面', 'char(1)', 'String', 'staticFlag', '0', '0', '1', '1', '1', '1', '1', 'EQ', 'input', '', 13, 'admin', '2024-06-06 14:29:27', '', '2024-06-06 14:43:18');
INSERT INTO `gen_table_column` VALUES (14, 1, 'visible_flag', '栏目是否可见', 'char(1)', 'String', 'visibleFlag', '0', '0', '1', '1', '1', '1', '1', 'EQ', 'input', '', 14, 'admin', '2024-06-06 14:29:27', '', '2024-06-06 14:43:18');
INSERT INTO `gen_table_column` VALUES (15, 1, 'sort_flag', '排序字段', 'bigint', 'Long', 'sortFlag', '0', '0', '1', '1', '1', '1', '1', 'EQ', 'input', '', 15, 'admin', '2024-06-06 14:29:27', '', '2024-06-06 14:43:18');
INSERT INTO `gen_table_column` VALUES (16, 1, 'index_template', '栏目首页模板', 'varchar(100)', 'String', 'indexTemplate', '0', '0', NULL, '1', '1', '1', '1', 'EQ', 'input', '', 16, 'admin', '2024-06-06 14:29:27', '', '2024-06-06 14:43:18');
INSERT INTO `gen_table_column` VALUES (17, 1, 'index_file_name', '栏目首页命名', 'varchar(100)', 'String', 'indexFileName', '0', '0', NULL, '1', '1', '1', '1', 'LIKE', 'input', '', 17, 'admin', '2024-06-06 14:29:27', '', '2024-06-06 14:43:18');
INSERT INTO `gen_table_column` VALUES (18, 1, 'list_template', '列表页模板', 'varchar(100)', 'String', 'listTemplate', '0', '0', NULL, '1', '1', '1', '1', 'EQ', 'input', '', 18, 'admin', '2024-06-06 14:29:27', '', '2024-06-06 14:43:18');
INSERT INTO `gen_table_column` VALUES (19, 1, 'list_name_rule', '列表页命名规则', 'varchar(100)', 'String', 'listNameRule', '0', '0', NULL, '1', '1', '1', '1', 'EQ', 'input', '', 19, 'admin', '2024-06-06 14:29:27', '', '2024-06-06 14:43:18');
INSERT INTO `gen_table_column` VALUES (20, 1, 'detail_template', '详情页模板', 'varchar(100)', 'String', 'detailTemplate', '0', '0', NULL, '1', '1', '1', '1', 'EQ', 'input', '', 20, 'admin', '2024-06-06 14:29:27', '', '2024-06-06 14:43:18');
INSERT INTO `gen_table_column` VALUES (21, 1, 'detail_name_rule', '详情页命名规则', 'varchar(100)', 'String', 'detailNameRule', '0', '0', NULL, '1', '1', '1', '1', 'EQ', 'input', '', 21, 'admin', '2024-06-06 14:29:27', '', '2024-06-06 14:43:18');
INSERT INTO `gen_table_column` VALUES (22, 1, 'tree_level', '栏目层级', 'int', 'Long', 'treeLevel', '0', '0', '1', '1', '1', '1', '1', 'EQ', 'input', '', 22, 'admin', '2024-06-06 14:29:27', '', '2024-06-06 14:43:18');
INSERT INTO `gen_table_column` VALUES (23, 1, 'child_count', '子栏目数', 'int', 'Long', 'childCount', '0', '0', '1', '1', '1', '1', '1', 'EQ', 'input', '', 23, 'admin', '2024-06-06 14:29:27', '', '2024-06-06 14:43:18');
INSERT INTO `gen_table_column` VALUES (24, 1, 'content_count', '内容数量', 'int', 'Long', 'contentCount', '0', '0', '1', '1', '1', '1', '1', 'EQ', 'input', '', 24, 'admin', '2024-06-06 14:29:27', '', '2024-06-06 14:43:18');
INSERT INTO `gen_table_column` VALUES (25, 1, 'status', '状态', 'char(1)', 'String', 'status', '0', '0', NULL, '1', '1', '1', '1', 'EQ', 'radio', '', 25, 'admin', '2024-06-06 14:29:27', '', '2024-06-06 14:43:18');
INSERT INTO `gen_table_column` VALUES (26, 1, 'hit_count', '点击量', 'int', 'Long', 'hitCount', '0', '0', NULL, '1', '1', '1', '1', 'EQ', 'input', '', 26, 'admin', '2024-06-06 14:29:27', '', '2024-06-06 14:43:18');
INSERT INTO `gen_table_column` VALUES (27, 1, 'seo_keywords', 'SEO关键词', 'varchar(400)', 'String', 'seoKeywords', '0', '0', NULL, '1', '1', '1', '1', 'EQ', 'input', '', 27, 'admin', '2024-06-06 14:29:27', '', '2024-06-06 14:43:18');
INSERT INTO `gen_table_column` VALUES (28, 1, 'seo_description', 'SEO描述', 'varchar(1000)', 'String', 'seoDescription', '0', '0', NULL, '1', '1', '1', '1', 'EQ', 'textarea', '', 28, 'admin', '2024-06-06 14:29:27', '', '2024-06-06 14:43:18');
INSERT INTO `gen_table_column` VALUES (29, 1, 'seo_title', 'SEO标题', 'varchar(200)', 'String', 'seoTitle', '0', '0', NULL, '1', '1', '1', '1', 'EQ', 'input', '', 29, 'admin', '2024-06-06 14:29:27', '', '2024-06-06 14:43:18');
INSERT INTO `gen_table_column` VALUES (30, 1, 'publish_pipe_props', '发布平台属性', 'mediumtext', 'String', 'publishPipeProps', '0', '0', NULL, '1', '1', '1', '1', 'EQ', 'textarea', '', 30, 'admin', '2024-06-06 14:29:27', '', '2024-06-06 14:43:18');
INSERT INTO `gen_table_column` VALUES (31, 1, 'config_props', '扩展配置', 'varchar(2000)', 'String', 'configProps', '0', '0', NULL, '1', '1', '1', '1', 'EQ', 'textarea', '', 31, 'admin', '2024-06-06 14:29:27', '', '2024-06-06 14:43:18');
INSERT INTO `gen_table_column` VALUES (32, 1, 'create_by', '创建人', 'varchar(50)', 'String', 'createBy', '0', '0', '1', '1', NULL, NULL, NULL, 'EQ', 'input', '', 32, 'admin', '2024-06-06 14:29:27', '', '2024-06-06 14:43:18');
INSERT INTO `gen_table_column` VALUES (33, 1, 'create_time', '创建时间', 'datetime', 'Date', 'createTime', '0', '0', '1', '1', NULL, NULL, NULL, 'EQ', 'datetime', '', 33, 'admin', '2024-06-06 14:29:27', '', '2024-06-06 14:43:18');
INSERT INTO `gen_table_column` VALUES (34, 1, 'update_by', '最后修改人', 'varchar(50)', 'String', 'updateBy', '0', '0', NULL, '1', '1', NULL, NULL, 'EQ', 'input', '', 34, 'admin', '2024-06-06 14:29:27', '', '2024-06-06 14:43:18');
INSERT INTO `gen_table_column` VALUES (35, 1, 'update_time', '最后修改时间', 'datetime', 'Date', 'updateTime', '0', '0', NULL, '1', '1', NULL, NULL, 'EQ', 'datetime', '', 35, 'admin', '2024-06-06 14:29:27', '', '2024-06-06 14:43:18');
INSERT INTO `gen_table_column` VALUES (36, 1, 'remark', '备注', 'varchar(255)', 'String', 'remark', '0', '0', NULL, '1', '1', '1', NULL, 'EQ', 'input', '', 36, 'admin', '2024-06-06 14:29:27', '', '2024-06-06 14:43:18');
INSERT INTO `gen_table_column` VALUES (37, 2, 'content_id', '主键ID', 'bigint', 'Long', 'contentId', '1', '0', NULL, '1', NULL, NULL, NULL, 'EQ', 'input', '', 1, 'admin', '2024-06-06 14:29:27', '', '2024-06-06 14:43:30');
INSERT INTO `gen_table_column` VALUES (38, 2, 'site_id', '所属站点ID', 'bigint', 'Long', 'siteId', '0', '0', '1', '1', '1', '1', '1', 'EQ', 'input', '', 2, 'admin', '2024-06-06 14:29:27', '', '2024-06-06 14:43:30');
INSERT INTO `gen_table_column` VALUES (39, 2, 'catalog_id', '所属栏目ID', 'bigint', 'Long', 'catalogId', '0', '0', '1', '1', '1', '1', '1', 'EQ', 'input', '', 3, 'admin', '2024-06-06 14:29:27', '', '2024-06-06 14:43:30');
INSERT INTO `gen_table_column` VALUES (40, 2, 'catalog_ancestors', '所属栏目祖级IDs', 'varchar(100)', 'String', 'catalogAncestors', '0', '0', '1', '1', '1', '1', '1', 'EQ', 'input', '', 4, 'admin', '2024-06-06 14:29:27', '', '2024-06-06 14:43:30');
INSERT INTO `gen_table_column` VALUES (41, 2, 'top_catalog', '所属顶级栏目ID', 'bigint', 'Long', 'topCatalog', '0', '0', '1', '1', '1', '1', '1', 'EQ', 'input', '', 5, 'admin', '2024-06-06 14:29:27', '', '2024-06-06 14:43:30');
INSERT INTO `gen_table_column` VALUES (42, 2, 'dept_id', '部门ID', 'bigint', 'Long', 'deptId', '0', '0', NULL, '1', '1', '1', '1', 'EQ', 'input', '', 6, 'admin', '2024-06-06 14:29:27', '', '2024-06-06 14:43:30');
INSERT INTO `gen_table_column` VALUES (43, 2, 'dept_code', '部门编码', 'varchar(100)', 'String', 'deptCode', '0', '0', NULL, '1', '1', '1', '1', 'EQ', 'input', '', 7, 'admin', '2024-06-06 14:29:27', '', '2024-06-06 14:43:30');
INSERT INTO `gen_table_column` VALUES (44, 2, 'content_type', '内容类型', 'varchar(20)', 'String', 'contentType', '0', '0', '1', '1', '1', '1', '1', 'EQ', 'select', '', 8, 'admin', '2024-06-06 14:29:27', '', '2024-06-06 14:43:30');
INSERT INTO `gen_table_column` VALUES (45, 2, 'title', '标题', 'varchar(360)', 'String', 'title', '0', '0', '1', '1', '1', '1', '1', 'EQ', 'input', '', 9, 'admin', '2024-06-06 14:29:27', '', '2024-06-06 14:43:30');
INSERT INTO `gen_table_column` VALUES (46, 2, 'sub_title', '副标题', 'varchar(180)', 'String', 'subTitle', '0', '0', NULL, '1', '1', '1', '1', 'EQ', 'input', '', 10, 'admin', '2024-06-06 14:29:27', '', '2024-06-06 14:43:30');
INSERT INTO `gen_table_column` VALUES (47, 2, 'short_title', '短标题', 'varchar(180)', 'String', 'shortTitle', '0', '0', NULL, '1', '1', '1', '1', 'EQ', 'input', '', 11, 'admin', '2024-06-06 14:29:27', '', '2024-06-06 14:43:30');
INSERT INTO `gen_table_column` VALUES (48, 2, 'title_style', '标题样式', 'varchar(100)', 'String', 'titleStyle', '0', '0', NULL, '1', '1', '1', '1', 'EQ', 'input', '', 12, 'admin', '2024-06-06 14:29:27', '', '2024-06-06 14:43:30');
INSERT INTO `gen_table_column` VALUES (49, 2, 'logo', '引导图', 'varchar(255)', 'String', 'logo', '0', '0', NULL, '1', '1', '1', '1', 'EQ', 'input', '', 13, 'admin', '2024-06-06 14:29:27', '', '2024-06-06 14:43:30');
INSERT INTO `gen_table_column` VALUES (50, 2, 'source', '来源', 'varchar(100)', 'String', 'source', '0', '0', NULL, '1', '1', '1', '1', 'EQ', 'input', '', 14, 'admin', '2024-06-06 14:29:27', '', '2024-06-06 14:43:30');
INSERT INTO `gen_table_column` VALUES (51, 2, 'source_url', '来源URL', 'varchar(255)', 'String', 'sourceUrl', '0', '0', NULL, '1', '1', '1', '1', 'EQ', 'input', '', 15, 'admin', '2024-06-06 14:29:27', '', '2024-06-06 14:43:30');
INSERT INTO `gen_table_column` VALUES (52, 2, 'original', '是否原创（Y=是，N=否）', 'char(1)', 'String', 'original', '0', '0', '1', '1', '1', '1', '1', 'EQ', 'input', '', 16, 'admin', '2024-06-06 14:29:27', '', '2024-06-06 14:43:30');
INSERT INTO `gen_table_column` VALUES (53, 2, 'author', '作者', 'varchar(50)', 'String', 'author', '0', '0', NULL, '1', '1', '1', '1', 'EQ', 'input', '', 17, 'admin', '2024-06-06 14:29:27', '', '2024-06-06 14:43:30');
INSERT INTO `gen_table_column` VALUES (54, 2, 'editor', '编辑', 'varchar(50)', 'String', 'editor', '0', '0', NULL, '1', '1', '1', '1', 'EQ', 'input', '', 18, 'admin', '2024-06-06 14:29:27', '', '2024-06-06 14:43:30');
INSERT INTO `gen_table_column` VALUES (55, 2, 'summary', '摘要', 'varchar(500)', 'String', 'summary', '0', '0', NULL, '1', '1', '1', '1', 'EQ', 'textarea', '', 19, 'admin', '2024-06-06 14:29:27', '', '2024-06-06 14:43:30');
INSERT INTO `gen_table_column` VALUES (56, 2, 'static_path', '自定义内容静态化文件路径', 'varchar(255)', 'String', 'staticPath', '0', '0', NULL, '1', '1', '1', '1', 'EQ', 'input', '', 20, 'admin', '2024-06-06 14:29:27', '', '2024-06-06 14:43:30');
INSERT INTO `gen_table_column` VALUES (57, 2, 'status', '内容状态', 'char(3)', 'String', 'status', '0', '0', '1', '1', '1', '1', '1', 'EQ', 'radio', '', 21, 'admin', '2024-06-06 14:29:27', '', '2024-06-06 14:43:30');
INSERT INTO `gen_table_column` VALUES (58, 2, 'attributes', '内容属性', 'int', 'Long', 'attributes', '0', '0', NULL, '1', '1', '1', '1', 'EQ', 'input', '', 22, 'admin', '2024-06-06 14:29:27', '', '2024-06-06 14:43:30');
INSERT INTO `gen_table_column` VALUES (59, 2, 'top_flag', '置顶标识', 'bigint', 'Long', 'topFlag', '0', '0', '1', '1', '1', '1', '1', 'EQ', 'input', '', 23, 'admin', '2024-06-06 14:29:27', '', '2024-06-06 14:43:30');
INSERT INTO `gen_table_column` VALUES (60, 2, 'top_date', '置顶时间', 'datetime', 'Date', 'topDate', '0', '0', NULL, '1', '1', '1', '1', 'EQ', 'datetime', '', 24, 'admin', '2024-06-06 14:29:27', '', '2024-06-06 14:43:30');
INSERT INTO `gen_table_column` VALUES (61, 2, 'sort_flag', '排序字段', 'bigint', 'Long', 'sortFlag', '0', '0', '1', '1', '1', '1', '1', 'EQ', 'input', '', 25, 'admin', '2024-06-06 14:29:27', '', '2024-06-06 14:43:30');
INSERT INTO `gen_table_column` VALUES (62, 2, 'keywords', '关键词', 'varchar(200)', 'String', 'keywords', '0', '0', NULL, '1', '1', '1', '1', 'EQ', 'input', '', 26, 'admin', '2024-06-06 14:29:27', '', '2024-06-06 14:43:30');
INSERT INTO `gen_table_column` VALUES (63, 2, 'tags', 'TAGs', 'varchar(200)', 'String', 'tags', '0', '0', NULL, '1', '1', '1', '1', 'EQ', 'input', '', 27, 'admin', '2024-06-06 14:29:27', '', '2024-06-06 14:43:30');
INSERT INTO `gen_table_column` VALUES (64, 2, 'copy_type', '复制类型', 'tinyint', 'Long', 'copyType', '0', '0', '1', '1', '1', '1', '1', 'EQ', 'select', '', 28, 'admin', '2024-06-06 14:29:27', '', '2024-06-06 14:43:30');
INSERT INTO `gen_table_column` VALUES (65, 2, 'copy_id', '复制源ID', 'bigint', 'Long', 'copyId', '0', '0', NULL, '1', '1', '1', '1', 'EQ', 'input', '', 29, 'admin', '2024-06-06 14:29:27', '', '2024-06-06 14:43:30');
INSERT INTO `gen_table_column` VALUES (66, 2, 'publish_date', '发布时间', 'datetime', 'Date', 'publishDate', '0', '0', NULL, '1', '1', '1', '1', 'EQ', 'datetime', '', 30, 'admin', '2024-06-06 14:29:27', '', '2024-06-06 14:43:30');
INSERT INTO `gen_table_column` VALUES (67, 2, 'offline_date', '下线时间', 'datetime', 'Date', 'offlineDate', '0', '0', NULL, '1', '1', '1', '1', 'EQ', 'datetime', '', 31, 'admin', '2024-06-06 14:29:27', '', '2024-06-06 14:43:30');
INSERT INTO `gen_table_column` VALUES (68, 2, 'publish_pipe', '发布通道', 'varchar(100)', 'String', 'publishPipe', '0', '0', NULL, '1', '1', '1', '1', 'EQ', 'input', '', 32, 'admin', '2024-06-06 14:29:27', '', '2024-06-06 14:43:30');
INSERT INTO `gen_table_column` VALUES (69, 2, 'publish_pipe_props', '发布通道属性，配置独立模板用', 'varchar(500)', 'String', 'publishPipeProps', '0', '0', NULL, '1', '1', '1', '1', 'EQ', 'textarea', '', 33, 'admin', '2024-06-06 14:29:27', '', '2024-06-06 14:43:30');
INSERT INTO `gen_table_column` VALUES (70, 2, 'link_flag', '是否链接内容（Y=是，N=否）', 'char(1)', 'String', 'linkFlag', '0', '0', '1', '1', '1', '1', '1', 'EQ', 'input', '', 34, 'admin', '2024-06-06 14:29:27', '', '2024-06-06 14:43:30');
INSERT INTO `gen_table_column` VALUES (71, 2, 'redirect_url', '跳转链接', 'varchar(255)', 'String', 'redirectUrl', '0', '0', NULL, '1', '1', '1', '1', 'EQ', 'input', '', 35, 'admin', '2024-06-06 14:29:27', '', '2024-06-06 14:43:30');
INSERT INTO `gen_table_column` VALUES (72, 2, 'is_lock', '是否已锁定（Y=是，N=否）', 'char(1)', 'String', 'isLock', '0', '0', '1', '1', '1', '1', '1', 'EQ', 'input', '', 36, 'admin', '2024-06-06 14:29:27', '', '2024-06-06 14:43:30');
INSERT INTO `gen_table_column` VALUES (73, 2, 'lock_user', '锁定用户名', 'varchar(50)', 'String', 'lockUser', '0', '0', NULL, '1', '1', '1', '1', 'EQ', 'input', '', 37, 'admin', '2024-06-06 14:29:27', '', '2024-06-06 14:43:30');
INSERT INTO `gen_table_column` VALUES (74, 2, 'config_props', '扩展属性', 'varchar(2000)', 'String', 'configProps', '0', '0', NULL, '1', '1', '1', '1', 'EQ', 'textarea', '', 38, 'admin', '2024-06-06 14:29:27', '', '2024-06-06 14:43:30');
INSERT INTO `gen_table_column` VALUES (75, 2, 'deleted', NULL, 'tinyint', 'Long', 'deleted', '0', '0', '1', '1', '1', '1', '1', 'EQ', 'input', '', 39, 'admin', '2024-06-06 14:29:27', '', '2024-06-06 14:43:30');
INSERT INTO `gen_table_column` VALUES (76, 2, 'create_by', '创建人', 'varchar(50)', 'String', 'createBy', '0', '0', '1', '1', NULL, NULL, NULL, 'EQ', 'input', '', 40, 'admin', '2024-06-06 14:29:27', '', '2024-06-06 14:43:30');
INSERT INTO `gen_table_column` VALUES (77, 2, 'create_time', '创建时间', 'datetime', 'Date', 'createTime', '0', '0', '1', '1', NULL, NULL, NULL, 'EQ', 'datetime', '', 41, 'admin', '2024-06-06 14:29:27', '', '2024-06-06 14:43:30');
INSERT INTO `gen_table_column` VALUES (78, 2, 'update_by', '最后修改人', 'varchar(50)', 'String', 'updateBy', '0', '0', NULL, '1', '1', NULL, NULL, 'EQ', 'input', '', 42, 'admin', '2024-06-06 14:29:27', '', '2024-06-06 14:43:30');
INSERT INTO `gen_table_column` VALUES (79, 2, 'update_time', '最后修改时间', 'datetime', 'Date', 'updateTime', '0', '0', NULL, '1', '1', NULL, NULL, 'EQ', 'datetime', '', 43, 'admin', '2024-06-06 14:29:27', '', '2024-06-06 14:43:30');
INSERT INTO `gen_table_column` VALUES (80, 2, 'remark', '备注', 'varchar(255)', 'String', 'remark', '0', '0', NULL, '1', '1', '1', NULL, 'EQ', 'input', '', 44, 'admin', '2024-06-06 14:29:27', '', '2024-06-06 14:43:30');
INSERT INTO `gen_table_column` VALUES (81, 2, 'like_count', NULL, 'bigint', 'Long', 'likeCount', '0', '0', NULL, '1', '1', '1', '1', 'EQ', 'input', '', 45, 'admin', '2024-06-06 14:29:27', '', '2024-06-06 14:43:30');
INSERT INTO `gen_table_column` VALUES (82, 2, 'comment_count', NULL, 'bigint', 'Long', 'commentCount', '0', '0', NULL, '1', '1', '1', '1', 'EQ', 'input', '', 46, 'admin', '2024-06-06 14:29:27', '', '2024-06-06 14:43:30');
INSERT INTO `gen_table_column` VALUES (83, 2, 'favorite_count', NULL, 'bigint', 'Long', 'favoriteCount', '0', '0', NULL, '1', '1', '1', '1', 'EQ', 'input', '', 47, 'admin', '2024-06-06 14:29:27', '', '2024-06-06 14:43:30');
INSERT INTO `gen_table_column` VALUES (84, 2, 'view_count', NULL, 'bigint', 'Long', 'viewCount', '0', '0', NULL, '1', '1', '1', '1', 'EQ', 'input', '', 48, 'admin', '2024-06-06 14:29:27', '', '2024-06-06 14:43:30');
INSERT INTO `gen_table_column` VALUES (85, 2, 'contributor_id', NULL, 'bigint', 'Long', 'contributorId', '0', '0', NULL, '1', '1', '1', '1', 'EQ', 'input', '', 49, 'admin', '2024-06-06 14:29:27', '', '2024-06-06 14:43:30');
INSERT INTO `gen_table_column` VALUES (86, 2, 'seo_title', 'SEO标题', 'varchar(255)', 'String', 'seoTitle', '0', '0', NULL, '1', '1', '1', '1', 'EQ', 'input', '', 50, 'admin', '2024-06-06 14:29:27', '', '2024-06-06 14:43:30');
INSERT INTO `gen_table_column` VALUES (87, 2, 'seo_keywords', 'SEO关键词', 'varchar(255)', 'String', 'seoKeywords', '0', '0', NULL, '1', '1', '1', '1', 'EQ', 'input', '', 51, 'admin', '2024-06-06 14:29:27', '', '2024-06-06 14:43:30');
INSERT INTO `gen_table_column` VALUES (88, 2, 'seo_description', 'SEO描述', 'varchar(255)', 'String', 'seoDescription', '0', '0', NULL, '1', '1', '1', '1', 'EQ', 'input', '', 52, 'admin', '2024-06-06 14:29:27', '', '2024-06-06 14:43:30');
INSERT INTO `gen_table_column` VALUES (89, 3, 'rela_id', 'ID', 'bigint', 'Long', 'relaId', '1', '0', NULL, '1', NULL, NULL, NULL, 'EQ', 'input', '', 1, 'admin', '2024-06-06 14:29:27', '', '2024-06-06 14:40:24');
INSERT INTO `gen_table_column` VALUES (90, 3, 'content_id', '内容ID', 'bigint', 'Long', 'contentId', '0', '0', '1', '1', '1', '1', '1', 'EQ', 'input', '', 2, 'admin', '2024-06-06 14:29:27', '', '2024-06-06 14:40:24');
INSERT INTO `gen_table_column` VALUES (91, 3, 'rela_content_id', '关联内容ID', 'bigint', 'Long', 'relaContentId', '0', '0', '1', '1', '1', '1', '1', 'EQ', 'input', '', 3, 'admin', '2024-06-06 14:29:27', '', '2024-06-06 14:40:24');
INSERT INTO `gen_table_column` VALUES (92, 3, 'create_by', '创建者', 'varchar(64)', 'String', 'createBy', '0', '0', '1', '1', NULL, NULL, NULL, 'EQ', 'input', '', 4, 'admin', '2024-06-06 14:29:27', '', '2024-06-06 14:40:24');
INSERT INTO `gen_table_column` VALUES (93, 3, 'create_time', '创建时间', 'datetime', 'Date', 'createTime', '0', '0', '1', '1', NULL, NULL, NULL, 'EQ', 'datetime', '', 5, 'admin', '2024-06-06 14:29:27', '', '2024-06-06 14:40:24');
INSERT INTO `gen_table_column` VALUES (94, 3, 'update_by', '更新者', 'varchar(64)', 'String', 'updateBy', '0', '0', NULL, '1', '1', NULL, NULL, 'EQ', 'input', '', 6, 'admin', '2024-06-06 14:29:27', '', '2024-06-06 14:40:24');
INSERT INTO `gen_table_column` VALUES (95, 3, 'update_time', '更新时间', 'datetime', 'Date', 'updateTime', '0', '0', NULL, '1', '1', NULL, NULL, 'EQ', 'datetime', '', 7, 'admin', '2024-06-06 14:29:27', '', '2024-06-06 14:40:24');
INSERT INTO `gen_table_column` VALUES (96, 3, 'remark', '备注', 'varchar(500)', 'String', 'remark', '0', '0', NULL, '1', '1', '1', NULL, 'EQ', 'textarea', '', 8, 'admin', '2024-06-06 14:29:27', '', '2024-06-06 14:40:24');
INSERT INTO `gen_table_column` VALUES (97, 3, 'site_id', '站点', 'bigint', 'Long', 'siteId', '0', '0', NULL, '1', '1', '1', '1', 'EQ', 'input', '', 9, 'admin', '2024-06-06 14:29:27', '', '2024-06-06 14:40:24');
INSERT INTO `gen_table_column` VALUES (98, 4, 'page_widget_id', 'ID', 'bigint', 'Long', 'pageWidgetId', '1', '0', NULL, '1', NULL, NULL, NULL, 'EQ', 'input', '', 1, 'admin', '2024-06-06 14:29:27', '', '2024-06-06 14:40:57');
INSERT INTO `gen_table_column` VALUES (99, 4, 'site_id', '所属站点ID', 'bigint', 'Long', 'siteId', '0', '0', '1', '1', '1', '1', '1', 'EQ', 'input', '', 2, 'admin', '2024-06-06 14:29:27', '', '2024-06-06 14:40:57');
INSERT INTO `gen_table_column` VALUES (100, 4, 'catalog_id', '所属栏目ID', 'bigint', 'Long', 'catalogId', '0', '0', '1', '1', '1', '1', '1', 'EQ', 'input', '', 3, 'admin', '2024-06-06 14:29:27', '', '2024-06-06 14:40:57');
INSERT INTO `gen_table_column` VALUES (101, 4, 'catalog_ancestors', '所属栏目祖级IDs', 'varchar(100)', 'String', 'catalogAncestors', '0', '0', NULL, '1', '1', '1', '1', 'EQ', 'input', '', 4, 'admin', '2024-06-06 14:29:27', '', '2024-06-06 14:40:57');
INSERT INTO `gen_table_column` VALUES (102, 4, 'type', '类型', 'varchar(20)', 'String', 'type', '0', '0', '1', '1', '1', '1', '1', 'EQ', 'select', '', 5, 'admin', '2024-06-06 14:29:27', '', '2024-06-06 14:40:57');
INSERT INTO `gen_table_column` VALUES (103, 4, 'name', '名称', 'varchar(255)', 'String', 'name', '0', '0', '1', '1', '1', '1', '1', 'LIKE', 'input', '', 6, 'admin', '2024-06-06 14:29:27', '', '2024-06-06 14:40:57');
INSERT INTO `gen_table_column` VALUES (104, 4, 'code', '编码，站内唯一标识', 'varchar(50)', 'String', 'code', '0', '0', '1', '1', '1', '1', '1', 'EQ', 'input', '', 7, 'admin', '2024-06-06 14:29:27', '', '2024-06-06 14:40:57');
INSERT INTO `gen_table_column` VALUES (105, 4, 'state', '状态', 'int', 'Long', 'state', '0', '0', '1', '1', '1', '1', '1', 'EQ', 'input', '', 8, 'admin', '2024-06-06 14:29:27', '', '2024-06-06 14:40:57');
INSERT INTO `gen_table_column` VALUES (106, 4, 'publish_pipe_code', '发布通道编码', 'varchar(50)', 'String', 'publishPipeCode', '0', '0', '1', '1', '1', '1', '1', 'EQ', 'input', '', 9, 'admin', '2024-06-06 14:29:27', '', '2024-06-06 14:40:57');
INSERT INTO `gen_table_column` VALUES (107, 4, 'template', '模板', 'varchar(255)', 'String', 'template', '0', '0', NULL, '1', '1', '1', '1', 'EQ', 'input', '', 10, 'admin', '2024-06-06 14:29:27', '', '2024-06-06 14:40:57');
INSERT INTO `gen_table_column` VALUES (108, 4, 'path', '发布目录', 'varchar(255)', 'String', 'path', '0', '0', '1', '1', '1', '1', '1', 'EQ', 'input', '', 11, 'admin', '2024-06-06 14:29:27', '', '2024-06-06 14:40:57');
INSERT INTO `gen_table_column` VALUES (109, 4, 'content', '页面部件内容', 'mediumtext', 'String', 'content', '0', '0', NULL, '1', '1', '1', '1', 'EQ', 'editor', '', 12, 'admin', '2024-06-06 14:29:27', '', '2024-06-06 14:40:57');
INSERT INTO `gen_table_column` VALUES (110, 4, 'create_by', '创建人', 'varchar(50)', 'String', 'createBy', '0', '0', '1', '1', NULL, NULL, NULL, 'EQ', 'input', '', 13, 'admin', '2024-06-06 14:29:27', '', '2024-06-06 14:40:57');
INSERT INTO `gen_table_column` VALUES (111, 4, 'create_time', '创建时间', 'datetime', 'Date', 'createTime', '0', '0', '1', '1', NULL, NULL, NULL, 'EQ', 'datetime', '', 14, 'admin', '2024-06-06 14:29:27', '', '2024-06-06 14:40:57');
INSERT INTO `gen_table_column` VALUES (112, 4, 'update_by', '最后修改人', 'varchar(50)', 'String', 'updateBy', '0', '0', NULL, '1', '1', NULL, NULL, 'EQ', 'input', '', 15, 'admin', '2024-06-06 14:29:27', '', '2024-06-06 14:40:57');
INSERT INTO `gen_table_column` VALUES (113, 4, 'update_time', '最后修改时间', 'datetime', 'Date', 'updateTime', '0', '0', NULL, '1', '1', NULL, NULL, 'EQ', 'datetime', '', 16, 'admin', '2024-06-06 14:29:27', '', '2024-06-06 14:40:57');
INSERT INTO `gen_table_column` VALUES (114, 4, 'remark', '备注', 'varchar(255)', 'String', 'remark', '0', '0', NULL, '1', '1', '1', NULL, 'EQ', 'input', '', 17, 'admin', '2024-06-06 14:29:27', '', '2024-06-06 14:40:57');
INSERT INTO `gen_table_column` VALUES (115, 5, 'publishpipe_id', '主键ID', 'bigint', 'Long', 'publishpipeId', '1', '0', NULL, '1', NULL, NULL, NULL, 'EQ', 'input', '', 1, 'admin', '2024-06-06 14:29:27', '', '2024-06-06 14:41:17');
INSERT INTO `gen_table_column` VALUES (116, 5, 'site_id', '站点ID', 'bigint', 'Long', 'siteId', '0', '0', '1', '1', '1', '1', '1', 'EQ', 'input', '', 2, 'admin', '2024-06-06 14:29:27', '', '2024-06-06 14:41:17');
INSERT INTO `gen_table_column` VALUES (117, 5, 'name', '发布点名称', 'varchar(100)', 'String', 'name', '0', '0', '1', '1', '1', '1', '1', 'LIKE', 'input', '', 3, 'admin', '2024-06-06 14:29:27', '', '2024-06-06 14:41:17');
INSERT INTO `gen_table_column` VALUES (118, 5, 'code', '发布点编码（同站点唯一标识）', 'varchar(20)', 'String', 'code', '0', '0', '1', '1', '1', '1', '1', 'EQ', 'input', '', 4, 'admin', '2024-06-06 14:29:27', '', '2024-06-06 14:41:17');
INSERT INTO `gen_table_column` VALUES (119, 5, 'state', '发布通道状态（0 = 禁用，1 = 启用）', 'char(1)', 'String', 'state', '0', '0', '1', '1', '1', '1', '1', 'EQ', 'input', '', 5, 'admin', '2024-06-06 14:29:27', '', '2024-06-06 14:41:17');
INSERT INTO `gen_table_column` VALUES (120, 5, 'sort', '排序', 'bigint', 'Long', 'sort', '0', '0', '1', '1', '1', '1', '1', 'EQ', 'input', '', 6, 'admin', '2024-06-06 14:29:27', '', '2024-06-06 14:41:17');
INSERT INTO `gen_table_column` VALUES (121, 5, 'create_by', '创建人', 'varchar(64)', 'String', 'createBy', '0', '0', '1', '1', NULL, NULL, NULL, 'EQ', 'input', '', 7, 'admin', '2024-06-06 14:29:27', '', '2024-06-06 14:41:17');
INSERT INTO `gen_table_column` VALUES (122, 5, 'create_time', '创建时间', 'datetime', 'Date', 'createTime', '0', '0', '1', '1', NULL, NULL, NULL, 'EQ', 'datetime', '', 8, 'admin', '2024-06-06 14:29:27', '', '2024-06-06 14:41:17');
INSERT INTO `gen_table_column` VALUES (123, 5, 'update_by', '最近修改人', 'varchar(64)', 'String', 'updateBy', '0', '0', NULL, '1', '1', NULL, NULL, 'EQ', 'input', '', 9, 'admin', '2024-06-06 14:29:27', '', '2024-06-06 14:41:17');
INSERT INTO `gen_table_column` VALUES (124, 5, 'update_time', '最近修改时间', 'datetime', 'Date', 'updateTime', '0', '0', NULL, '1', '1', NULL, NULL, 'EQ', 'datetime', '', 10, 'admin', '2024-06-06 14:29:27', '', '2024-06-06 14:41:17');
INSERT INTO `gen_table_column` VALUES (125, 5, 'remark', '备注', 'varchar(400)', 'String', 'remark', '0', '0', NULL, '1', '1', '1', NULL, 'EQ', 'input', '', 11, 'admin', '2024-06-06 14:29:27', '', '2024-06-06 14:41:17');
INSERT INTO `gen_table_column` VALUES (126, 6, 'resource_id', 'id', 'bigint', 'Long', 'resourceId', '1', '0', NULL, '1', NULL, NULL, NULL, 'EQ', 'input', '', 1, 'admin', '2024-06-06 14:29:27', '', '2024-06-06 14:41:52');
INSERT INTO `gen_table_column` VALUES (127, 6, 'site_id', '站点id', 'bigint', 'Long', 'siteId', '0', '0', '1', '1', '1', '1', '1', 'EQ', 'input', '', 2, 'admin', '2024-06-06 14:29:27', '', '2024-06-06 14:41:52');
INSERT INTO `gen_table_column` VALUES (128, 6, 'resource_type', '资源类型', 'varchar(20)', 'String', 'resourceType', '0', '0', '1', '1', '1', '1', '1', 'EQ', 'select', '', 3, 'admin', '2024-06-06 14:29:27', '', '2024-06-06 14:41:52');
INSERT INTO `gen_table_column` VALUES (129, 6, 'storage_type', '存储类型（本地=local，阿里SSO=sso）', 'varchar(20)', 'String', 'storageType', '0', '0', '1', '1', '1', '1', '1', 'EQ', 'select', '', 4, 'admin', '2024-06-06 14:29:27', '', '2024-06-06 14:41:52');
INSERT INTO `gen_table_column` VALUES (130, 6, 'name', '资源名称', 'varchar(255)', 'String', 'name', '0', '0', '1', '1', '1', '1', '1', 'LIKE', 'input', '', 5, 'admin', '2024-06-06 14:29:27', '', '2024-06-06 14:41:52');
INSERT INTO `gen_table_column` VALUES (131, 6, 'path', '文件保存相对路径', 'varchar(255)', 'String', 'path', '0', '0', '1', '1', '1', '1', '1', 'EQ', 'input', '', 6, 'admin', '2024-06-06 14:29:27', '', '2024-06-06 14:41:52');
INSERT INTO `gen_table_column` VALUES (132, 6, 'file_name', '文件名称', 'varchar(100)', 'String', 'fileName', '0', '0', '1', '1', '1', '1', '1', 'LIKE', 'input', '', 7, 'admin', '2024-06-06 14:29:27', '', '2024-06-06 14:41:52');
INSERT INTO `gen_table_column` VALUES (133, 6, 'suffix', '后缀名，不带.', 'varchar(20)', 'String', 'suffix', '0', '0', '1', '1', '1', '1', '1', 'EQ', 'input', '', 8, 'admin', '2024-06-06 14:29:27', '', '2024-06-06 14:41:52');
INSERT INTO `gen_table_column` VALUES (134, 6, 'width', '宽', 'int', 'Long', 'width', '0', '0', NULL, '1', '1', '1', '1', 'EQ', 'input', '', 9, 'admin', '2024-06-06 14:29:27', '', '2024-06-06 14:41:52');
INSERT INTO `gen_table_column` VALUES (135, 6, 'height', '高', 'int', 'Long', 'height', '0', '0', NULL, '1', '1', '1', '1', 'EQ', 'input', '', 10, 'admin', '2024-06-06 14:29:27', '', '2024-06-06 14:41:52');
INSERT INTO `gen_table_column` VALUES (136, 6, 'file_size', '文件大小', 'bigint', 'Long', 'fileSize', '0', '0', '1', '1', '1', '1', '1', 'EQ', 'input', '', 11, 'admin', '2024-06-06 14:29:27', '', '2024-06-06 14:41:52');
INSERT INTO `gen_table_column` VALUES (137, 6, 'source_url', '来源地址', 'varchar(255)', 'String', 'sourceUrl', '0', '0', NULL, '1', '1', '1', '1', 'EQ', 'input', '', 12, 'admin', '2024-06-06 14:29:27', '', '2024-06-06 14:41:52');
INSERT INTO `gen_table_column` VALUES (138, 6, 'status', '状态', 'int', 'Long', 'status', '0', '0', '1', '1', '1', '1', '1', 'EQ', 'radio', '', 13, 'admin', '2024-06-06 14:29:27', '', '2024-06-06 14:41:52');
INSERT INTO `gen_table_column` VALUES (139, 6, 'usage_info', '引用关系', 'varchar(255)', 'String', 'usageInfo', '0', '0', NULL, '1', '1', '1', '1', 'EQ', 'input', '', 14, 'admin', '2024-06-06 14:29:27', '', '2024-06-06 14:41:52');
INSERT INTO `gen_table_column` VALUES (140, 6, 'create_by', '创建人', 'varchar(50)', 'String', 'createBy', '0', '0', '1', '1', NULL, NULL, NULL, 'EQ', 'input', '', 15, 'admin', '2024-06-06 14:29:27', '', '2024-06-06 14:41:52');
INSERT INTO `gen_table_column` VALUES (141, 6, 'create_time', '创建时间', 'datetime', 'Date', 'createTime', '0', '0', '1', '1', NULL, NULL, NULL, 'EQ', 'datetime', '', 16, 'admin', '2024-06-06 14:29:27', '', '2024-06-06 14:41:52');
INSERT INTO `gen_table_column` VALUES (142, 6, 'update_by', '最后修改人', 'varchar(50)', 'String', 'updateBy', '0', '0', NULL, '1', '1', NULL, NULL, 'EQ', 'input', '', 17, 'admin', '2024-06-06 14:29:27', '', '2024-06-06 14:41:52');
INSERT INTO `gen_table_column` VALUES (143, 6, 'update_time', '最后修改时间', 'datetime', 'Date', 'updateTime', '0', '0', NULL, '1', '1', NULL, NULL, 'EQ', 'datetime', '', 18, 'admin', '2024-06-06 14:29:27', '', '2024-06-06 14:41:52');
INSERT INTO `gen_table_column` VALUES (144, 6, 'remark', '备注', 'varchar(255)', 'String', 'remark', '0', '0', NULL, '1', '1', '1', NULL, 'EQ', 'input', '', 19, 'admin', '2024-06-06 14:29:27', '', '2024-06-06 14:41:52');
INSERT INTO `gen_table_column` VALUES (145, 7, 'site_id', '站点ID', 'bigint', 'Long', 'siteId', '1', '0', NULL, '1', NULL, NULL, NULL, 'EQ', 'input', '', 1, 'admin', '2024-06-06 14:29:27', '', '2024-06-06 14:42:28');
INSERT INTO `gen_table_column` VALUES (146, 7, 'parent_id', '父级站点ID', 'bigint', 'Long', 'parentId', '0', '0', '1', '1', '1', '1', '1', 'EQ', 'input', '', 2, 'admin', '2024-06-06 14:29:27', '', '2024-06-06 14:42:28');
INSERT INTO `gen_table_column` VALUES (147, 7, 'name', '站点名称', 'varchar(150)', 'String', 'name', '0', '0', '1', '1', '1', '1', '1', 'LIKE', 'input', '', 3, 'admin', '2024-06-06 14:29:27', '', '2024-06-06 14:42:28');
INSERT INTO `gen_table_column` VALUES (148, 7, 'description', '简介', 'varchar(500)', 'String', 'description', '0', '0', NULL, '1', '1', '1', '1', 'EQ', 'textarea', '', 4, 'admin', '2024-06-06 14:29:27', '', '2024-06-06 14:42:28');
INSERT INTO `gen_table_column` VALUES (149, 7, 'logo', '站点LOGO', 'varchar(255)', 'String', 'logo', '0', '0', NULL, '1', '1', '1', '1', 'EQ', 'input', '', 5, 'admin', '2024-06-06 14:29:27', '', '2024-06-06 14:42:28');
INSERT INTO `gen_table_column` VALUES (150, 7, 'path', '站点目录', 'varchar(100)', 'String', 'path', '0', '0', '1', '1', '1', '1', '1', 'EQ', 'input', '', 6, 'admin', '2024-06-06 14:29:27', '', '2024-06-06 14:42:28');
INSERT INTO `gen_table_column` VALUES (151, 7, 'resource_url', '站点资源访问地址', 'varchar(100)', 'String', 'resourceUrl', '0', '0', NULL, '1', '1', '1', '1', 'EQ', 'input', '', 7, 'admin', '2024-06-06 14:29:27', '', '2024-06-06 14:42:28');
INSERT INTO `gen_table_column` VALUES (152, 7, 'catalog_max_code', '顶级栏目编码最大值', 'int', 'Long', 'catalogMaxCode', '0', '0', NULL, '1', '1', '1', '1', 'EQ', 'input', '', 8, 'admin', '2024-06-06 14:29:27', '', '2024-06-06 14:42:28');
INSERT INTO `gen_table_column` VALUES (153, 7, 'dept_code', '所属机构编码', 'varchar(100)', 'String', 'deptCode', '0', '0', NULL, '1', '1', '1', '1', 'EQ', 'input', '', 9, 'admin', '2024-06-06 14:29:27', '', '2024-06-06 14:42:28');
INSERT INTO `gen_table_column` VALUES (154, 7, 'index_template', '首页模板', 'varchar(100)', 'String', 'indexTemplate', '0', '0', NULL, '1', '1', '1', '1', 'EQ', 'input', '', 10, 'admin', '2024-06-06 14:29:27', '', '2024-06-06 14:42:28');
INSERT INTO `gen_table_column` VALUES (155, 7, 'static_suffix', '静态文件类型', 'varchar(10)', 'String', 'staticSuffix', '0', '0', NULL, '1', '1', '1', '1', 'EQ', 'input', '', 11, 'admin', '2024-06-06 14:29:27', '', '2024-06-06 14:42:28');
INSERT INTO `gen_table_column` VALUES (156, 7, 'sort_flag', '排序标识', 'bigint', 'Long', 'sortFlag', '0', '0', '1', '1', '1', '1', '1', 'EQ', 'input', '', 12, 'admin', '2024-06-06 14:29:27', '', '2024-06-06 14:42:28');
INSERT INTO `gen_table_column` VALUES (157, 7, 'publish_pipe_props', '发布通道属性', 'text', 'String', 'publishPipeProps', '0', '0', NULL, '1', '1', '1', '1', 'EQ', 'textarea', '', 13, 'admin', '2024-06-06 14:29:27', '', '2024-06-06 14:42:28');
INSERT INTO `gen_table_column` VALUES (158, 7, 'config_props', '站点扩展属性', 'mediumtext', 'String', 'configProps', '0', '0', NULL, '1', '1', '1', '1', 'EQ', 'textarea', '', 14, 'admin', '2024-06-06 14:29:27', '', '2024-06-06 14:42:28');
INSERT INTO `gen_table_column` VALUES (159, 7, 'seo_keywords', 'SEO关键词', 'varchar(255)', 'String', 'seoKeywords', '0', '0', NULL, '1', '1', '1', '1', 'EQ', 'input', '', 15, 'admin', '2024-06-06 14:29:27', '', '2024-06-06 14:42:28');
INSERT INTO `gen_table_column` VALUES (160, 7, 'seo_description', 'SEO描述', 'varchar(255)', 'String', 'seoDescription', '0', '0', NULL, '1', '1', '1', '1', 'EQ', 'input', '', 16, 'admin', '2024-06-06 14:29:27', '', '2024-06-06 14:42:28');
INSERT INTO `gen_table_column` VALUES (161, 7, 'seo_title', 'SEO标题', 'varchar(255)', 'String', 'seoTitle', '0', '0', NULL, '1', '1', '1', '1', 'EQ', 'input', '', 17, 'admin', '2024-06-06 14:29:27', '', '2024-06-06 14:42:28');
INSERT INTO `gen_table_column` VALUES (162, 7, 'create_by', '创建人', 'varchar(64)', 'String', 'createBy', '0', '0', '1', '1', NULL, NULL, NULL, 'EQ', 'input', '', 18, 'admin', '2024-06-06 14:29:27', '', '2024-06-06 14:42:28');
INSERT INTO `gen_table_column` VALUES (163, 7, 'create_time', '创建时间', 'datetime', 'Date', 'createTime', '0', '0', '1', '1', NULL, NULL, NULL, 'EQ', 'datetime', '', 19, 'admin', '2024-06-06 14:29:27', '', '2024-06-06 14:42:28');
INSERT INTO `gen_table_column` VALUES (164, 7, 'update_by', '最近修改人', 'varchar(64)', 'String', 'updateBy', '0', '0', NULL, '1', '1', NULL, NULL, 'EQ', 'input', '', 20, 'admin', '2024-06-06 14:29:27', '', '2024-06-06 14:42:28');
INSERT INTO `gen_table_column` VALUES (165, 7, 'update_time', '最近修改时间', 'datetime', 'Date', 'updateTime', '0', '0', NULL, '1', '1', NULL, NULL, 'EQ', 'datetime', '', 21, 'admin', '2024-06-06 14:29:27', '', '2024-06-06 14:42:28');
INSERT INTO `gen_table_column` VALUES (166, 7, 'remark', '备注', 'varchar(400)', 'String', 'remark', '0', '0', NULL, '1', '1', '1', NULL, 'EQ', 'input', '', 22, 'admin', '2024-06-06 14:29:27', '', '2024-06-06 14:42:28');
INSERT INTO `gen_table_column` VALUES (167, 8, 'property_id', '属性ID', 'bigint', 'Long', 'propertyId', '1', '0', NULL, '1', NULL, NULL, NULL, 'EQ', 'input', '', 1, 'admin', '2024-06-06 14:29:27', '', '2024-06-06 14:42:41');
INSERT INTO `gen_table_column` VALUES (168, 8, 'site_id', '站点ID', 'bigint', 'Long', 'siteId', '0', '0', '1', '1', '1', '1', '1', 'EQ', 'input', '', 2, 'admin', '2024-06-06 14:29:27', '', '2024-06-06 14:42:41');
INSERT INTO `gen_table_column` VALUES (169, 8, 'prop_name', '属性名称', 'varchar(100)', 'String', 'propName', '0', '0', '1', '1', '1', '1', '1', 'LIKE', 'input', '', 3, 'admin', '2024-06-06 14:29:27', '', '2024-06-06 14:42:41');
INSERT INTO `gen_table_column` VALUES (170, 8, 'prop_code', '属性编码', 'varchar(50)', 'String', 'propCode', '0', '0', '1', '1', '1', '1', '1', 'EQ', 'input', '', 4, 'admin', '2024-06-06 14:29:27', '', '2024-06-06 14:42:41');
INSERT INTO `gen_table_column` VALUES (171, 8, 'prop_value', '属性值', 'varchar(255)', 'String', 'propValue', '0', '0', NULL, '1', '1', '1', '1', 'EQ', 'input', '', 5, 'admin', '2024-06-06 14:29:27', '', '2024-06-06 14:42:41');
INSERT INTO `gen_table_column` VALUES (172, 8, 'create_by', '创建人', 'varchar(50)', 'String', 'createBy', '0', '0', '1', '1', NULL, NULL, NULL, 'EQ', 'input', '', 6, 'admin', '2024-06-06 14:29:27', '', '2024-06-06 14:42:41');
INSERT INTO `gen_table_column` VALUES (173, 8, 'create_time', '创建时间', 'datetime', 'Date', 'createTime', '0', '0', '1', '1', NULL, NULL, NULL, 'EQ', 'datetime', '', 7, 'admin', '2024-06-06 14:29:27', '', '2024-06-06 14:42:41');
INSERT INTO `gen_table_column` VALUES (174, 8, 'update_by', '最后修改人', 'varchar(50)', 'String', 'updateBy', '0', '0', NULL, '1', '1', NULL, NULL, 'EQ', 'input', '', 8, 'admin', '2024-06-06 14:29:27', '', '2024-06-06 14:42:41');
INSERT INTO `gen_table_column` VALUES (175, 8, 'update_time', '最后修改时间', 'datetime', 'Date', 'updateTime', '0', '0', NULL, '1', '1', NULL, NULL, 'EQ', 'datetime', '', 9, 'admin', '2024-06-06 14:29:27', '', '2024-06-06 14:42:41');
INSERT INTO `gen_table_column` VALUES (176, 8, 'remark', '备注', 'varchar(255)', 'String', 'remark', '0', '0', NULL, '1', '1', '1', NULL, 'EQ', 'input', '', 10, 'admin', '2024-06-06 14:29:27', '', '2024-06-06 14:42:41');
INSERT INTO `gen_table_column` VALUES (177, 9, 'template_id', '主键ID', 'bigint', 'Long', 'templateId', '1', '0', NULL, '1', NULL, NULL, NULL, 'EQ', 'input', '', 1, 'admin', '2024-06-06 14:29:27', '', '2024-06-06 14:43:05');
INSERT INTO `gen_table_column` VALUES (178, 9, 'site_id', '站点ID', 'bigint', 'Long', 'siteId', '0', '0', '1', '1', '1', '1', '1', 'EQ', 'input', '', 2, 'admin', '2024-06-06 14:29:27', '', '2024-06-06 14:43:05');
INSERT INTO `gen_table_column` VALUES (179, 9, 'publish_pipe_code', '发布通道编码', 'varchar(20)', 'String', 'publishPipeCode', '0', '0', '1', '1', '1', '1', '1', 'EQ', 'input', '', 3, 'admin', '2024-06-06 14:29:27', '', '2024-06-06 14:43:05');
INSERT INTO `gen_table_column` VALUES (180, 9, 'path', '模板路径', 'varchar(200)', 'String', 'path', '0', '0', '1', '1', '1', '1', '1', 'EQ', 'input', '', 4, 'admin', '2024-06-06 14:29:27', '', '2024-06-06 14:43:05');
INSERT INTO `gen_table_column` VALUES (181, 9, 'content', '模板内容', 'longblob', 'String', 'content', '0', '0', '1', '1', '1', '1', '1', 'EQ', 'editor', '', 5, 'admin', '2024-06-06 14:29:27', '', '2024-06-06 14:43:05');
INSERT INTO `gen_table_column` VALUES (182, 9, 'filesize', '模板文件大小', 'int', 'Long', 'filesize', '0', '0', '1', '1', '1', '1', '1', 'EQ', 'input', '', 6, 'admin', '2024-06-06 14:29:27', '', '2024-06-06 14:43:05');
INSERT INTO `gen_table_column` VALUES (183, 9, 'modify_time', '模板文件更新时间戳', 'bigint', 'Long', 'modifyTime', '0', '0', '1', '1', '1', '1', '1', 'EQ', 'input', '', 7, 'admin', '2024-06-06 14:29:27', '', '2024-06-06 14:43:05');
INSERT INTO `gen_table_column` VALUES (184, 9, 'create_by', '创建人', 'varchar(64)', 'String', 'createBy', '0', '0', '1', '1', NULL, NULL, NULL, 'EQ', 'input', '', 8, 'admin', '2024-06-06 14:29:27', '', '2024-06-06 14:43:05');
INSERT INTO `gen_table_column` VALUES (185, 9, 'create_time', '创建时间', 'datetime', 'Date', 'createTime', '0', '0', '1', '1', NULL, NULL, NULL, 'EQ', 'datetime', '', 9, 'admin', '2024-06-06 14:29:27', '', '2024-06-06 14:43:05');
INSERT INTO `gen_table_column` VALUES (186, 9, 'update_by', '最近修改人', 'varchar(64)', 'String', 'updateBy', '0', '0', NULL, '1', '1', NULL, NULL, 'EQ', 'input', '', 10, 'admin', '2024-06-06 14:29:27', '', '2024-06-06 14:43:05');
INSERT INTO `gen_table_column` VALUES (187, 9, 'update_time', '最近修改时间', 'datetime', 'Date', 'updateTime', '0', '0', NULL, '1', '1', NULL, NULL, 'EQ', 'datetime', '', 11, 'admin', '2024-06-06 14:29:27', '', '2024-06-06 14:43:05');
INSERT INTO `gen_table_column` VALUES (188, 9, 'remark', '备注', 'varchar(400)', 'String', 'remark', '0', '0', NULL, '1', '1', '1', NULL, 'EQ', 'input', '', 12, 'admin', '2024-06-06 14:29:27', '', '2024-06-06 14:43:05');

-- ----------------------------
-- Table structure for sys_config
-- ----------------------------
DROP TABLE IF EXISTS `sys_config`;
CREATE TABLE `sys_config`  (
  `config_id` int(0) NOT NULL AUTO_INCREMENT COMMENT '参数主键',
  `config_name` varchar(100) CHARACTER SET utf8 COLLATE utf8_general_ci NULL DEFAULT '' COMMENT '参数名称',
  `config_key` varchar(100) CHARACTER SET utf8 COLLATE utf8_general_ci NULL DEFAULT '' COMMENT '参数键名',
  `config_value` varchar(500) CHARACTER SET utf8 COLLATE utf8_general_ci NULL DEFAULT '' COMMENT '参数键值',
  `config_type` char(1) CHARACTER SET utf8 COLLATE utf8_general_ci NULL DEFAULT 'N' COMMENT '系统内置（Y是 N否）',
  `create_by` varchar(64) CHARACTER SET utf8 COLLATE utf8_general_ci NULL DEFAULT '' COMMENT '创建者',
  `create_time` datetime(0) NULL DEFAULT NULL COMMENT '创建时间',
  `update_by` varchar(64) CHARACTER SET utf8 COLLATE utf8_general_ci NULL DEFAULT '' COMMENT '更新者',
  `update_time` datetime(0) NULL DEFAULT NULL COMMENT '更新时间',
  `remark` varchar(500) CHARACTER SET utf8 COLLATE utf8_general_ci NULL DEFAULT NULL COMMENT '备注',
  PRIMARY KEY (`config_id`) USING BTREE
) ENGINE = InnoDB AUTO_INCREMENT = 100 CHARACTER SET = utf8 COLLATE = utf8_general_ci COMMENT = '参数配置表' ROW_FORMAT = Dynamic;

-- ----------------------------
-- Records of sys_config
-- ----------------------------
INSERT INTO `sys_config` VALUES (1, '主框架页-默认皮肤样式名称', 'sys.index.skinName', 'skin-blue', 'Y', 'admin', '2024-05-29 09:50:01', '', NULL, '蓝色 skin-blue、绿色 skin-green、紫色 skin-purple、红色 skin-red、黄色 skin-yellow');
INSERT INTO `sys_config` VALUES (2, '用户管理-账号初始密码', 'sys.user.initPassword', '123456', 'Y', 'admin', '2024-05-29 09:50:01', '', NULL, '初始化密码 123456');
INSERT INTO `sys_config` VALUES (3, '主框架页-侧边栏主题', 'sys.index.sideTheme', 'theme-dark', 'Y', 'admin', '2024-05-29 09:50:01', '', NULL, '深色主题theme-dark，浅色主题theme-light');
INSERT INTO `sys_config` VALUES (4, '账号自助-是否开启用户注册功能', 'sys.account.registerUser', 'true', 'Y', 'admin', '2024-05-29 09:50:01', 'admin', '2024-06-03 15:38:40', '是否开启注册用户功能（true开启，false关闭）');
INSERT INTO `sys_config` VALUES (5, '用户登录-黑名单列表', 'sys.login.blackIPList', '', 'Y', 'admin', '2024-05-29 09:50:01', '', NULL, '设置登录IP黑名单限制，多个匹配项以;分隔，支持匹配（*通配、网段）');

-- ----------------------------
-- Table structure for sys_dept
-- ----------------------------
DROP TABLE IF EXISTS `sys_dept`;
CREATE TABLE `sys_dept`  (
  `dept_id` bigint(0) NOT NULL AUTO_INCREMENT COMMENT '部门id',
  `parent_id` bigint(0) NULL DEFAULT 0 COMMENT '父部门id',
  `ancestors` varchar(50) CHARACTER SET utf8 COLLATE utf8_general_ci NULL DEFAULT '' COMMENT '祖级列表',
  `dept_name` varchar(30) CHARACTER SET utf8 COLLATE utf8_general_ci NULL DEFAULT '' COMMENT '部门名称',
  `order_num` int(0) NULL DEFAULT 0 COMMENT '显示顺序',
  `leader` varchar(20) CHARACTER SET utf8 COLLATE utf8_general_ci NULL DEFAULT NULL COMMENT '负责人',
  `phone` varchar(11) CHARACTER SET utf8 COLLATE utf8_general_ci NULL DEFAULT NULL COMMENT '联系电话',
  `email` varchar(50) CHARACTER SET utf8 COLLATE utf8_general_ci NULL DEFAULT NULL COMMENT '邮箱',
  `status` char(1) CHARACTER SET utf8 COLLATE utf8_general_ci NULL DEFAULT '0' COMMENT '部门状态（0正常 1停用）',
  `del_flag` char(1) CHARACTER SET utf8 COLLATE utf8_general_ci NULL DEFAULT '0' COMMENT '删除标志（0代表存在 2代表删除）',
  `create_by` varchar(64) CHARACTER SET utf8 COLLATE utf8_general_ci NULL DEFAULT '' COMMENT '创建者',
  `create_time` datetime(0) NULL DEFAULT NULL COMMENT '创建时间',
  `update_by` varchar(64) CHARACTER SET utf8 COLLATE utf8_general_ci NULL DEFAULT '' COMMENT '更新者',
  `update_time` datetime(0) NULL DEFAULT NULL COMMENT '更新时间',
  PRIMARY KEY (`dept_id`) USING BTREE
) ENGINE = InnoDB AUTO_INCREMENT = 200 CHARACTER SET = utf8 COLLATE = utf8_general_ci COMMENT = '部门表' ROW_FORMAT = Dynamic;

-- ----------------------------
-- Records of sys_dept
-- ----------------------------
INSERT INTO `sys_dept` VALUES (100, 0, '0', '若依科技', 0, '若依', '15888888888', 'ry@qq.com', '0', '0', 'admin', '2024-05-29 09:49:49', '', NULL);
INSERT INTO `sys_dept` VALUES (101, 100, '0,100', '深圳总公司', 1, '若依', '15888888888', 'ry@qq.com', '0', '0', 'admin', '2024-05-29 09:49:49', '', NULL);
INSERT INTO `sys_dept` VALUES (102, 100, '0,100', '长沙分公司', 2, '若依', '15888888888', 'ry@qq.com', '0', '0', 'admin', '2024-05-29 09:49:49', '', NULL);
INSERT INTO `sys_dept` VALUES (103, 101, '0,100,101', '研发部门', 1, '若依', '15888888888', 'ry@qq.com', '0', '0', 'admin', '2024-05-29 09:49:49', '', NULL);
INSERT INTO `sys_dept` VALUES (104, 101, '0,100,101', '市场部门', 2, '若依', '15888888888', 'ry@qq.com', '0', '0', 'admin', '2024-05-29 09:49:49', '', NULL);
INSERT INTO `sys_dept` VALUES (105, 101, '0,100,101', '测试部门', 3, '若依', '15888888888', 'ry@qq.com', '0', '0', 'admin', '2024-05-29 09:49:49', '', NULL);
INSERT INTO `sys_dept` VALUES (106, 101, '0,100,101', '财务部门', 4, '若依', '15888888888', 'ry@qq.com', '0', '0', 'admin', '2024-05-29 09:49:49', '', NULL);
INSERT INTO `sys_dept` VALUES (107, 101, '0,100,101', '运维部门', 5, '若依', '15888888888', 'ry@qq.com', '0', '0', 'admin', '2024-05-29 09:49:49', '', NULL);
INSERT INTO `sys_dept` VALUES (108, 102, '0,100,102', '市场部门', 1, '若依', '15888888888', 'ry@qq.com', '0', '0', 'admin', '2024-05-29 09:49:49', '', NULL);
INSERT INTO `sys_dept` VALUES (109, 102, '0,100,102', '财务部门', 2, '若依', '15888888888', 'ry@qq.com', '0', '0', 'admin', '2024-05-29 09:49:49', '', NULL);

-- ----------------------------
-- Table structure for sys_dict_data
-- ----------------------------
DROP TABLE IF EXISTS `sys_dict_data`;
CREATE TABLE `sys_dict_data`  (
  `dict_code` bigint(0) NOT NULL AUTO_INCREMENT COMMENT '字典编码',
  `dict_sort` int(0) NULL DEFAULT 0 COMMENT '字典排序',
  `dict_label` varchar(100) CHARACTER SET utf8 COLLATE utf8_general_ci NULL DEFAULT '' COMMENT '字典标签',
  `dict_value` varchar(100) CHARACTER SET utf8 COLLATE utf8_general_ci NULL DEFAULT '' COMMENT '字典键值',
  `dict_type` varchar(100) CHARACTER SET utf8 COLLATE utf8_general_ci NULL DEFAULT '' COMMENT '字典类型',
  `css_class` varchar(100) CHARACTER SET utf8 COLLATE utf8_general_ci NULL DEFAULT NULL COMMENT '样式属性（其他样式扩展）',
  `list_class` varchar(100) CHARACTER SET utf8 COLLATE utf8_general_ci NULL DEFAULT NULL COMMENT '表格回显样式',
  `is_default` char(1) CHARACTER SET utf8 COLLATE utf8_general_ci NULL DEFAULT 'N' COMMENT '是否默认（Y是 N否）',
  `status` char(1) CHARACTER SET utf8 COLLATE utf8_general_ci NULL DEFAULT '0' COMMENT '状态（0正常 1停用）',
  `create_by` varchar(64) CHARACTER SET utf8 COLLATE utf8_general_ci NULL DEFAULT '' COMMENT '创建者',
  `create_time` datetime(0) NULL DEFAULT NULL COMMENT '创建时间',
  `update_by` varchar(64) CHARACTER SET utf8 COLLATE utf8_general_ci NULL DEFAULT '' COMMENT '更新者',
  `update_time` datetime(0) NULL DEFAULT NULL COMMENT '更新时间',
  `remark` varchar(500) CHARACTER SET utf8 COLLATE utf8_general_ci NULL DEFAULT NULL COMMENT '备注',
  PRIMARY KEY (`dict_code`) USING BTREE
) ENGINE = InnoDB AUTO_INCREMENT = 100 CHARACTER SET = utf8 COLLATE = utf8_general_ci COMMENT = '字典数据表' ROW_FORMAT = Dynamic;

-- ----------------------------
-- Records of sys_dict_data
-- ----------------------------
INSERT INTO `sys_dict_data` VALUES (1, 1, '男', '0', 'sys_user_sex', '', '', 'Y', '0', 'admin', '2024-05-29 09:49:59', '', NULL, '性别男');
INSERT INTO `sys_dict_data` VALUES (2, 2, '女', '1', 'sys_user_sex', '', '', 'N', '0', 'admin', '2024-05-29 09:49:59', '', NULL, '性别女');
INSERT INTO `sys_dict_data` VALUES (3, 3, '未知', '2', 'sys_user_sex', '', '', 'N', '0', 'admin', '2024-05-29 09:49:59', '', NULL, '性别未知');
INSERT INTO `sys_dict_data` VALUES (4, 1, '显示', '0', 'sys_show_hide', '', 'primary', 'Y', '0', 'admin', '2024-05-29 09:49:59', '', NULL, '显示菜单');
INSERT INTO `sys_dict_data` VALUES (5, 2, '隐藏', '1', 'sys_show_hide', '', 'danger', 'N', '0', 'admin', '2024-05-29 09:49:59', '', NULL, '隐藏菜单');
INSERT INTO `sys_dict_data` VALUES (6, 1, '正常', '0', 'sys_normal_disable', '', 'primary', 'Y', '0', 'admin', '2024-05-29 09:49:59', '', NULL, '正常状态');
INSERT INTO `sys_dict_data` VALUES (7, 2, '停用', '1', 'sys_normal_disable', '', 'danger', 'N', '0', 'admin', '2024-05-29 09:49:59', '', NULL, '停用状态');
INSERT INTO `sys_dict_data` VALUES (8, 1, '正常', '0', 'sys_job_status', '', 'primary', 'Y', '0', 'admin', '2024-05-29 09:49:59', '', NULL, '正常状态');
INSERT INTO `sys_dict_data` VALUES (9, 2, '暂停', '1', 'sys_job_status', '', 'danger', 'N', '0', 'admin', '2024-05-29 09:49:59', '', NULL, '停用状态');
INSERT INTO `sys_dict_data` VALUES (10, 1, '默认', 'DEFAULT', 'sys_job_group', '', '', 'Y', '0', 'admin', '2024-05-29 09:49:59', '', NULL, '默认分组');
INSERT INTO `sys_dict_data` VALUES (11, 2, '系统', 'SYSTEM', 'sys_job_group', '', '', 'N', '0', 'admin', '2024-05-29 09:49:59', '', NULL, '系统分组');
INSERT INTO `sys_dict_data` VALUES (12, 1, '是', 'Y', 'sys_yes_no', '', 'primary', 'Y', '0', 'admin', '2024-05-29 09:49:59', '', NULL, '系统默认是');
INSERT INTO `sys_dict_data` VALUES (13, 2, '否', 'N', 'sys_yes_no', '', 'danger', 'N', '0', 'admin', '2024-05-29 09:49:59', '', NULL, '系统默认否');
INSERT INTO `sys_dict_data` VALUES (14, 1, '通知', '1', 'sys_notice_type', '', 'warning', 'Y', '0', 'admin', '2024-05-29 09:49:59', '', NULL, '通知');
INSERT INTO `sys_dict_data` VALUES (15, 2, '公告', '2', 'sys_notice_type', '', 'success', 'N', '0', 'admin', '2024-05-29 09:49:59', '', NULL, '公告');
INSERT INTO `sys_dict_data` VALUES (16, 1, '正常', '0', 'sys_notice_status', '', 'primary', 'Y', '0', 'admin', '2024-05-29 09:49:59', '', NULL, '正常状态');
INSERT INTO `sys_dict_data` VALUES (17, 2, '关闭', '1', 'sys_notice_status', '', 'danger', 'N', '0', 'admin', '2024-05-29 09:49:59', '', NULL, '关闭状态');
INSERT INTO `sys_dict_data` VALUES (18, 99, '其他', '0', 'sys_oper_type', '', 'info', 'N', '0', 'admin', '2024-05-29 09:49:59', '', NULL, '其他操作');
INSERT INTO `sys_dict_data` VALUES (19, 1, '新增', '1', 'sys_oper_type', '', 'info', 'N', '0', 'admin', '2024-05-29 09:49:59', '', NULL, '新增操作');
INSERT INTO `sys_dict_data` VALUES (20, 2, '修改', '2', 'sys_oper_type', '', 'info', 'N', '0', 'admin', '2024-05-29 09:49:59', '', NULL, '修改操作');
INSERT INTO `sys_dict_data` VALUES (21, 3, '删除', '3', 'sys_oper_type', '', 'danger', 'N', '0', 'admin', '2024-05-29 09:49:59', '', NULL, '删除操作');
INSERT INTO `sys_dict_data` VALUES (22, 4, '授权', '4', 'sys_oper_type', '', 'primary', 'N', '0', 'admin', '2024-05-29 09:49:59', '', NULL, '授权操作');
INSERT INTO `sys_dict_data` VALUES (23, 5, '导出', '5', 'sys_oper_type', '', 'warning', 'N', '0', 'admin', '2024-05-29 09:49:59', '', NULL, '导出操作');
INSERT INTO `sys_dict_data` VALUES (24, 6, '导入', '6', 'sys_oper_type', '', 'warning', 'N', '0', 'admin', '2024-05-29 09:49:59', '', NULL, '导入操作');
INSERT INTO `sys_dict_data` VALUES (25, 7, '强退', '7', 'sys_oper_type', '', 'danger', 'N', '0', 'admin', '2024-05-29 09:49:59', '', NULL, '强退操作');
INSERT INTO `sys_dict_data` VALUES (26, 8, '生成代码', '8', 'sys_oper_type', '', 'warning', 'N', '0', 'admin', '2024-05-29 09:49:59', '', NULL, '生成操作');
INSERT INTO `sys_dict_data` VALUES (27, 9, '清空数据', '9', 'sys_oper_type', '', 'danger', 'N', '0', 'admin', '2024-05-29 09:49:59', '', NULL, '清空操作');
INSERT INTO `sys_dict_data` VALUES (28, 1, '成功', '0', 'sys_common_status', '', 'primary', 'N', '0', 'admin', '2024-05-29 09:49:59', '', NULL, '正常状态');
INSERT INTO `sys_dict_data` VALUES (29, 2, '失败', '1', 'sys_common_status', '', 'danger', 'N', '0', 'admin', '2024-05-29 09:49:59', '', NULL, '停用状态');

-- ----------------------------
-- Table structure for sys_dict_type
-- ----------------------------
DROP TABLE IF EXISTS `sys_dict_type`;
CREATE TABLE `sys_dict_type`  (
  `dict_id` bigint(0) NOT NULL AUTO_INCREMENT COMMENT '字典主键',
  `dict_name` varchar(100) CHARACTER SET utf8 COLLATE utf8_general_ci NULL DEFAULT '' COMMENT '字典名称',
  `dict_type` varchar(100) CHARACTER SET utf8 COLLATE utf8_general_ci NULL DEFAULT '' COMMENT '字典类型',
  `status` char(1) CHARACTER SET utf8 COLLATE utf8_general_ci NULL DEFAULT '0' COMMENT '状态（0正常 1停用）',
  `create_by` varchar(64) CHARACTER SET utf8 COLLATE utf8_general_ci NULL DEFAULT '' COMMENT '创建者',
  `create_time` datetime(0) NULL DEFAULT NULL COMMENT '创建时间',
  `update_by` varchar(64) CHARACTER SET utf8 COLLATE utf8_general_ci NULL DEFAULT '' COMMENT '更新者',
  `update_time` datetime(0) NULL DEFAULT NULL COMMENT '更新时间',
  `remark` varchar(500) CHARACTER SET utf8 COLLATE utf8_general_ci NULL DEFAULT NULL COMMENT '备注',
  PRIMARY KEY (`dict_id`) USING BTREE,
  UNIQUE INDEX `dict_type`(`dict_type`) USING BTREE
) ENGINE = InnoDB AUTO_INCREMENT = 100 CHARACTER SET = utf8 COLLATE = utf8_general_ci COMMENT = '字典类型表' ROW_FORMAT = Dynamic;

-- ----------------------------
-- Records of sys_dict_type
-- ----------------------------
INSERT INTO `sys_dict_type` VALUES (1, '用户性别', 'sys_user_sex', '0', 'admin', '2024-05-29 09:49:58', '', NULL, '用户性别列表');
INSERT INTO `sys_dict_type` VALUES (2, '菜单状态', 'sys_show_hide', '0', 'admin', '2024-05-29 09:49:58', '', NULL, '菜单状态列表');
INSERT INTO `sys_dict_type` VALUES (3, '系统开关', 'sys_normal_disable', '0', 'admin', '2024-05-29 09:49:58', '', NULL, '系统开关列表');
INSERT INTO `sys_dict_type` VALUES (4, '任务状态', 'sys_job_status', '0', 'admin', '2024-05-29 09:49:58', '', NULL, '任务状态列表');
INSERT INTO `sys_dict_type` VALUES (5, '任务分组', 'sys_job_group', '0', 'admin', '2024-05-29 09:49:58', '', NULL, '任务分组列表');
INSERT INTO `sys_dict_type` VALUES (6, '系统是否', 'sys_yes_no', '0', 'admin', '2024-05-29 09:49:58', '', NULL, '系统是否列表');
INSERT INTO `sys_dict_type` VALUES (7, '通知类型', 'sys_notice_type', '0', 'admin', '2024-05-29 09:49:58', '', NULL, '通知类型列表');
INSERT INTO `sys_dict_type` VALUES (8, '通知状态', 'sys_notice_status', '0', 'admin', '2024-05-29 09:49:58', '', NULL, '通知状态列表');
INSERT INTO `sys_dict_type` VALUES (9, '操作类型', 'sys_oper_type', '0', 'admin', '2024-05-29 09:49:58', '', NULL, '操作类型列表');
INSERT INTO `sys_dict_type` VALUES (10, '系统状态', 'sys_common_status', '0', 'admin', '2024-05-29 09:49:58', '', NULL, '登录状态列表');

-- ----------------------------
-- Table structure for sys_job
-- ----------------------------
DROP TABLE IF EXISTS `sys_job`;
CREATE TABLE `sys_job`  (
  `job_id` bigint(0) NOT NULL AUTO_INCREMENT COMMENT '任务ID',
  `job_name` varchar(64) CHARACTER SET utf8 COLLATE utf8_general_ci NOT NULL DEFAULT '' COMMENT '任务名称',
  `job_group` varchar(64) CHARACTER SET utf8 COLLATE utf8_general_ci NOT NULL DEFAULT 'DEFAULT' COMMENT '任务组名',
  `invoke_target` varchar(500) CHARACTER SET utf8 COLLATE utf8_general_ci NOT NULL COMMENT '调用目标字符串',
  `cron_expression` varchar(255) CHARACTER SET utf8 COLLATE utf8_general_ci NULL DEFAULT '' COMMENT 'cron执行表达式',
  `misfire_policy` varchar(20) CHARACTER SET utf8 COLLATE utf8_general_ci NULL DEFAULT '3' COMMENT '计划执行错误策略（1立即执行 2执行一次 3放弃执行）',
  `concurrent` char(1) CHARACTER SET utf8 COLLATE utf8_general_ci NULL DEFAULT '1' COMMENT '是否并发执行（0允许 1禁止）',
  `status` char(1) CHARACTER SET utf8 COLLATE utf8_general_ci NULL DEFAULT '0' COMMENT '状态（0正常 1暂停）',
  `create_by` varchar(64) CHARACTER SET utf8 COLLATE utf8_general_ci NULL DEFAULT '' COMMENT '创建者',
  `create_time` datetime(0) NULL DEFAULT NULL COMMENT '创建时间',
  `update_by` varchar(64) CHARACTER SET utf8 COLLATE utf8_general_ci NULL DEFAULT '' COMMENT '更新者',
  `update_time` datetime(0) NULL DEFAULT NULL COMMENT '更新时间',
  `remark` varchar(500) CHARACTER SET utf8 COLLATE utf8_general_ci NULL DEFAULT '' COMMENT '备注信息',
  PRIMARY KEY (`job_id`, `job_name`, `job_group`) USING BTREE
) ENGINE = InnoDB AUTO_INCREMENT = 100 CHARACTER SET = utf8 COLLATE = utf8_general_ci COMMENT = '定时任务调度表' ROW_FORMAT = Dynamic;

-- ----------------------------
-- Records of sys_job
-- ----------------------------
INSERT INTO `sys_job` VALUES (1, '系统默认（无参）', 'DEFAULT', 'ryTask.ryNoParams', '0/10 * * * * ?', '3', '1', '1', 'admin', '2024-05-29 09:50:05', '', NULL, '');
INSERT INTO `sys_job` VALUES (2, '系统默认（有参）', 'DEFAULT', 'ryTask.ryParams(\'ry\')', '0/15 * * * * ?', '3', '1', '1', 'admin', '2024-05-29 09:50:05', '', NULL, '');
INSERT INTO `sys_job` VALUES (3, '系统默认（多参）', 'DEFAULT', 'ryTask.ryMultipleParams(\'ry\', true, 2000L, 316.50D, 100)', '0/20 * * * * ?', '3', '1', '1', 'admin', '2024-05-29 09:50:05', '', NULL, '');

-- ----------------------------
-- Table structure for sys_job_log
-- ----------------------------
DROP TABLE IF EXISTS `sys_job_log`;
CREATE TABLE `sys_job_log`  (
  `job_log_id` bigint(0) NOT NULL AUTO_INCREMENT COMMENT '任务日志ID',
  `job_name` varchar(64) CHARACTER SET utf8 COLLATE utf8_general_ci NOT NULL COMMENT '任务名称',
  `job_group` varchar(64) CHARACTER SET utf8 COLLATE utf8_general_ci NOT NULL COMMENT '任务组名',
  `invoke_target` varchar(500) CHARACTER SET utf8 COLLATE utf8_general_ci NOT NULL COMMENT '调用目标字符串',
  `job_message` varchar(500) CHARACTER SET utf8 COLLATE utf8_general_ci NULL DEFAULT NULL COMMENT '日志信息',
  `status` char(1) CHARACTER SET utf8 COLLATE utf8_general_ci NULL DEFAULT '0' COMMENT '执行状态（0正常 1失败）',
  `exception_info` varchar(2000) CHARACTER SET utf8 COLLATE utf8_general_ci NULL DEFAULT '' COMMENT '异常信息',
  `create_time` datetime(0) NULL DEFAULT NULL COMMENT '创建时间',
  PRIMARY KEY (`job_log_id`) USING BTREE
) ENGINE = InnoDB AUTO_INCREMENT = 1 CHARACTER SET = utf8 COLLATE = utf8_general_ci COMMENT = '定时任务调度日志表' ROW_FORMAT = Dynamic;

-- ----------------------------
-- Table structure for sys_logininfor
-- ----------------------------
DROP TABLE IF EXISTS `sys_logininfor`;
CREATE TABLE `sys_logininfor`  (
  `info_id` bigint(0) NOT NULL AUTO_INCREMENT COMMENT '访问ID',
  `user_name` varchar(50) CHARACTER SET utf8 COLLATE utf8_general_ci NULL DEFAULT '' COMMENT '用户账号',
  `ipaddr` varchar(128) CHARACTER SET utf8 COLLATE utf8_general_ci NULL DEFAULT '' COMMENT '登录IP地址',
  `login_location` varchar(255) CHARACTER SET utf8 COLLATE utf8_general_ci NULL DEFAULT NULL COMMENT '登录地点',
  `browser` varchar(50) CHARACTER SET utf8 COLLATE utf8_general_ci NULL DEFAULT NULL COMMENT '浏览器类型',
  `os` varchar(50) CHARACTER SET utf8 COLLATE utf8_general_ci NULL DEFAULT NULL COMMENT '操作系统',
  `status` char(1) CHARACTER SET utf8 COLLATE utf8_general_ci NULL DEFAULT '0' COMMENT '登录状态（0成功 1失败）',
  `msg` varchar(255) CHARACTER SET utf8 COLLATE utf8_general_ci NULL DEFAULT '' COMMENT '提示信息',
  `access_time` datetime(0) NULL DEFAULT NULL COMMENT '访问时间',
  PRIMARY KEY (`info_id`) USING BTREE,
  INDEX `idx_sys_logininfor_s`(`status`) USING BTREE,
  INDEX `idx_sys_logininfor_lt`(`access_time`) USING BTREE
) ENGINE = InnoDB AUTO_INCREMENT = 19 CHARACTER SET = utf8 COLLATE = utf8_general_ci COMMENT = '系统访问记录' ROW_FORMAT = Dynamic;

-- ----------------------------
-- Records of sys_logininfor
-- ----------------------------
INSERT INTO `sys_logininfor` VALUES (1, 'admin', '127.0.0.1', '内网', 'Chrome 10', 'Windows 7', '0', '退出成功', '2024-05-30 11:17:53');
INSERT INTO `sys_logininfor` VALUES (2, 'admin', '127.0.0.1', '内网', 'Chrome 10', 'Windows 7', '0', '登录成功', '2024-05-30 11:17:56');
INSERT INTO `sys_logininfor` VALUES (3, 'admin', '127.0.0.1', '内网', 'Chrome 10', 'Windows 7', '0', '登录成功', '2024-05-30 11:32:16');
INSERT INTO `sys_logininfor` VALUES (4, 'admin', '127.0.0.1', '内网', 'Chrome 10', 'Windows 7', '0', '登录成功', '2024-06-03 09:48:58');
INSERT INTO `sys_logininfor` VALUES (5, 'admin', '127.0.0.1', '内网', 'Chrome 10', 'Windows 7', '0', '登录成功', '2024-06-03 10:28:36');
INSERT INTO `sys_logininfor` VALUES (6, 'admin', '127.0.0.1', '内网', 'Chrome 10', 'Windows 7', '0', '登录成功', '2024-06-03 10:47:26');
INSERT INTO `sys_logininfor` VALUES (7, 'admin', '127.0.0.1', '内网', 'Chrome 10', 'Windows 7', '0', '登录成功', '2024-06-03 14:55:42');
INSERT INTO `sys_logininfor` VALUES (8, 'admin', '127.0.0.1', '内网', 'Chrome 10', 'Windows 7', '0', '登录成功', '2024-06-03 15:38:23');
INSERT INTO `sys_logininfor` VALUES (9, 'admin', '127.0.0.1', '内网', 'Chrome 10', 'Windows 7', '0', '退出成功', '2024-06-03 15:38:48');
INSERT INTO `sys_logininfor` VALUES (10, 'admin', '127.0.0.1', '内网', 'Chrome 10', 'Windows 7', '0', '登录成功', '2024-06-03 15:45:08');
INSERT INTO `sys_logininfor` VALUES (11, 'admin', '127.0.0.1', '内网', 'Chrome 10', 'Windows 7', '0', '登录成功', '2024-06-03 16:06:04');
INSERT INTO `sys_logininfor` VALUES (12, 'admin', '127.0.0.1', '内网', 'Chrome 10', 'Windows 7', '0', '退出成功', '2024-06-03 16:06:09');
INSERT INTO `sys_logininfor` VALUES (13, 'admin', '127.0.0.1', '内网', 'Chrome 10', 'Windows 7', '0', '登录成功', '2024-06-06 11:16:31');
INSERT INTO `sys_logininfor` VALUES (14, 'admin', '127.0.0.1', '内网', 'Chrome 10', 'Windows 7', '0', '登录成功', '2024-06-06 14:15:28');
INSERT INTO `sys_logininfor` VALUES (15, 'admin', '127.0.0.1', '内网', 'Chrome 10', 'Windows 7', '0', '登录成功', '2024-06-06 16:44:12');
INSERT INTO `sys_logininfor` VALUES (16, 'admin', '127.0.0.1', '内网', 'Chrome 10', 'Windows 7', '0', '登录成功', '2024-06-06 17:05:47');
INSERT INTO `sys_logininfor` VALUES (17, 'admin', '127.0.0.1', '内网', 'Chrome 10', 'Windows 7', '0', '登录成功', '2024-06-06 17:08:23');
INSERT INTO `sys_logininfor` VALUES (18, 'admin', '127.0.0.1', '内网', 'Chrome 10', 'Windows 7', '0', '登录成功', '2024-06-07 14:12:38');

-- ----------------------------
-- Table structure for sys_menu
-- ----------------------------
DROP TABLE IF EXISTS `sys_menu`;
CREATE TABLE `sys_menu`  (
  `menu_id` bigint(0) NOT NULL AUTO_INCREMENT COMMENT '菜单ID',
  `menu_name` varchar(50) CHARACTER SET utf8 COLLATE utf8_general_ci NOT NULL COMMENT '菜单名称',
  `parent_id` bigint(0) NULL DEFAULT 0 COMMENT '父菜单ID',
  `order_num` int(0) NULL DEFAULT 0 COMMENT '显示顺序',
  `path` varchar(200) CHARACTER SET utf8 COLLATE utf8_general_ci NULL DEFAULT '' COMMENT '路由地址',
  `component` varchar(255) CHARACTER SET utf8 COLLATE utf8_general_ci NULL DEFAULT NULL COMMENT '组件路径',
  `query` varchar(255) CHARACTER SET utf8 COLLATE utf8_general_ci NULL DEFAULT NULL COMMENT '路由参数',
  `is_frame` int(0) NULL DEFAULT 1 COMMENT '是否为外链（0是 1否）',
  `is_cache` int(0) NULL DEFAULT 0 COMMENT '是否缓存（0缓存 1不缓存）',
  `menu_type` char(1) CHARACTER SET utf8 COLLATE utf8_general_ci NULL DEFAULT '' COMMENT '菜单类型（M目录 C菜单 F按钮）',
  `visible` char(1) CHARACTER SET utf8 COLLATE utf8_general_ci NULL DEFAULT '0' COMMENT '菜单状态（0显示 1隐藏）',
  `status` char(1) CHARACTER SET utf8 COLLATE utf8_general_ci NULL DEFAULT '0' COMMENT '菜单状态（0正常 1停用）',
  `perms` varchar(100) CHARACTER SET utf8 COLLATE utf8_general_ci NULL DEFAULT NULL COMMENT '权限标识',
  `icon` varchar(100) CHARACTER SET utf8 COLLATE utf8_general_ci NULL DEFAULT '#' COMMENT '菜单图标',
  `create_by` varchar(64) CHARACTER SET utf8 COLLATE utf8_general_ci NULL DEFAULT '' COMMENT '创建者',
  `create_time` datetime(0) NULL DEFAULT NULL COMMENT '创建时间',
  `update_by` varchar(64) CHARACTER SET utf8 COLLATE utf8_general_ci NULL DEFAULT '' COMMENT '更新者',
  `update_time` datetime(0) NULL DEFAULT NULL COMMENT '更新时间',
  `remark` varchar(500) CHARACTER SET utf8 COLLATE utf8_general_ci NULL DEFAULT '' COMMENT '备注',
  PRIMARY KEY (`menu_id`) USING BTREE
) ENGINE = InnoDB AUTO_INCREMENT = 2038 CHARACTER SET = utf8 COLLATE = utf8_general_ci COMMENT = '菜单权限表' ROW_FORMAT = Dynamic;

-- ----------------------------
-- Records of sys_menu
-- ----------------------------
INSERT INTO `sys_menu` VALUES (1, '系统管理', 0, 2, 'system', NULL, '', 1, 0, 'M', '0', '0', '', 'system', 'admin', '2024-05-29 09:49:51', 'admin', '2024-06-06 14:38:13', '系统管理目录');
INSERT INTO `sys_menu` VALUES (2, '系统监控', 0, 3, 'monitor', NULL, '', 1, 0, 'M', '0', '0', '', 'monitor', 'admin', '2024-05-29 09:49:52', 'admin', '2024-06-06 14:38:20', '系统监控目录');
INSERT INTO `sys_menu` VALUES (3, '系统工具', 0, 4, 'tool', NULL, '', 1, 0, 'M', '0', '0', '', 'tool', 'admin', '2024-05-29 09:49:52', 'admin', '2024-06-06 14:38:24', '系统工具目录');
INSERT INTO `sys_menu` VALUES (100, '用户管理', 1, 1, 'user', 'system/user/index', '', 1, 0, 'C', '0', '0', 'system:user:list', 'user', 'admin', '2024-05-29 09:49:52', '', NULL, '用户管理菜单');
INSERT INTO `sys_menu` VALUES (101, '角色管理', 1, 2, 'role', 'system/role/index', '', 1, 0, 'C', '0', '0', 'system:role:list', 'peoples', 'admin', '2024-05-29 09:49:52', '', NULL, '角色管理菜单');
INSERT INTO `sys_menu` VALUES (102, '菜单管理', 1, 3, 'menu', 'system/menu/index', '', 1, 0, 'C', '0', '0', 'system:menu:list', 'tree-table', 'admin', '2024-05-29 09:49:52', '', NULL, '菜单管理菜单');
INSERT INTO `sys_menu` VALUES (103, '部门管理', 1, 4, 'dept', 'system/dept/index', '', 1, 0, 'C', '0', '0', 'system:dept:list', 'tree', 'admin', '2024-05-29 09:49:52', '', NULL, '部门管理菜单');
INSERT INTO `sys_menu` VALUES (104, '岗位管理', 1, 5, 'post', 'system/post/index', '', 1, 0, 'C', '0', '0', 'system:post:list', 'post', 'admin', '2024-05-29 09:49:52', '', NULL, '岗位管理菜单');
INSERT INTO `sys_menu` VALUES (105, '字典管理', 1, 6, 'dict', 'system/dict/index', '', 1, 0, 'C', '0', '0', 'system:dict:list', 'dict', 'admin', '2024-05-29 09:49:52', '', NULL, '字典管理菜单');
INSERT INTO `sys_menu` VALUES (106, '参数设置', 1, 7, 'config', 'system/config/index', '', 1, 0, 'C', '0', '0', 'system:config:list', 'edit', 'admin', '2024-05-29 09:49:52', '', NULL, '参数设置菜单');
INSERT INTO `sys_menu` VALUES (107, '通知公告', 1, 8, 'notice', 'system/notice/index', '', 1, 0, 'C', '0', '0', 'system:notice:list', 'message', 'admin', '2024-05-29 09:49:52', '', NULL, '通知公告菜单');
INSERT INTO `sys_menu` VALUES (108, '日志管理', 1, 9, 'log', '', '', 1, 0, 'M', '0', '0', '', 'log', 'admin', '2024-05-29 09:49:52', '', NULL, '日志管理菜单');
INSERT INTO `sys_menu` VALUES (109, '在线用户', 2, 1, 'online', 'monitor/online/index', '', 1, 0, 'C', '0', '0', 'monitor:online:list', 'online', 'admin', '2024-05-29 09:49:52', '', NULL, '在线用户菜单');
INSERT INTO `sys_menu` VALUES (110, '定时任务', 2, 2, 'job', 'monitor/job/index', '', 1, 0, 'C', '0', '0', 'monitor:job:list', 'job', 'admin', '2024-05-29 09:49:52', '', NULL, '定时任务菜单');
INSERT INTO `sys_menu` VALUES (111, 'Sentinel控制台', 2, 3, 'http://localhost:8718', '', '', 0, 0, 'C', '0', '0', 'monitor:sentinel:list', 'sentinel', 'admin', '2024-05-29 09:49:52', '', NULL, '流量控制菜单');
INSERT INTO `sys_menu` VALUES (112, 'Nacos控制台', 2, 4, 'http://localhost:8848/nacos', '', '', 0, 0, 'C', '0', '0', 'monitor:nacos:list', 'nacos', 'admin', '2024-05-29 09:49:52', '', NULL, '服务治理菜单');
INSERT INTO `sys_menu` VALUES (113, 'Admin控制台', 2, 5, 'http://localhost:9100/login', '', '', 0, 0, 'C', '0', '0', 'monitor:server:list', 'server', 'admin', '2024-05-29 09:49:52', '', NULL, '服务监控菜单');
INSERT INTO `sys_menu` VALUES (114, '表单构建', 3, 1, 'build', 'tool/build/index', '', 1, 0, 'C', '0', '0', 'tool:build:list', 'build', 'admin', '2024-05-29 09:49:52', '', NULL, '表单构建菜单');
INSERT INTO `sys_menu` VALUES (115, '代码生成', 3, 2, 'gen', 'tool/gen/index', '', 1, 0, 'C', '0', '0', 'tool:gen:list', 'code', 'admin', '2024-05-29 09:49:52', '', NULL, '代码生成菜单');
INSERT INTO `sys_menu` VALUES (116, '系统接口', 3, 3, 'http://localhost:8080/swagger-ui/index.html', '', '', 0, 0, 'C', '0', '0', 'tool:swagger:list', 'swagger', 'admin', '2024-05-29 09:49:52', '', NULL, '系统接口菜单');
INSERT INTO `sys_menu` VALUES (500, '操作日志', 108, 1, 'operlog', 'system/operlog/index', '', 1, 0, 'C', '0', '0', 'system:operlog:list', 'form', 'admin', '2024-05-29 09:49:52', '', NULL, '操作日志菜单');
INSERT INTO `sys_menu` VALUES (501, '登录日志', 108, 2, 'logininfor', 'system/logininfor/index', '', 1, 0, 'C', '0', '0', 'system:logininfor:list', 'logininfor', 'admin', '2024-05-29 09:49:52', '', NULL, '登录日志菜单');
INSERT INTO `sys_menu` VALUES (1000, '用户查询', 100, 1, '', '', '', 1, 0, 'F', '0', '0', 'system:user:query', '#', 'admin', '2024-05-29 09:49:52', '', NULL, '');
INSERT INTO `sys_menu` VALUES (1001, '用户新增', 100, 2, '', '', '', 1, 0, 'F', '0', '0', 'system:user:add', '#', 'admin', '2024-05-29 09:49:52', '', NULL, '');
INSERT INTO `sys_menu` VALUES (1002, '用户修改', 100, 3, '', '', '', 1, 0, 'F', '0', '0', 'system:user:edit', '#', 'admin', '2024-05-29 09:49:52', '', NULL, '');
INSERT INTO `sys_menu` VALUES (1003, '用户删除', 100, 4, '', '', '', 1, 0, 'F', '0', '0', 'system:user:remove', '#', 'admin', '2024-05-29 09:49:52', '', NULL, '');
INSERT INTO `sys_menu` VALUES (1004, '用户导出', 100, 5, '', '', '', 1, 0, 'F', '0', '0', 'system:user:export', '#', 'admin', '2024-05-29 09:49:52', '', NULL, '');
INSERT INTO `sys_menu` VALUES (1005, '用户导入', 100, 6, '', '', '', 1, 0, 'F', '0', '0', 'system:user:import', '#', 'admin', '2024-05-29 09:49:52', '', NULL, '');
INSERT INTO `sys_menu` VALUES (1006, '重置密码', 100, 7, '', '', '', 1, 0, 'F', '0', '0', 'system:user:resetPwd', '#', 'admin', '2024-05-29 09:49:52', '', NULL, '');
INSERT INTO `sys_menu` VALUES (1007, '角色查询', 101, 1, '', '', '', 1, 0, 'F', '0', '0', 'system:role:query', '#', 'admin', '2024-05-29 09:49:52', '', NULL, '');
INSERT INTO `sys_menu` VALUES (1008, '角色新增', 101, 2, '', '', '', 1, 0, 'F', '0', '0', 'system:role:add', '#', 'admin', '2024-05-29 09:49:52', '', NULL, '');
INSERT INTO `sys_menu` VALUES (1009, '角色修改', 101, 3, '', '', '', 1, 0, 'F', '0', '0', 'system:role:edit', '#', 'admin', '2024-05-29 09:49:52', '', NULL, '');
INSERT INTO `sys_menu` VALUES (1010, '角色删除', 101, 4, '', '', '', 1, 0, 'F', '0', '0', 'system:role:remove', '#', 'admin', '2024-05-29 09:49:52', '', NULL, '');
INSERT INTO `sys_menu` VALUES (1011, '角色导出', 101, 5, '', '', '', 1, 0, 'F', '0', '0', 'system:role:export', '#', 'admin', '2024-05-29 09:49:52', '', NULL, '');
INSERT INTO `sys_menu` VALUES (1012, '菜单查询', 102, 1, '', '', '', 1, 0, 'F', '0', '0', 'system:menu:query', '#', 'admin', '2024-05-29 09:49:52', '', NULL, '');
INSERT INTO `sys_menu` VALUES (1013, '菜单新增', 102, 2, '', '', '', 1, 0, 'F', '0', '0', 'system:menu:add', '#', 'admin', '2024-05-29 09:49:52', '', NULL, '');
INSERT INTO `sys_menu` VALUES (1014, '菜单修改', 102, 3, '', '', '', 1, 0, 'F', '0', '0', 'system:menu:edit', '#', 'admin', '2024-05-29 09:49:52', '', NULL, '');
INSERT INTO `sys_menu` VALUES (1015, '菜单删除', 102, 4, '', '', '', 1, 0, 'F', '0', '0', 'system:menu:remove', '#', 'admin', '2024-05-29 09:49:52', '', NULL, '');
INSERT INTO `sys_menu` VALUES (1016, '部门查询', 103, 1, '', '', '', 1, 0, 'F', '0', '0', 'system:dept:query', '#', 'admin', '2024-05-29 09:49:52', '', NULL, '');
INSERT INTO `sys_menu` VALUES (1017, '部门新增', 103, 2, '', '', '', 1, 0, 'F', '0', '0', 'system:dept:add', '#', 'admin', '2024-05-29 09:49:52', '', NULL, '');
INSERT INTO `sys_menu` VALUES (1018, '部门修改', 103, 3, '', '', '', 1, 0, 'F', '0', '0', 'system:dept:edit', '#', 'admin', '2024-05-29 09:49:52', '', NULL, '');
INSERT INTO `sys_menu` VALUES (1019, '部门删除', 103, 4, '', '', '', 1, 0, 'F', '0', '0', 'system:dept:remove', '#', 'admin', '2024-05-29 09:49:52', '', NULL, '');
INSERT INTO `sys_menu` VALUES (1020, '岗位查询', 104, 1, '', '', '', 1, 0, 'F', '0', '0', 'system:post:query', '#', 'admin', '2024-05-29 09:49:52', '', NULL, '');
INSERT INTO `sys_menu` VALUES (1021, '岗位新增', 104, 2, '', '', '', 1, 0, 'F', '0', '0', 'system:post:add', '#', 'admin', '2024-05-29 09:49:52', '', NULL, '');
INSERT INTO `sys_menu` VALUES (1022, '岗位修改', 104, 3, '', '', '', 1, 0, 'F', '0', '0', 'system:post:edit', '#', 'admin', '2024-05-29 09:49:52', '', NULL, '');
INSERT INTO `sys_menu` VALUES (1023, '岗位删除', 104, 4, '', '', '', 1, 0, 'F', '0', '0', 'system:post:remove', '#', 'admin', '2024-05-29 09:49:52', '', NULL, '');
INSERT INTO `sys_menu` VALUES (1024, '岗位导出', 104, 5, '', '', '', 1, 0, 'F', '0', '0', 'system:post:export', '#', 'admin', '2024-05-29 09:49:52', '', NULL, '');
INSERT INTO `sys_menu` VALUES (1025, '字典查询', 105, 1, '#', '', '', 1, 0, 'F', '0', '0', 'system:dict:query', '#', 'admin', '2024-05-29 09:49:52', '', NULL, '');
INSERT INTO `sys_menu` VALUES (1026, '字典新增', 105, 2, '#', '', '', 1, 0, 'F', '0', '0', 'system:dict:add', '#', 'admin', '2024-05-29 09:49:52', '', NULL, '');
INSERT INTO `sys_menu` VALUES (1027, '字典修改', 105, 3, '#', '', '', 1, 0, 'F', '0', '0', 'system:dict:edit', '#', 'admin', '2024-05-29 09:49:52', '', NULL, '');
INSERT INTO `sys_menu` VALUES (1028, '字典删除', 105, 4, '#', '', '', 1, 0, 'F', '0', '0', 'system:dict:remove', '#', 'admin', '2024-05-29 09:49:52', '', NULL, '');
INSERT INTO `sys_menu` VALUES (1029, '字典导出', 105, 5, '#', '', '', 1, 0, 'F', '0', '0', 'system:dict:export', '#', 'admin', '2024-05-29 09:49:52', '', NULL, '');
INSERT INTO `sys_menu` VALUES (1030, '参数查询', 106, 1, '#', '', '', 1, 0, 'F', '0', '0', 'system:config:query', '#', 'admin', '2024-05-29 09:49:52', '', NULL, '');
INSERT INTO `sys_menu` VALUES (1031, '参数新增', 106, 2, '#', '', '', 1, 0, 'F', '0', '0', 'system:config:add', '#', 'admin', '2024-05-29 09:49:52', '', NULL, '');
INSERT INTO `sys_menu` VALUES (1032, '参数修改', 106, 3, '#', '', '', 1, 0, 'F', '0', '0', 'system:config:edit', '#', 'admin', '2024-05-29 09:49:52', '', NULL, '');
INSERT INTO `sys_menu` VALUES (1033, '参数删除', 106, 4, '#', '', '', 1, 0, 'F', '0', '0', 'system:config:remove', '#', 'admin', '2024-05-29 09:49:52', '', NULL, '');
INSERT INTO `sys_menu` VALUES (1034, '参数导出', 106, 5, '#', '', '', 1, 0, 'F', '0', '0', 'system:config:export', '#', 'admin', '2024-05-29 09:49:52', '', NULL, '');
INSERT INTO `sys_menu` VALUES (1035, '公告查询', 107, 1, '#', '', '', 1, 0, 'F', '0', '0', 'system:notice:query', '#', 'admin', '2024-05-29 09:49:52', '', NULL, '');
INSERT INTO `sys_menu` VALUES (1036, '公告新增', 107, 2, '#', '', '', 1, 0, 'F', '0', '0', 'system:notice:add', '#', 'admin', '2024-05-29 09:49:52', '', NULL, '');
INSERT INTO `sys_menu` VALUES (1037, '公告修改', 107, 3, '#', '', '', 1, 0, 'F', '0', '0', 'system:notice:edit', '#', 'admin', '2024-05-29 09:49:52', '', NULL, '');
INSERT INTO `sys_menu` VALUES (1038, '公告删除', 107, 4, '#', '', '', 1, 0, 'F', '0', '0', 'system:notice:remove', '#', 'admin', '2024-05-29 09:49:52', '', NULL, '');
INSERT INTO `sys_menu` VALUES (1039, '操作查询', 500, 1, '#', '', '', 1, 0, 'F', '0', '0', 'system:operlog:query', '#', 'admin', '2024-05-29 09:49:52', '', NULL, '');
INSERT INTO `sys_menu` VALUES (1040, '操作删除', 500, 2, '#', '', '', 1, 0, 'F', '0', '0', 'system:operlog:remove', '#', 'admin', '2024-05-29 09:49:52', '', NULL, '');
INSERT INTO `sys_menu` VALUES (1041, '日志导出', 500, 3, '#', '', '', 1, 0, 'F', '0', '0', 'system:operlog:export', '#', 'admin', '2024-05-29 09:49:52', '', NULL, '');
INSERT INTO `sys_menu` VALUES (1042, '登录查询', 501, 1, '#', '', '', 1, 0, 'F', '0', '0', 'system:logininfor:query', '#', 'admin', '2024-05-29 09:49:52', '', NULL, '');
INSERT INTO `sys_menu` VALUES (1043, '登录删除', 501, 2, '#', '', '', 1, 0, 'F', '0', '0', 'system:logininfor:remove', '#', 'admin', '2024-05-29 09:49:52', '', NULL, '');
INSERT INTO `sys_menu` VALUES (1044, '日志导出', 501, 3, '#', '', '', 1, 0, 'F', '0', '0', 'system:logininfor:export', '#', 'admin', '2024-05-29 09:49:52', '', NULL, '');
INSERT INTO `sys_menu` VALUES (1045, '账户解锁', 501, 4, '#', '', '', 1, 0, 'F', '0', '0', 'system:logininfor:unlock', '#', 'admin', '2024-05-29 09:49:52', '', NULL, '');
INSERT INTO `sys_menu` VALUES (1046, '在线查询', 109, 1, '#', '', '', 1, 0, 'F', '0', '0', 'monitor:online:query', '#', 'admin', '2024-05-29 09:49:52', '', NULL, '');
INSERT INTO `sys_menu` VALUES (1047, '批量强退', 109, 2, '#', '', '', 1, 0, 'F', '0', '0', 'monitor:online:batchLogout', '#', 'admin', '2024-05-29 09:49:52', '', NULL, '');
INSERT INTO `sys_menu` VALUES (1048, '单条强退', 109, 3, '#', '', '', 1, 0, 'F', '0', '0', 'monitor:online:forceLogout', '#', 'admin', '2024-05-29 09:49:52', '', NULL, '');
INSERT INTO `sys_menu` VALUES (1049, '任务查询', 110, 1, '#', '', '', 1, 0, 'F', '0', '0', 'monitor:job:query', '#', 'admin', '2024-05-29 09:49:52', '', NULL, '');
INSERT INTO `sys_menu` VALUES (1050, '任务新增', 110, 2, '#', '', '', 1, 0, 'F', '0', '0', 'monitor:job:add', '#', 'admin', '2024-05-29 09:49:52', '', NULL, '');
INSERT INTO `sys_menu` VALUES (1051, '任务修改', 110, 3, '#', '', '', 1, 0, 'F', '0', '0', 'monitor:job:edit', '#', 'admin', '2024-05-29 09:49:52', '', NULL, '');
INSERT INTO `sys_menu` VALUES (1052, '任务删除', 110, 4, '#', '', '', 1, 0, 'F', '0', '0', 'monitor:job:remove', '#', 'admin', '2024-05-29 09:49:52', '', NULL, '');
INSERT INTO `sys_menu` VALUES (1053, '状态修改', 110, 5, '#', '', '', 1, 0, 'F', '0', '0', 'monitor:job:changeStatus', '#', 'admin', '2024-05-29 09:49:52', '', NULL, '');
INSERT INTO `sys_menu` VALUES (1054, '任务导出', 110, 6, '#', '', '', 1, 0, 'F', '0', '0', 'monitor:job:export', '#', 'admin', '2024-05-29 09:49:52', '', NULL, '');
INSERT INTO `sys_menu` VALUES (1055, '生成查询', 115, 1, '#', '', '', 1, 0, 'F', '0', '0', 'tool:gen:query', '#', 'admin', '2024-05-29 09:49:52', '', NULL, '');
INSERT INTO `sys_menu` VALUES (1056, '生成修改', 115, 2, '#', '', '', 1, 0, 'F', '0', '0', 'tool:gen:edit', '#', 'admin', '2024-05-29 09:49:52', '', NULL, '');
INSERT INTO `sys_menu` VALUES (1057, '生成删除', 115, 3, '#', '', '', 1, 0, 'F', '0', '0', 'tool:gen:remove', '#', 'admin', '2024-05-29 09:49:52', '', NULL, '');
INSERT INTO `sys_menu` VALUES (1058, '导入代码', 115, 2, '#', '', '', 1, 0, 'F', '0', '0', 'tool:gen:import', '#', 'admin', '2024-05-29 09:49:52', '', NULL, '');
INSERT INTO `sys_menu` VALUES (1059, '预览代码', 115, 4, '#', '', '', 1, 0, 'F', '0', '0', 'tool:gen:preview', '#', 'admin', '2024-05-29 09:49:52', '', NULL, '');
INSERT INTO `sys_menu` VALUES (1060, '生成代码', 115, 5, '#', '', '', 1, 0, 'F', '0', '0', 'tool:gen:code', '#', 'admin', '2024-05-29 09:49:52', '', NULL, '');
INSERT INTO `sys_menu` VALUES (2000, '内容管理', 0, 1, 'cms', NULL, NULL, 1, 0, 'M', '0', '0', NULL, 'documentation', 'admin', '2024-06-06 14:38:01', '', NULL, '');
INSERT INTO `sys_menu` VALUES (2001, '栏目管理', 2000, 2, 'catalog', 'cms/catalog/index', NULL, 1, 0, 'C', '0', '0', 'cms:catalog:list', 'tree-table', 'admin', '2024-06-06 14:45:48', 'admin', '2024-06-06 14:48:32', '栏目管理菜单');
INSERT INTO `sys_menu` VALUES (2002, '栏目管理查询', 2001, 1, '#', '', NULL, 1, 0, 'F', '0', '0', 'cms:catalog:query', '#', 'admin', '2024-06-06 14:45:48', '', NULL, '');
INSERT INTO `sys_menu` VALUES (2003, '栏目管理新增', 2001, 2, '#', '', NULL, 1, 0, 'F', '0', '0', 'cms:catalog:add', '#', 'admin', '2024-06-06 14:45:48', '', NULL, '');
INSERT INTO `sys_menu` VALUES (2004, '栏目管理修改', 2001, 3, '#', '', NULL, 1, 0, 'F', '0', '0', 'cms:catalog:edit', '#', 'admin', '2024-06-06 14:45:48', '', NULL, '');
INSERT INTO `sys_menu` VALUES (2005, '栏目管理删除', 2001, 4, '#', '', NULL, 1, 0, 'F', '0', '0', 'cms:catalog:remove', '#', 'admin', '2024-06-06 14:45:48', '', NULL, '');
INSERT INTO `sys_menu` VALUES (2006, '栏目管理导出', 2001, 5, '#', '', NULL, 1, 0, 'F', '0', '0', 'cms:catalog:export', '#', 'admin', '2024-06-06 14:45:48', '', NULL, '');
INSERT INTO `sys_menu` VALUES (2007, '内容管理', 2000, 3, 'content', 'cms/content/index', NULL, 1, 0, 'C', '0', '0', 'cms:content:list', 'textarea', 'admin', '2024-06-06 14:45:54', 'admin', '2024-06-06 14:49:55', '内容管理菜单');
INSERT INTO `sys_menu` VALUES (2008, '内容管理查询', 2007, 1, '#', '', NULL, 1, 0, 'F', '0', '0', 'cms:content:query', '#', 'admin', '2024-06-06 14:45:54', '', NULL, '');
INSERT INTO `sys_menu` VALUES (2009, '内容管理新增', 2007, 2, '#', '', NULL, 1, 0, 'F', '0', '0', 'cms:content:add', '#', 'admin', '2024-06-06 14:45:54', '', NULL, '');
INSERT INTO `sys_menu` VALUES (2010, '内容管理修改', 2007, 3, '#', '', NULL, 1, 0, 'F', '0', '0', 'cms:content:edit', '#', 'admin', '2024-06-06 14:45:54', '', NULL, '');
INSERT INTO `sys_menu` VALUES (2011, '内容管理删除', 2007, 4, '#', '', NULL, 1, 0, 'F', '0', '0', 'cms:content:remove', '#', 'admin', '2024-06-06 14:45:54', '', NULL, '');
INSERT INTO `sys_menu` VALUES (2012, '内容管理导出', 2007, 5, '#', '', NULL, 1, 0, 'F', '0', '0', 'cms:content:export', '#', 'admin', '2024-06-06 14:45:54', '', NULL, '');
INSERT INTO `sys_menu` VALUES (2013, '站点管理', 2000, 1, 'site', 'cms/site/index', NULL, 1, 0, 'C', '0', '0', 'cms:site:list', 'cascader', 'admin', '2024-06-06 14:46:10', 'admin', '2024-06-06 14:49:13', '站点管理菜单');
INSERT INTO `sys_menu` VALUES (2014, '站点管理查询', 2013, 1, '#', '', NULL, 1, 0, 'F', '0', '0', 'cms:site:query', '#', 'admin', '2024-06-06 14:46:10', '', NULL, '');
INSERT INTO `sys_menu` VALUES (2015, '站点管理新增', 2013, 2, '#', '', NULL, 1, 0, 'F', '0', '0', 'cms:site:add', '#', 'admin', '2024-06-06 14:46:10', '', NULL, '');
INSERT INTO `sys_menu` VALUES (2016, '站点管理修改', 2013, 3, '#', '', NULL, 1, 0, 'F', '0', '0', 'cms:site:edit', '#', 'admin', '2024-06-06 14:46:10', '', NULL, '');
INSERT INTO `sys_menu` VALUES (2017, '站点管理删除', 2013, 4, '#', '', NULL, 1, 0, 'F', '0', '0', 'cms:site:remove', '#', 'admin', '2024-06-06 14:46:10', '', NULL, '');
INSERT INTO `sys_menu` VALUES (2018, '站点管理导出', 2013, 5, '#', '', NULL, 1, 0, 'F', '0', '0', 'cms:site:export', '#', 'admin', '2024-06-06 14:46:10', '', NULL, '');
INSERT INTO `sys_menu` VALUES (2019, '模板管理', 2000, 7, 'template', 'cms/template/index', NULL, 1, 0, 'C', '0', '0', 'cms:template:list', 'example', 'admin', '2024-06-06 14:46:19', 'admin', '2024-06-06 14:52:36', '模板管理菜单');
INSERT INTO `sys_menu` VALUES (2020, '模板管理查询', 2019, 1, '#', '', NULL, 1, 0, 'F', '0', '0', 'cms:template:query', '#', 'admin', '2024-06-06 14:46:19', '', NULL, '');
INSERT INTO `sys_menu` VALUES (2021, '模板管理新增', 2019, 2, '#', '', NULL, 1, 0, 'F', '0', '0', 'cms:template:add', '#', 'admin', '2024-06-06 14:46:19', '', NULL, '');
INSERT INTO `sys_menu` VALUES (2022, '模板管理修改', 2019, 3, '#', '', NULL, 1, 0, 'F', '0', '0', 'cms:template:edit', '#', 'admin', '2024-06-06 14:46:19', '', NULL, '');
INSERT INTO `sys_menu` VALUES (2023, '模板管理删除', 2019, 4, '#', '', NULL, 1, 0, 'F', '0', '0', 'cms:template:remove', '#', 'admin', '2024-06-06 14:46:19', '', NULL, '');
INSERT INTO `sys_menu` VALUES (2024, '模板管理导出', 2019, 5, '#', '', NULL, 1, 0, 'F', '0', '0', 'cms:template:export', '#', 'admin', '2024-06-06 14:46:19', '', NULL, '');
INSERT INTO `sys_menu` VALUES (2025, '资源管理', 2000, 4, 'resource', 'cms/resource/index', NULL, 1, 0, 'C', '0', '0', 'cms:resource:list', 'upload', 'admin', '2024-06-06 14:46:26', 'admin', '2024-06-06 14:50:57', '资源菜单');
INSERT INTO `sys_menu` VALUES (2026, '资源查询', 2025, 1, '#', '', NULL, 1, 0, 'F', '0', '0', 'cms:resource:query', '#', 'admin', '2024-06-06 14:46:26', '', NULL, '');
INSERT INTO `sys_menu` VALUES (2027, '资源新增', 2025, 2, '#', '', NULL, 1, 0, 'F', '0', '0', 'cms:resource:add', '#', 'admin', '2024-06-06 14:46:26', '', NULL, '');
INSERT INTO `sys_menu` VALUES (2028, '资源修改', 2025, 3, '#', '', NULL, 1, 0, 'F', '0', '0', 'cms:resource:edit', '#', 'admin', '2024-06-06 14:46:26', '', NULL, '');
INSERT INTO `sys_menu` VALUES (2029, '资源删除', 2025, 4, '#', '', NULL, 1, 0, 'F', '0', '0', 'cms:resource:remove', '#', 'admin', '2024-06-06 14:46:26', '', NULL, '');
INSERT INTO `sys_menu` VALUES (2030, '资源导出', 2025, 5, '#', '', NULL, 1, 0, 'F', '0', '0', 'cms:resource:export', '#', 'admin', '2024-06-06 14:46:26', '', NULL, '');
INSERT INTO `sys_menu` VALUES (2031, '发布通道', 2000, 5, 'publishpipe', 'cms/publishpipe/index', NULL, 1, 0, 'C', '0', '0', 'cms:publishpipe:list', 'component', 'admin', '2024-06-06 14:46:53', 'admin', '2024-06-06 14:51:37', '发布通道菜单');
INSERT INTO `sys_menu` VALUES (2032, '发布通道查询', 2031, 1, '#', '', NULL, 1, 0, 'F', '0', '0', 'cms:publishpipe:query', '#', 'admin', '2024-06-06 14:46:53', '', NULL, '');
INSERT INTO `sys_menu` VALUES (2033, '发布通道新增', 2031, 2, '#', '', NULL, 1, 0, 'F', '0', '0', 'cms:publishpipe:add', '#', 'admin', '2024-06-06 14:46:53', '', NULL, '');
INSERT INTO `sys_menu` VALUES (2034, '发布通道修改', 2031, 3, '#', '', NULL, 1, 0, 'F', '0', '0', 'cms:publishpipe:edit', '#', 'admin', '2024-06-06 14:46:53', '', NULL, '');
INSERT INTO `sys_menu` VALUES (2035, '发布通道删除', 2031, 4, '#', '', NULL, 1, 0, 'F', '0', '0', 'cms:publishpipe:remove', '#', 'admin', '2024-06-06 14:46:53', '', NULL, '');
INSERT INTO `sys_menu` VALUES (2036, '发布通道导出', 2031, 5, '#', '', NULL, 1, 0, 'F', '0', '0', 'cms:publishpipe:export', '#', 'admin', '2024-06-06 14:46:53', '', NULL, '');
INSERT INTO `sys_menu` VALUES (2037, '模板指令', 2000, 8, '/cms/staticize/index', NULL, NULL, 1, 0, 'C', '0', '0', NULL, 'code', 'admin', '2024-06-06 14:53:24', '', NULL, '');

-- ----------------------------
-- Table structure for sys_notice
-- ----------------------------
DROP TABLE IF EXISTS `sys_notice`;
CREATE TABLE `sys_notice`  (
  `notice_id` int(0) NOT NULL AUTO_INCREMENT COMMENT '公告ID',
  `notice_title` varchar(50) CHARACTER SET utf8 COLLATE utf8_general_ci NOT NULL COMMENT '公告标题',
  `notice_type` char(1) CHARACTER SET utf8 COLLATE utf8_general_ci NOT NULL COMMENT '公告类型（1通知 2公告）',
  `notice_content` longblob NULL COMMENT '公告内容',
  `status` char(1) CHARACTER SET utf8 COLLATE utf8_general_ci NULL DEFAULT '0' COMMENT '公告状态（0正常 1关闭）',
  `create_by` varchar(64) CHARACTER SET utf8 COLLATE utf8_general_ci NULL DEFAULT '' COMMENT '创建者',
  `create_time` datetime(0) NULL DEFAULT NULL COMMENT '创建时间',
  `update_by` varchar(64) CHARACTER SET utf8 COLLATE utf8_general_ci NULL DEFAULT '' COMMENT '更新者',
  `update_time` datetime(0) NULL DEFAULT NULL COMMENT '更新时间',
  `remark` varchar(255) CHARACTER SET utf8 COLLATE utf8_general_ci NULL DEFAULT NULL COMMENT '备注',
  PRIMARY KEY (`notice_id`) USING BTREE
) ENGINE = InnoDB AUTO_INCREMENT = 10 CHARACTER SET = utf8 COLLATE = utf8_general_ci COMMENT = '通知公告表' ROW_FORMAT = Dynamic;

-- ----------------------------
-- Records of sys_notice
-- ----------------------------
INSERT INTO `sys_notice` VALUES (1, '温馨提醒：2018-07-01 若依新版本发布啦', '2', 0xE696B0E78988E69CACE58685E5AEB9, '0', 'admin', '2024-05-29 09:50:07', '', NULL, '管理员');
INSERT INTO `sys_notice` VALUES (2, '维护通知：2018-07-01 若依系统凌晨维护', '1', 0xE7BBB4E68AA4E58685E5AEB9, '0', 'admin', '2024-05-29 09:50:07', '', NULL, '管理员');

-- ----------------------------
-- Table structure for sys_oper_log
-- ----------------------------
DROP TABLE IF EXISTS `sys_oper_log`;
CREATE TABLE `sys_oper_log`  (
  `oper_id` bigint(0) NOT NULL AUTO_INCREMENT COMMENT '日志主键',
  `title` varchar(50) CHARACTER SET utf8 COLLATE utf8_general_ci NULL DEFAULT '' COMMENT '模块标题',
  `business_type` int(0) NULL DEFAULT 0 COMMENT '业务类型（0其它 1新增 2修改 3删除）',
  `method` varchar(100) CHARACTER SET utf8 COLLATE utf8_general_ci NULL DEFAULT '' COMMENT '方法名称',
  `request_method` varchar(10) CHARACTER SET utf8 COLLATE utf8_general_ci NULL DEFAULT '' COMMENT '请求方式',
  `operator_type` int(0) NULL DEFAULT 0 COMMENT '操作类别（0其它 1后台用户 2手机端用户）',
  `oper_name` varchar(50) CHARACTER SET utf8 COLLATE utf8_general_ci NULL DEFAULT '' COMMENT '操作人员',
  `dept_name` varchar(50) CHARACTER SET utf8 COLLATE utf8_general_ci NULL DEFAULT '' COMMENT '部门名称',
  `oper_url` varchar(255) CHARACTER SET utf8 COLLATE utf8_general_ci NULL DEFAULT '' COMMENT '请求URL',
  `oper_ip` varchar(128) CHARACTER SET utf8 COLLATE utf8_general_ci NULL DEFAULT '' COMMENT '主机地址',
  `oper_location` varchar(255) CHARACTER SET utf8 COLLATE utf8_general_ci NULL DEFAULT '' COMMENT '操作地点',
  `oper_param` varchar(2000) CHARACTER SET utf8 COLLATE utf8_general_ci NULL DEFAULT '' COMMENT '请求参数',
  `json_result` varchar(2000) CHARACTER SET utf8 COLLATE utf8_general_ci NULL DEFAULT '' COMMENT '返回参数',
  `status` int(0) NULL DEFAULT 0 COMMENT '操作状态（0正常 1异常）',
  `error_msg` varchar(2000) CHARACTER SET utf8 COLLATE utf8_general_ci NULL DEFAULT '' COMMENT '错误消息',
  `oper_time` datetime(0) NULL DEFAULT NULL COMMENT '操作时间',
  `cost_time` bigint(0) NULL DEFAULT 0 COMMENT '消耗时间',
  PRIMARY KEY (`oper_id`) USING BTREE,
  INDEX `idx_sys_oper_log_bt`(`business_type`) USING BTREE,
  INDEX `idx_sys_oper_log_s`(`status`) USING BTREE,
  INDEX `idx_sys_oper_log_ot`(`oper_time`) USING BTREE
) ENGINE = InnoDB AUTO_INCREMENT = 35 CHARACTER SET = utf8 COLLATE = utf8_general_ci COMMENT = '操作日志记录' ROW_FORMAT = Dynamic;

-- ----------------------------
-- Records of sys_oper_log
-- ----------------------------
INSERT INTO `sys_oper_log` VALUES (1, '操作日志', 9, 'com.yuji.system.controller.SysOperlogController.clean()', 'DELETE', 1, 'admin', NULL, '/operlog/clean', '127.0.0.1', '内网', '{}', '{\"msg\":\"操作成功\",\"code\":200}', 0, NULL, '2024-05-30 11:32:29', 1759);
INSERT INTO `sys_oper_log` VALUES (2, '用户管理', 2, 'com.yuji.system.controller.SysUserController.edit()', 'PUT', 1, NULL, NULL, '/user', '172.16.10.106', '内网', '{\"admin\":true,\"avatar\":\"http://127.0.0.1:9300/statics/2024/05/30/avatar_20240530100107A001.png\",\"createBy\":\"admin\",\"createTime\":\"2024-05-29 09:49:49\",\"delFlag\":\"0\",\"dept\":{\"ancestors\":\"0,100,101\",\"children\":[],\"deptId\":103,\"deptName\":\"研发部门\",\"leader\":\"若依\",\"orderNum\":1,\"params\":{},\"parentId\":101,\"status\":\"0\"},\"deptId\":103,\"email\":\"123@qq.com\",\"loginDate\":\"2024-06-03 10:28:35.951\",\"loginIp\":\"127.0.0.1\",\"nickName\":\"雨霁\",\"params\":{},\"phonenumber\":\"15888888888\",\"remark\":\"管理员\",\"roles\":[{\"admin\":true,\"dataScope\":\"1\",\"deptCheckStrictly\":false,\"flag\":false,\"menuCheckStrictly\":false,\"params\":{},\"roleId\":1,\"roleKey\":\"admin\",\"roleName\":\"超级管理员\",\"roleSort\":1,\"status\":\"0\"}],\"sex\":\"1\",\"status\":\"0\",\"userId\":1,\"userName\":\"admin\"}', NULL, 1, 'system:user:edit', '2024-06-03 10:28:36', 12);
INSERT INTO `sys_oper_log` VALUES (3, '参数管理', 2, 'com.yuji.system.controller.SysConfigController.edit()', 'PUT', 1, 'admin', NULL, '/config', '127.0.0.1', '内网', '{\"configId\":4,\"configKey\":\"sys.account.registerUser\",\"configName\":\"账号自助-是否开启用户注册功能\",\"configType\":\"Y\",\"configValue\":\"true\",\"createBy\":\"admin\",\"createTime\":\"2024-05-29 09:50:01\",\"params\":{},\"remark\":\"是否开启注册用户功能（true开启，false关闭）\",\"updateBy\":\"admin\"}', '{\"msg\":\"操作成功\",\"code\":200}', 0, NULL, '2024-06-03 15:38:41', 169);
INSERT INTO `sys_oper_log` VALUES (4, '参数管理', 9, 'com.yuji.system.controller.SysConfigController.refreshCache()', 'DELETE', 1, 'admin', NULL, '/config/refreshCache', '127.0.0.1', '内网', '{}', '{\"msg\":\"操作成功\",\"code\":200}', 0, NULL, '2024-06-03 15:38:42', 110);
INSERT INTO `sys_oper_log` VALUES (5, '参数管理', 9, 'com.yuji.system.controller.SysConfigController.refreshCache()', 'DELETE', 1, 'admin', NULL, '/config/refreshCache', '127.0.0.1', '内网', '{}', '{\"msg\":\"操作成功\",\"code\":200}', 0, NULL, '2024-06-03 15:38:42', 14);
INSERT INTO `sys_oper_log` VALUES (6, '代码生成', 6, 'com.yuji.gen.controller.GenController.importTableSave()', 'POST', 1, 'admin', NULL, '/gen/importTable', '127.0.0.1', '内网', '{\"tables\":\"cms_content_rela,cms_site_property,cms_site,cms_resource,cms_publishpipe,cms_page_widget,cms_content,cms_catalog,cms_template\"}', '{\"msg\":\"操作成功\",\"code\":200}', 0, NULL, '2024-06-06 14:29:28', 789);
INSERT INTO `sys_oper_log` VALUES (7, '代码生成', 2, 'com.yuji.gen.controller.GenController.editSave()', 'PUT', 1, 'admin', NULL, '/gen', '127.0.0.1', '内网', '{\"businessName\":\"catalog\",\"className\":\"CmsCatalog\",\"columns\":[{\"capJavaField\":\"CatalogId\",\"columnComment\":\"主键ID\",\"columnId\":1,\"columnName\":\"catalog_id\",\"columnType\":\"bigint\",\"createBy\":\"admin\",\"createTime\":\"2024-06-06 14:29:27\",\"dictType\":\"\",\"edit\":false,\"htmlType\":\"input\",\"increment\":false,\"insert\":true,\"isIncrement\":\"0\",\"isInsert\":\"1\",\"isPk\":\"1\",\"javaField\":\"catalogId\",\"javaType\":\"Long\",\"list\":false,\"params\":{},\"pk\":true,\"query\":false,\"queryType\":\"EQ\",\"required\":false,\"sort\":1,\"superColumn\":false,\"tableId\":1,\"updateBy\":\"\",\"usableColumn\":false},{\"capJavaField\":\"SiteId\",\"columnComment\":\"站点ID\",\"columnId\":2,\"columnName\":\"site_id\",\"columnType\":\"bigint\",\"createBy\":\"admin\",\"createTime\":\"2024-06-06 14:29:27\",\"dictType\":\"\",\"edit\":true,\"htmlType\":\"input\",\"increment\":false,\"insert\":true,\"isEdit\":\"1\",\"isIncrement\":\"0\",\"isInsert\":\"1\",\"isList\":\"1\",\"isPk\":\"0\",\"isQuery\":\"1\",\"isRequired\":\"1\",\"javaField\":\"siteId\",\"javaType\":\"Long\",\"list\":true,\"params\":{},\"pk\":false,\"query\":true,\"queryType\":\"EQ\",\"required\":true,\"sort\":2,\"superColumn\":false,\"tableId\":1,\"updateBy\":\"\",\"usableColumn\":false},{\"capJavaField\":\"ParentId\",\"columnComment\":\"父级栏目ID\",\"columnId\":3,\"columnName\":\"parent_id\",\"columnType\":\"bigint\",\"createBy\":\"admin\",\"createTime\":\"2024-06-06 14:29:27\",\"dictType\":\"\",\"edit\":true,\"htmlType\":\"input\",\"increment\":false,\"insert\":true,\"isEdit\":\"1\",\"isIncrement\":\"0\",\"isInsert\":\"1\",\"isList\":\"1\",\"isPk\":\"0\",\"isQuery\":\"1\",\"javaField\":\"parentId\",\"javaType\":\"Long\",\"list\":true,\"params\":{},\"pk\":false,\"query\":true,\"queryType\":\"EQ\",\"required\":false,\"sort\":3,\"superColumn\":true,\"tableId\":1,\"updateBy\":\"\",\"usableColumn\":true},{\"capJavaField\":\"Name\",\"columnComment\":\"栏目名称\",\"columnId\":4,\"columnName\":\"name\",\"columnType\":\"varchar(100)\",\"createBy\":\"admin\",\"createTime\":\"2024-06-06 14:29:27\",\"dictType\":\"\",\"edit\":true,\"htmlType\":\"input\",\"increment\":false,\"insert\":true,\"isEdit\":\"1\",\"isIncrement\":\"0\",\"isInsert\":\"1\",\"isList\":\"1\",\"isPk\":\"0\",\"isQuery\":\"1\",\"isRequired\":\"1\",\"javaField\":\"name\",\"javaType\":\"String\",\"list\":tru', '{\"msg\":\"操作成功\",\"code\":200}', 0, NULL, '2024-06-06 14:30:34', 157);
INSERT INTO `sys_oper_log` VALUES (8, '代码生成', 2, 'com.yuji.gen.controller.GenController.editSave()', 'PUT', 1, 'admin', NULL, '/gen', '127.0.0.1', '内网', '{\"businessName\":\"catalog\",\"className\":\"CmsCatalog\",\"columns\":[{\"capJavaField\":\"CatalogId\",\"columnComment\":\"主键ID\",\"columnId\":1,\"columnName\":\"catalog_id\",\"columnType\":\"bigint\",\"createBy\":\"admin\",\"createTime\":\"2024-06-06 14:29:27\",\"dictType\":\"\",\"edit\":false,\"htmlType\":\"input\",\"increment\":false,\"insert\":true,\"isIncrement\":\"0\",\"isInsert\":\"1\",\"isPk\":\"1\",\"javaField\":\"catalogId\",\"javaType\":\"Long\",\"list\":false,\"params\":{},\"pk\":true,\"query\":false,\"queryType\":\"EQ\",\"required\":false,\"sort\":1,\"superColumn\":false,\"tableId\":1,\"updateBy\":\"\",\"updateTime\":\"2024-06-06 14:30:33\",\"usableColumn\":false},{\"capJavaField\":\"SiteId\",\"columnComment\":\"站点ID\",\"columnId\":2,\"columnName\":\"site_id\",\"columnType\":\"bigint\",\"createBy\":\"admin\",\"createTime\":\"2024-06-06 14:29:27\",\"dictType\":\"\",\"edit\":true,\"htmlType\":\"input\",\"increment\":false,\"insert\":true,\"isEdit\":\"1\",\"isIncrement\":\"0\",\"isInsert\":\"1\",\"isList\":\"1\",\"isPk\":\"0\",\"isQuery\":\"1\",\"isRequired\":\"1\",\"javaField\":\"siteId\",\"javaType\":\"Long\",\"list\":true,\"params\":{},\"pk\":false,\"query\":true,\"queryType\":\"EQ\",\"required\":true,\"sort\":2,\"superColumn\":false,\"tableId\":1,\"updateBy\":\"\",\"updateTime\":\"2024-06-06 14:30:33\",\"usableColumn\":false},{\"capJavaField\":\"ParentId\",\"columnComment\":\"父级栏目ID\",\"columnId\":3,\"columnName\":\"parent_id\",\"columnType\":\"bigint\",\"createBy\":\"admin\",\"createTime\":\"2024-06-06 14:29:27\",\"dictType\":\"\",\"edit\":true,\"htmlType\":\"input\",\"increment\":false,\"insert\":true,\"isEdit\":\"1\",\"isIncrement\":\"0\",\"isInsert\":\"1\",\"isList\":\"1\",\"isPk\":\"0\",\"isQuery\":\"1\",\"javaField\":\"parentId\",\"javaType\":\"Long\",\"list\":true,\"params\":{},\"pk\":false,\"query\":true,\"queryType\":\"EQ\",\"required\":false,\"sort\":3,\"superColumn\":true,\"tableId\":1,\"updateBy\":\"\",\"updateTime\":\"2024-06-06 14:30:33\",\"usableColumn\":true},{\"capJavaField\":\"Name\",\"columnComment\":\"栏目名称\",\"columnId\":4,\"columnName\":\"name\",\"columnType\":\"varchar(100)\",\"createBy\":\"admin\",\"createTime\":\"2024-06-06 14:29:27\",\"dictType\":\"\",\"edit\":true,\"htmlType\":\"input\",\"increment\":false,\"insert\":true,\"isEdit\":\"1\",\"isIncrement\":\"0\",\"isInsert\":\"1\"', '{\"msg\":\"操作成功\",\"code\":200}', 0, NULL, '2024-06-06 14:31:44', 167);
INSERT INTO `sys_oper_log` VALUES (9, '菜单管理', 1, 'com.yuji.system.controller.SysMenuController.add()', 'POST', 1, 'admin', NULL, '/menu', '127.0.0.1', '内网', '{\"children\":[],\"createBy\":\"admin\",\"icon\":\"documentation\",\"isCache\":\"0\",\"isFrame\":\"1\",\"menuName\":\"内容管理\",\"menuType\":\"M\",\"orderNum\":1,\"params\":{},\"parentId\":0,\"path\":\"cms\",\"status\":\"0\",\"visible\":\"0\"}', '{\"msg\":\"操作成功\",\"code\":200}', 0, NULL, '2024-06-06 14:38:01', 171);
INSERT INTO `sys_oper_log` VALUES (10, '菜单管理', 2, 'com.yuji.system.controller.SysMenuController.edit()', 'PUT', 1, 'admin', NULL, '/menu', '127.0.0.1', '内网', '{\"children\":[],\"createTime\":\"2024-05-29 09:49:51\",\"icon\":\"system\",\"isCache\":\"0\",\"isFrame\":\"1\",\"menuId\":1,\"menuName\":\"系统管理\",\"menuType\":\"M\",\"orderNum\":2,\"params\":{},\"parentId\":0,\"path\":\"system\",\"perms\":\"\",\"query\":\"\",\"status\":\"0\",\"updateBy\":\"admin\",\"visible\":\"0\"}', '{\"msg\":\"操作成功\",\"code\":200}', 0, NULL, '2024-06-06 14:38:14', 59);
INSERT INTO `sys_oper_log` VALUES (11, '菜单管理', 2, 'com.yuji.system.controller.SysMenuController.edit()', 'PUT', 1, 'admin', NULL, '/menu', '127.0.0.1', '内网', '{\"children\":[],\"createTime\":\"2024-05-29 09:49:52\",\"icon\":\"monitor\",\"isCache\":\"0\",\"isFrame\":\"1\",\"menuId\":2,\"menuName\":\"系统监控\",\"menuType\":\"M\",\"orderNum\":3,\"params\":{},\"parentId\":0,\"path\":\"monitor\",\"perms\":\"\",\"query\":\"\",\"status\":\"0\",\"updateBy\":\"admin\",\"visible\":\"0\"}', '{\"msg\":\"操作成功\",\"code\":200}', 0, NULL, '2024-06-06 14:38:20', 118);
INSERT INTO `sys_oper_log` VALUES (12, '菜单管理', 2, 'com.yuji.system.controller.SysMenuController.edit()', 'PUT', 1, 'admin', NULL, '/menu', '127.0.0.1', '内网', '{\"children\":[],\"createTime\":\"2024-05-29 09:49:52\",\"icon\":\"tool\",\"isCache\":\"0\",\"isFrame\":\"1\",\"menuId\":3,\"menuName\":\"系统工具\",\"menuType\":\"M\",\"orderNum\":4,\"params\":{},\"parentId\":0,\"path\":\"tool\",\"perms\":\"\",\"query\":\"\",\"status\":\"0\",\"updateBy\":\"admin\",\"visible\":\"0\"}', '{\"msg\":\"操作成功\",\"code\":200}', 0, NULL, '2024-06-06 14:38:24', 140);
INSERT INTO `sys_oper_log` VALUES (13, '代码生成', 2, 'com.yuji.gen.controller.GenController.editSave()', 'PUT', 1, 'admin', NULL, '/gen', '127.0.0.1', '内网', '{\"businessName\":\"catalog\",\"className\":\"CmsCatalog\",\"columns\":[{\"capJavaField\":\"CatalogId\",\"columnComment\":\"主键ID\",\"columnId\":1,\"columnName\":\"catalog_id\",\"columnType\":\"bigint\",\"createBy\":\"admin\",\"createTime\":\"2024-06-06 14:29:27\",\"dictType\":\"\",\"edit\":false,\"htmlType\":\"input\",\"increment\":false,\"insert\":true,\"isIncrement\":\"0\",\"isInsert\":\"1\",\"isPk\":\"1\",\"javaField\":\"catalogId\",\"javaType\":\"Long\",\"list\":false,\"params\":{},\"pk\":true,\"query\":false,\"queryType\":\"EQ\",\"required\":false,\"sort\":1,\"superColumn\":false,\"tableId\":1,\"updateBy\":\"\",\"updateTime\":\"2024-06-06 14:31:44\",\"usableColumn\":false},{\"capJavaField\":\"SiteId\",\"columnComment\":\"站点ID\",\"columnId\":2,\"columnName\":\"site_id\",\"columnType\":\"bigint\",\"createBy\":\"admin\",\"createTime\":\"2024-06-06 14:29:27\",\"dictType\":\"\",\"edit\":true,\"htmlType\":\"input\",\"increment\":false,\"insert\":true,\"isEdit\":\"1\",\"isIncrement\":\"0\",\"isInsert\":\"1\",\"isList\":\"1\",\"isPk\":\"0\",\"isQuery\":\"1\",\"isRequired\":\"1\",\"javaField\":\"siteId\",\"javaType\":\"Long\",\"list\":true,\"params\":{},\"pk\":false,\"query\":true,\"queryType\":\"EQ\",\"required\":true,\"sort\":2,\"superColumn\":false,\"tableId\":1,\"updateBy\":\"\",\"updateTime\":\"2024-06-06 14:31:44\",\"usableColumn\":false},{\"capJavaField\":\"ParentId\",\"columnComment\":\"父级栏目ID\",\"columnId\":3,\"columnName\":\"parent_id\",\"columnType\":\"bigint\",\"createBy\":\"admin\",\"createTime\":\"2024-06-06 14:29:27\",\"dictType\":\"\",\"edit\":true,\"htmlType\":\"input\",\"increment\":false,\"insert\":true,\"isEdit\":\"1\",\"isIncrement\":\"0\",\"isInsert\":\"1\",\"isList\":\"1\",\"isPk\":\"0\",\"isQuery\":\"1\",\"javaField\":\"parentId\",\"javaType\":\"Long\",\"list\":true,\"params\":{},\"pk\":false,\"query\":true,\"queryType\":\"EQ\",\"required\":false,\"sort\":3,\"superColumn\":true,\"tableId\":1,\"updateBy\":\"\",\"updateTime\":\"2024-06-06 14:31:44\",\"usableColumn\":true},{\"capJavaField\":\"Name\",\"columnComment\":\"栏目名称\",\"columnId\":4,\"columnName\":\"name\",\"columnType\":\"varchar(100)\",\"createBy\":\"admin\",\"createTime\":\"2024-06-06 14:29:27\",\"dictType\":\"\",\"edit\":true,\"htmlType\":\"input\",\"increment\":false,\"insert\":true,\"isEdit\":\"1\",\"isIncrement\":\"0\",\"isInsert\":\"1\"', '{\"msg\":\"操作成功\",\"code\":200}', 0, NULL, '2024-06-06 14:39:19', 129);
INSERT INTO `sys_oper_log` VALUES (14, '代码生成', 2, 'com.yuji.gen.controller.GenController.editSave()', 'PUT', 1, 'admin', NULL, '/gen', '127.0.0.1', '内网', '{\"businessName\":\"content\",\"className\":\"CmsContent\",\"columns\":[{\"capJavaField\":\"ContentId\",\"columnComment\":\"主键ID\",\"columnId\":37,\"columnName\":\"content_id\",\"columnType\":\"bigint\",\"createBy\":\"admin\",\"createTime\":\"2024-06-06 14:29:27\",\"dictType\":\"\",\"edit\":false,\"htmlType\":\"input\",\"increment\":false,\"insert\":true,\"isIncrement\":\"0\",\"isInsert\":\"1\",\"isPk\":\"1\",\"javaField\":\"contentId\",\"javaType\":\"Long\",\"list\":false,\"params\":{},\"pk\":true,\"query\":false,\"queryType\":\"EQ\",\"required\":false,\"sort\":1,\"superColumn\":false,\"tableId\":2,\"updateBy\":\"\",\"usableColumn\":false},{\"capJavaField\":\"SiteId\",\"columnComment\":\"所属站点ID\",\"columnId\":38,\"columnName\":\"site_id\",\"columnType\":\"bigint\",\"createBy\":\"admin\",\"createTime\":\"2024-06-06 14:29:27\",\"dictType\":\"\",\"edit\":true,\"htmlType\":\"input\",\"increment\":false,\"insert\":true,\"isEdit\":\"1\",\"isIncrement\":\"0\",\"isInsert\":\"1\",\"isList\":\"1\",\"isPk\":\"0\",\"isQuery\":\"1\",\"isRequired\":\"1\",\"javaField\":\"siteId\",\"javaType\":\"Long\",\"list\":true,\"params\":{},\"pk\":false,\"query\":true,\"queryType\":\"EQ\",\"required\":true,\"sort\":2,\"superColumn\":false,\"tableId\":2,\"updateBy\":\"\",\"usableColumn\":false},{\"capJavaField\":\"CatalogId\",\"columnComment\":\"所属栏目ID\",\"columnId\":39,\"columnName\":\"catalog_id\",\"columnType\":\"bigint\",\"createBy\":\"admin\",\"createTime\":\"2024-06-06 14:29:27\",\"dictType\":\"\",\"edit\":true,\"htmlType\":\"input\",\"increment\":false,\"insert\":true,\"isEdit\":\"1\",\"isIncrement\":\"0\",\"isInsert\":\"1\",\"isList\":\"1\",\"isPk\":\"0\",\"isQuery\":\"1\",\"isRequired\":\"1\",\"javaField\":\"catalogId\",\"javaType\":\"Long\",\"list\":true,\"params\":{},\"pk\":false,\"query\":true,\"queryType\":\"EQ\",\"required\":true,\"sort\":3,\"superColumn\":false,\"tableId\":2,\"updateBy\":\"\",\"usableColumn\":false},{\"capJavaField\":\"CatalogAncestors\",\"columnComment\":\"所属栏目祖级IDs\",\"columnId\":40,\"columnName\":\"catalog_ancestors\",\"columnType\":\"varchar(100)\",\"createBy\":\"admin\",\"createTime\":\"2024-06-06 14:29:27\",\"dictType\":\"\",\"edit\":true,\"htmlType\":\"input\",\"increment\":false,\"insert\":true,\"isEdit\":\"1\",\"isIncrement\":\"0\",\"isInsert\":\"1\",\"isList\":\"1\",\"isPk\":\"0\",\"isQuery\":\"1\",\"isRequir', '{\"msg\":\"操作成功\",\"code\":200}', 0, NULL, '2024-06-06 14:39:58', 144);
INSERT INTO `sys_oper_log` VALUES (15, '代码生成', 2, 'com.yuji.gen.controller.GenController.editSave()', 'PUT', 1, 'admin', NULL, '/gen', '127.0.0.1', '内网', '{\"businessName\":\"rela\",\"className\":\"CmsContentRela\",\"columns\":[{\"capJavaField\":\"RelaId\",\"columnComment\":\"ID\",\"columnId\":89,\"columnName\":\"rela_id\",\"columnType\":\"bigint\",\"createBy\":\"admin\",\"createTime\":\"2024-06-06 14:29:27\",\"dictType\":\"\",\"edit\":false,\"htmlType\":\"input\",\"increment\":false,\"insert\":true,\"isIncrement\":\"0\",\"isInsert\":\"1\",\"isPk\":\"1\",\"javaField\":\"relaId\",\"javaType\":\"Long\",\"list\":false,\"params\":{},\"pk\":true,\"query\":false,\"queryType\":\"EQ\",\"required\":false,\"sort\":1,\"superColumn\":false,\"tableId\":3,\"updateBy\":\"\",\"usableColumn\":false},{\"capJavaField\":\"ContentId\",\"columnComment\":\"内容ID\",\"columnId\":90,\"columnName\":\"content_id\",\"columnType\":\"bigint\",\"createBy\":\"admin\",\"createTime\":\"2024-06-06 14:29:27\",\"dictType\":\"\",\"edit\":true,\"htmlType\":\"input\",\"increment\":false,\"insert\":true,\"isEdit\":\"1\",\"isIncrement\":\"0\",\"isInsert\":\"1\",\"isList\":\"1\",\"isPk\":\"0\",\"isQuery\":\"1\",\"isRequired\":\"1\",\"javaField\":\"contentId\",\"javaType\":\"Long\",\"list\":true,\"params\":{},\"pk\":false,\"query\":true,\"queryType\":\"EQ\",\"required\":true,\"sort\":2,\"superColumn\":false,\"tableId\":3,\"updateBy\":\"\",\"usableColumn\":false},{\"capJavaField\":\"RelaContentId\",\"columnComment\":\"关联内容ID\",\"columnId\":91,\"columnName\":\"rela_content_id\",\"columnType\":\"bigint\",\"createBy\":\"admin\",\"createTime\":\"2024-06-06 14:29:27\",\"dictType\":\"\",\"edit\":true,\"htmlType\":\"input\",\"increment\":false,\"insert\":true,\"isEdit\":\"1\",\"isIncrement\":\"0\",\"isInsert\":\"1\",\"isList\":\"1\",\"isPk\":\"0\",\"isQuery\":\"1\",\"isRequired\":\"1\",\"javaField\":\"relaContentId\",\"javaType\":\"Long\",\"list\":true,\"params\":{},\"pk\":false,\"query\":true,\"queryType\":\"EQ\",\"required\":true,\"sort\":3,\"superColumn\":false,\"tableId\":3,\"updateBy\":\"\",\"usableColumn\":false},{\"capJavaField\":\"CreateBy\",\"columnComment\":\"创建者\",\"columnId\":92,\"columnName\":\"create_by\",\"columnType\":\"varchar(64)\",\"createBy\":\"admin\",\"createTime\":\"2024-06-06 14:29:27\",\"dictType\":\"\",\"edit\":false,\"htmlType\":\"input\",\"increment\":false,\"insert\":true,\"isIncrement\":\"0\",\"isInsert\":\"1\",\"isPk\":\"0\",\"isRequired\":\"1\",\"javaField\":\"createBy\",\"javaType\":\"String\",\"', '{\"msg\":\"操作成功\",\"code\":200}', 0, NULL, '2024-06-06 14:40:24', 99);
INSERT INTO `sys_oper_log` VALUES (16, '代码生成', 2, 'com.yuji.gen.controller.GenController.editSave()', 'PUT', 1, 'admin', NULL, '/gen', '127.0.0.1', '内网', '{\"businessName\":\"pageWidget\",\"className\":\"CmsPageWidget\",\"columns\":[{\"capJavaField\":\"PageWidgetId\",\"columnComment\":\"ID\",\"columnId\":98,\"columnName\":\"page_widget_id\",\"columnType\":\"bigint\",\"createBy\":\"admin\",\"createTime\":\"2024-06-06 14:29:27\",\"dictType\":\"\",\"edit\":false,\"htmlType\":\"input\",\"increment\":false,\"insert\":true,\"isIncrement\":\"0\",\"isInsert\":\"1\",\"isPk\":\"1\",\"javaField\":\"pageWidgetId\",\"javaType\":\"Long\",\"list\":false,\"params\":{},\"pk\":true,\"query\":false,\"queryType\":\"EQ\",\"required\":false,\"sort\":1,\"superColumn\":false,\"tableId\":4,\"updateBy\":\"\",\"usableColumn\":false},{\"capJavaField\":\"SiteId\",\"columnComment\":\"所属站点ID\",\"columnId\":99,\"columnName\":\"site_id\",\"columnType\":\"bigint\",\"createBy\":\"admin\",\"createTime\":\"2024-06-06 14:29:27\",\"dictType\":\"\",\"edit\":true,\"htmlType\":\"input\",\"increment\":false,\"insert\":true,\"isEdit\":\"1\",\"isIncrement\":\"0\",\"isInsert\":\"1\",\"isList\":\"1\",\"isPk\":\"0\",\"isQuery\":\"1\",\"isRequired\":\"1\",\"javaField\":\"siteId\",\"javaType\":\"Long\",\"list\":true,\"params\":{},\"pk\":false,\"query\":true,\"queryType\":\"EQ\",\"required\":true,\"sort\":2,\"superColumn\":false,\"tableId\":4,\"updateBy\":\"\",\"usableColumn\":false},{\"capJavaField\":\"CatalogId\",\"columnComment\":\"所属栏目ID\",\"columnId\":100,\"columnName\":\"catalog_id\",\"columnType\":\"bigint\",\"createBy\":\"admin\",\"createTime\":\"2024-06-06 14:29:27\",\"dictType\":\"\",\"edit\":true,\"htmlType\":\"input\",\"increment\":false,\"insert\":true,\"isEdit\":\"1\",\"isIncrement\":\"0\",\"isInsert\":\"1\",\"isList\":\"1\",\"isPk\":\"0\",\"isQuery\":\"1\",\"isRequired\":\"1\",\"javaField\":\"catalogId\",\"javaType\":\"Long\",\"list\":true,\"params\":{},\"pk\":false,\"query\":true,\"queryType\":\"EQ\",\"required\":true,\"sort\":3,\"superColumn\":false,\"tableId\":4,\"updateBy\":\"\",\"usableColumn\":false},{\"capJavaField\":\"CatalogAncestors\",\"columnComment\":\"所属栏目祖级IDs\",\"columnId\":101,\"columnName\":\"catalog_ancestors\",\"columnType\":\"varchar(100)\",\"createBy\":\"admin\",\"createTime\":\"2024-06-06 14:29:27\",\"dictType\":\"\",\"edit\":true,\"htmlType\":\"input\",\"increment\":false,\"insert\":true,\"isEdit\":\"1\",\"isIncrement\":\"0\",\"isInsert\":\"1\",\"isList\":\"1\",\"isPk\":\"0\",\"isQuer', '{\"msg\":\"操作成功\",\"code\":200}', 0, NULL, '2024-06-06 14:40:57', 107);
INSERT INTO `sys_oper_log` VALUES (17, '代码生成', 2, 'com.yuji.gen.controller.GenController.editSave()', 'PUT', 1, 'admin', NULL, '/gen', '127.0.0.1', '内网', '{\"businessName\":\"publishpipe\",\"className\":\"CmsPublishpipe\",\"columns\":[{\"capJavaField\":\"PublishpipeId\",\"columnComment\":\"主键ID\",\"columnId\":115,\"columnName\":\"publishpipe_id\",\"columnType\":\"bigint\",\"createBy\":\"admin\",\"createTime\":\"2024-06-06 14:29:27\",\"dictType\":\"\",\"edit\":false,\"htmlType\":\"input\",\"increment\":false,\"insert\":true,\"isIncrement\":\"0\",\"isInsert\":\"1\",\"isPk\":\"1\",\"javaField\":\"publishpipeId\",\"javaType\":\"Long\",\"list\":false,\"params\":{},\"pk\":true,\"query\":false,\"queryType\":\"EQ\",\"required\":false,\"sort\":1,\"superColumn\":false,\"tableId\":5,\"updateBy\":\"\",\"usableColumn\":false},{\"capJavaField\":\"SiteId\",\"columnComment\":\"站点ID\",\"columnId\":116,\"columnName\":\"site_id\",\"columnType\":\"bigint\",\"createBy\":\"admin\",\"createTime\":\"2024-06-06 14:29:27\",\"dictType\":\"\",\"edit\":true,\"htmlType\":\"input\",\"increment\":false,\"insert\":true,\"isEdit\":\"1\",\"isIncrement\":\"0\",\"isInsert\":\"1\",\"isList\":\"1\",\"isPk\":\"0\",\"isQuery\":\"1\",\"isRequired\":\"1\",\"javaField\":\"siteId\",\"javaType\":\"Long\",\"list\":true,\"params\":{},\"pk\":false,\"query\":true,\"queryType\":\"EQ\",\"required\":true,\"sort\":2,\"superColumn\":false,\"tableId\":5,\"updateBy\":\"\",\"usableColumn\":false},{\"capJavaField\":\"Name\",\"columnComment\":\"发布点名称\",\"columnId\":117,\"columnName\":\"name\",\"columnType\":\"varchar(100)\",\"createBy\":\"admin\",\"createTime\":\"2024-06-06 14:29:27\",\"dictType\":\"\",\"edit\":true,\"htmlType\":\"input\",\"increment\":false,\"insert\":true,\"isEdit\":\"1\",\"isIncrement\":\"0\",\"isInsert\":\"1\",\"isList\":\"1\",\"isPk\":\"0\",\"isQuery\":\"1\",\"isRequired\":\"1\",\"javaField\":\"name\",\"javaType\":\"String\",\"list\":true,\"params\":{},\"pk\":false,\"query\":true,\"queryType\":\"LIKE\",\"required\":true,\"sort\":3,\"superColumn\":false,\"tableId\":5,\"updateBy\":\"\",\"usableColumn\":false},{\"capJavaField\":\"Code\",\"columnComment\":\"发布点编码（同站点唯一标识）\",\"columnId\":118,\"columnName\":\"code\",\"columnType\":\"varchar(20)\",\"createBy\":\"admin\",\"createTime\":\"2024-06-06 14:29:27\",\"dictType\":\"\",\"edit\":true,\"htmlType\":\"input\",\"increment\":false,\"insert\":true,\"isEdit\":\"1\",\"isIncrement\":\"0\",\"isInsert\":\"1\",\"isList\":\"1\",\"isPk\":\"0\",\"isQuery\":\"1\",\"isRequired\":\"1', '{\"msg\":\"操作成功\",\"code\":200}', 0, NULL, '2024-06-06 14:41:17', 190);
INSERT INTO `sys_oper_log` VALUES (18, '代码生成', 2, 'com.yuji.gen.controller.GenController.editSave()', 'PUT', 1, 'admin', NULL, '/gen', '127.0.0.1', '内网', '{\"businessName\":\"resource\",\"className\":\"CmsResource\",\"columns\":[{\"capJavaField\":\"ResourceId\",\"columnComment\":\"id\",\"columnId\":126,\"columnName\":\"resource_id\",\"columnType\":\"bigint\",\"createBy\":\"admin\",\"createTime\":\"2024-06-06 14:29:27\",\"dictType\":\"\",\"edit\":false,\"htmlType\":\"input\",\"increment\":false,\"insert\":true,\"isIncrement\":\"0\",\"isInsert\":\"1\",\"isPk\":\"1\",\"javaField\":\"resourceId\",\"javaType\":\"Long\",\"list\":false,\"params\":{},\"pk\":true,\"query\":false,\"queryType\":\"EQ\",\"required\":false,\"sort\":1,\"superColumn\":false,\"tableId\":6,\"updateBy\":\"\",\"usableColumn\":false},{\"capJavaField\":\"SiteId\",\"columnComment\":\"站点id\",\"columnId\":127,\"columnName\":\"site_id\",\"columnType\":\"bigint\",\"createBy\":\"admin\",\"createTime\":\"2024-06-06 14:29:27\",\"dictType\":\"\",\"edit\":true,\"htmlType\":\"input\",\"increment\":false,\"insert\":true,\"isEdit\":\"1\",\"isIncrement\":\"0\",\"isInsert\":\"1\",\"isList\":\"1\",\"isPk\":\"0\",\"isQuery\":\"1\",\"isRequired\":\"1\",\"javaField\":\"siteId\",\"javaType\":\"Long\",\"list\":true,\"params\":{},\"pk\":false,\"query\":true,\"queryType\":\"EQ\",\"required\":true,\"sort\":2,\"superColumn\":false,\"tableId\":6,\"updateBy\":\"\",\"usableColumn\":false},{\"capJavaField\":\"ResourceType\",\"columnComment\":\"资源类型\",\"columnId\":128,\"columnName\":\"resource_type\",\"columnType\":\"varchar(20)\",\"createBy\":\"admin\",\"createTime\":\"2024-06-06 14:29:27\",\"dictType\":\"\",\"edit\":true,\"htmlType\":\"select\",\"increment\":false,\"insert\":true,\"isEdit\":\"1\",\"isIncrement\":\"0\",\"isInsert\":\"1\",\"isList\":\"1\",\"isPk\":\"0\",\"isQuery\":\"1\",\"isRequired\":\"1\",\"javaField\":\"resourceType\",\"javaType\":\"String\",\"list\":true,\"params\":{},\"pk\":false,\"query\":true,\"queryType\":\"EQ\",\"required\":true,\"sort\":3,\"superColumn\":false,\"tableId\":6,\"updateBy\":\"\",\"usableColumn\":false},{\"capJavaField\":\"StorageType\",\"columnComment\":\"存储类型（本地=local，阿里SSO=sso）\",\"columnId\":129,\"columnName\":\"storage_type\",\"columnType\":\"varchar(20)\",\"createBy\":\"admin\",\"createTime\":\"2024-06-06 14:29:27\",\"dictType\":\"\",\"edit\":true,\"htmlType\":\"select\",\"increment\":false,\"insert\":true,\"isEdit\":\"1\",\"isIncrement\":\"0\",\"isInsert\":\"1\",\"isList\":\"1\",\"isPk\":\"0', '{\"msg\":\"操作成功\",\"code\":200}', 0, NULL, '2024-06-06 14:41:52', 81);
INSERT INTO `sys_oper_log` VALUES (19, '代码生成', 2, 'com.yuji.gen.controller.GenController.editSave()', 'PUT', 1, 'admin', NULL, '/gen', '127.0.0.1', '内网', '{\"businessName\":\"site\",\"className\":\"CmsSite\",\"columns\":[{\"capJavaField\":\"SiteId\",\"columnComment\":\"站点ID\",\"columnId\":145,\"columnName\":\"site_id\",\"columnType\":\"bigint\",\"createBy\":\"admin\",\"createTime\":\"2024-06-06 14:29:27\",\"dictType\":\"\",\"edit\":false,\"htmlType\":\"input\",\"increment\":false,\"insert\":true,\"isIncrement\":\"0\",\"isInsert\":\"1\",\"isPk\":\"1\",\"javaField\":\"siteId\",\"javaType\":\"Long\",\"list\":false,\"params\":{},\"pk\":true,\"query\":false,\"queryType\":\"EQ\",\"required\":false,\"sort\":1,\"superColumn\":false,\"tableId\":7,\"updateBy\":\"\",\"usableColumn\":false},{\"capJavaField\":\"ParentId\",\"columnComment\":\"父级站点ID\",\"columnId\":146,\"columnName\":\"parent_id\",\"columnType\":\"bigint\",\"createBy\":\"admin\",\"createTime\":\"2024-06-06 14:29:27\",\"dictType\":\"\",\"edit\":true,\"htmlType\":\"input\",\"increment\":false,\"insert\":true,\"isEdit\":\"1\",\"isIncrement\":\"0\",\"isInsert\":\"1\",\"isList\":\"1\",\"isPk\":\"0\",\"isQuery\":\"1\",\"isRequired\":\"1\",\"javaField\":\"parentId\",\"javaType\":\"Long\",\"list\":true,\"params\":{},\"pk\":false,\"query\":true,\"queryType\":\"EQ\",\"required\":true,\"sort\":2,\"superColumn\":true,\"tableId\":7,\"updateBy\":\"\",\"usableColumn\":true},{\"capJavaField\":\"Name\",\"columnComment\":\"站点名称\",\"columnId\":147,\"columnName\":\"name\",\"columnType\":\"varchar(150)\",\"createBy\":\"admin\",\"createTime\":\"2024-06-06 14:29:27\",\"dictType\":\"\",\"edit\":true,\"htmlType\":\"input\",\"increment\":false,\"insert\":true,\"isEdit\":\"1\",\"isIncrement\":\"0\",\"isInsert\":\"1\",\"isList\":\"1\",\"isPk\":\"0\",\"isQuery\":\"1\",\"isRequired\":\"1\",\"javaField\":\"name\",\"javaType\":\"String\",\"list\":true,\"params\":{},\"pk\":false,\"query\":true,\"queryType\":\"LIKE\",\"required\":true,\"sort\":3,\"superColumn\":false,\"tableId\":7,\"updateBy\":\"\",\"usableColumn\":false},{\"capJavaField\":\"Description\",\"columnComment\":\"简介\",\"columnId\":148,\"columnName\":\"description\",\"columnType\":\"varchar(500)\",\"createBy\":\"admin\",\"createTime\":\"2024-06-06 14:29:27\",\"dictType\":\"\",\"edit\":true,\"htmlType\":\"textarea\",\"increment\":false,\"insert\":true,\"isEdit\":\"1\",\"isIncrement\":\"0\",\"isInsert\":\"1\",\"isList\":\"1\",\"isPk\":\"0\",\"isQuery\":\"1\",\"javaField\":\"description\",\"javaType\":\"S', '{\"msg\":\"操作成功\",\"code\":200}', 0, NULL, '2024-06-06 14:42:28', 102);
INSERT INTO `sys_oper_log` VALUES (20, '代码生成', 2, 'com.yuji.gen.controller.GenController.editSave()', 'PUT', 1, 'admin', NULL, '/gen', '127.0.0.1', '内网', '{\"businessName\":\"property\",\"className\":\"CmsSiteProperty\",\"columns\":[{\"capJavaField\":\"PropertyId\",\"columnComment\":\"属性ID\",\"columnId\":167,\"columnName\":\"property_id\",\"columnType\":\"bigint\",\"createBy\":\"admin\",\"createTime\":\"2024-06-06 14:29:27\",\"dictType\":\"\",\"edit\":false,\"htmlType\":\"input\",\"increment\":false,\"insert\":true,\"isIncrement\":\"0\",\"isInsert\":\"1\",\"isPk\":\"1\",\"javaField\":\"propertyId\",\"javaType\":\"Long\",\"list\":false,\"params\":{},\"pk\":true,\"query\":false,\"queryType\":\"EQ\",\"required\":false,\"sort\":1,\"superColumn\":false,\"tableId\":8,\"updateBy\":\"\",\"usableColumn\":false},{\"capJavaField\":\"SiteId\",\"columnComment\":\"站点ID\",\"columnId\":168,\"columnName\":\"site_id\",\"columnType\":\"bigint\",\"createBy\":\"admin\",\"createTime\":\"2024-06-06 14:29:27\",\"dictType\":\"\",\"edit\":true,\"htmlType\":\"input\",\"increment\":false,\"insert\":true,\"isEdit\":\"1\",\"isIncrement\":\"0\",\"isInsert\":\"1\",\"isList\":\"1\",\"isPk\":\"0\",\"isQuery\":\"1\",\"isRequired\":\"1\",\"javaField\":\"siteId\",\"javaType\":\"Long\",\"list\":true,\"params\":{},\"pk\":false,\"query\":true,\"queryType\":\"EQ\",\"required\":true,\"sort\":2,\"superColumn\":false,\"tableId\":8,\"updateBy\":\"\",\"usableColumn\":false},{\"capJavaField\":\"PropName\",\"columnComment\":\"属性名称\",\"columnId\":169,\"columnName\":\"prop_name\",\"columnType\":\"varchar(100)\",\"createBy\":\"admin\",\"createTime\":\"2024-06-06 14:29:27\",\"dictType\":\"\",\"edit\":true,\"htmlType\":\"input\",\"increment\":false,\"insert\":true,\"isEdit\":\"1\",\"isIncrement\":\"0\",\"isInsert\":\"1\",\"isList\":\"1\",\"isPk\":\"0\",\"isQuery\":\"1\",\"isRequired\":\"1\",\"javaField\":\"propName\",\"javaType\":\"String\",\"list\":true,\"params\":{},\"pk\":false,\"query\":true,\"queryType\":\"LIKE\",\"required\":true,\"sort\":3,\"superColumn\":false,\"tableId\":8,\"updateBy\":\"\",\"usableColumn\":false},{\"capJavaField\":\"PropCode\",\"columnComment\":\"属性编码\",\"columnId\":170,\"columnName\":\"prop_code\",\"columnType\":\"varchar(50)\",\"createBy\":\"admin\",\"createTime\":\"2024-06-06 14:29:27\",\"dictType\":\"\",\"edit\":true,\"htmlType\":\"input\",\"increment\":false,\"insert\":true,\"isEdit\":\"1\",\"isIncrement\":\"0\",\"isInsert\":\"1\",\"isList\":\"1\",\"isPk\":\"0\",\"isQuery\":\"1\",\"isRequired\":\"1', '{\"msg\":\"操作成功\",\"code\":200}', 0, NULL, '2024-06-06 14:42:41', 89);
INSERT INTO `sys_oper_log` VALUES (21, '代码生成', 2, 'com.yuji.gen.controller.GenController.editSave()', 'PUT', 1, 'admin', NULL, '/gen', '127.0.0.1', '内网', '{\"businessName\":\"template\",\"className\":\"CmsTemplate\",\"columns\":[{\"capJavaField\":\"TemplateId\",\"columnComment\":\"主键ID\",\"columnId\":177,\"columnName\":\"template_id\",\"columnType\":\"bigint\",\"createBy\":\"admin\",\"createTime\":\"2024-06-06 14:29:27\",\"dictType\":\"\",\"edit\":false,\"htmlType\":\"input\",\"increment\":false,\"insert\":true,\"isIncrement\":\"0\",\"isInsert\":\"1\",\"isPk\":\"1\",\"javaField\":\"templateId\",\"javaType\":\"Long\",\"list\":false,\"params\":{},\"pk\":true,\"query\":false,\"queryType\":\"EQ\",\"required\":false,\"sort\":1,\"superColumn\":false,\"tableId\":9,\"updateBy\":\"\",\"usableColumn\":false},{\"capJavaField\":\"SiteId\",\"columnComment\":\"站点ID\",\"columnId\":178,\"columnName\":\"site_id\",\"columnType\":\"bigint\",\"createBy\":\"admin\",\"createTime\":\"2024-06-06 14:29:27\",\"dictType\":\"\",\"edit\":true,\"htmlType\":\"input\",\"increment\":false,\"insert\":true,\"isEdit\":\"1\",\"isIncrement\":\"0\",\"isInsert\":\"1\",\"isList\":\"1\",\"isPk\":\"0\",\"isQuery\":\"1\",\"isRequired\":\"1\",\"javaField\":\"siteId\",\"javaType\":\"Long\",\"list\":true,\"params\":{},\"pk\":false,\"query\":true,\"queryType\":\"EQ\",\"required\":true,\"sort\":2,\"superColumn\":false,\"tableId\":9,\"updateBy\":\"\",\"usableColumn\":false},{\"capJavaField\":\"PublishPipeCode\",\"columnComment\":\"发布通道编码\",\"columnId\":179,\"columnName\":\"publish_pipe_code\",\"columnType\":\"varchar(20)\",\"createBy\":\"admin\",\"createTime\":\"2024-06-06 14:29:27\",\"dictType\":\"\",\"edit\":true,\"htmlType\":\"input\",\"increment\":false,\"insert\":true,\"isEdit\":\"1\",\"isIncrement\":\"0\",\"isInsert\":\"1\",\"isList\":\"1\",\"isPk\":\"0\",\"isQuery\":\"1\",\"isRequired\":\"1\",\"javaField\":\"publishPipeCode\",\"javaType\":\"String\",\"list\":true,\"params\":{},\"pk\":false,\"query\":true,\"queryType\":\"EQ\",\"required\":true,\"sort\":3,\"superColumn\":false,\"tableId\":9,\"updateBy\":\"\",\"usableColumn\":false},{\"capJavaField\":\"Path\",\"columnComment\":\"模板路径\",\"columnId\":180,\"columnName\":\"path\",\"columnType\":\"varchar(200)\",\"createBy\":\"admin\",\"createTime\":\"2024-06-06 14:29:27\",\"dictType\":\"\",\"edit\":true,\"htmlType\":\"input\",\"increment\":false,\"insert\":true,\"isEdit\":\"1\",\"isIncrement\":\"0\",\"isInsert\":\"1\",\"isList\":\"1\",\"isPk\":\"0\",\"isQuery\":\"1\",\"isReq', '{\"msg\":\"操作成功\",\"code\":200}', 0, NULL, '2024-06-06 14:43:05', 123);
INSERT INTO `sys_oper_log` VALUES (22, '代码生成', 2, 'com.yuji.gen.controller.GenController.editSave()', 'PUT', 1, 'admin', NULL, '/gen', '127.0.0.1', '内网', '{\"businessName\":\"catalog\",\"className\":\"CmsCatalog\",\"columns\":[{\"capJavaField\":\"CatalogId\",\"columnComment\":\"主键ID\",\"columnId\":1,\"columnName\":\"catalog_id\",\"columnType\":\"bigint\",\"createBy\":\"admin\",\"createTime\":\"2024-06-06 14:29:27\",\"dictType\":\"\",\"edit\":false,\"htmlType\":\"input\",\"increment\":false,\"insert\":true,\"isIncrement\":\"0\",\"isInsert\":\"1\",\"isPk\":\"1\",\"javaField\":\"catalogId\",\"javaType\":\"Long\",\"list\":false,\"params\":{},\"pk\":true,\"query\":false,\"queryType\":\"EQ\",\"required\":false,\"sort\":1,\"superColumn\":false,\"tableId\":1,\"updateBy\":\"\",\"updateTime\":\"2024-06-06 14:39:19\",\"usableColumn\":false},{\"capJavaField\":\"SiteId\",\"columnComment\":\"站点ID\",\"columnId\":2,\"columnName\":\"site_id\",\"columnType\":\"bigint\",\"createBy\":\"admin\",\"createTime\":\"2024-06-06 14:29:27\",\"dictType\":\"\",\"edit\":true,\"htmlType\":\"input\",\"increment\":false,\"insert\":true,\"isEdit\":\"1\",\"isIncrement\":\"0\",\"isInsert\":\"1\",\"isList\":\"1\",\"isPk\":\"0\",\"isQuery\":\"1\",\"isRequired\":\"1\",\"javaField\":\"siteId\",\"javaType\":\"Long\",\"list\":true,\"params\":{},\"pk\":false,\"query\":true,\"queryType\":\"EQ\",\"required\":true,\"sort\":2,\"superColumn\":false,\"tableId\":1,\"updateBy\":\"\",\"updateTime\":\"2024-06-06 14:39:19\",\"usableColumn\":false},{\"capJavaField\":\"ParentId\",\"columnComment\":\"父级栏目ID\",\"columnId\":3,\"columnName\":\"parent_id\",\"columnType\":\"bigint\",\"createBy\":\"admin\",\"createTime\":\"2024-06-06 14:29:27\",\"dictType\":\"\",\"edit\":true,\"htmlType\":\"input\",\"increment\":false,\"insert\":true,\"isEdit\":\"1\",\"isIncrement\":\"0\",\"isInsert\":\"1\",\"isList\":\"1\",\"isPk\":\"0\",\"isQuery\":\"1\",\"javaField\":\"parentId\",\"javaType\":\"Long\",\"list\":true,\"params\":{},\"pk\":false,\"query\":true,\"queryType\":\"EQ\",\"required\":false,\"sort\":3,\"superColumn\":true,\"tableId\":1,\"updateBy\":\"\",\"updateTime\":\"2024-06-06 14:39:19\",\"usableColumn\":true},{\"capJavaField\":\"Name\",\"columnComment\":\"栏目名称\",\"columnId\":4,\"columnName\":\"name\",\"columnType\":\"varchar(100)\",\"createBy\":\"admin\",\"createTime\":\"2024-06-06 14:29:27\",\"dictType\":\"\",\"edit\":true,\"htmlType\":\"input\",\"increment\":false,\"insert\":true,\"isEdit\":\"1\",\"isIncrement\":\"0\",\"isInsert\":\"1\"', '{\"msg\":\"操作成功\",\"code\":200}', 0, NULL, '2024-06-06 14:43:18', 98);
INSERT INTO `sys_oper_log` VALUES (23, '代码生成', 2, 'com.yuji.gen.controller.GenController.editSave()', 'PUT', 1, 'admin', NULL, '/gen', '127.0.0.1', '内网', '{\"businessName\":\"content\",\"className\":\"CmsContent\",\"columns\":[{\"capJavaField\":\"ContentId\",\"columnComment\":\"主键ID\",\"columnId\":37,\"columnName\":\"content_id\",\"columnType\":\"bigint\",\"createBy\":\"admin\",\"createTime\":\"2024-06-06 14:29:27\",\"dictType\":\"\",\"edit\":false,\"htmlType\":\"input\",\"increment\":false,\"insert\":true,\"isIncrement\":\"0\",\"isInsert\":\"1\",\"isPk\":\"1\",\"javaField\":\"contentId\",\"javaType\":\"Long\",\"list\":false,\"params\":{},\"pk\":true,\"query\":false,\"queryType\":\"EQ\",\"required\":false,\"sort\":1,\"superColumn\":false,\"tableId\":2,\"updateBy\":\"\",\"updateTime\":\"2024-06-06 14:39:58\",\"usableColumn\":false},{\"capJavaField\":\"SiteId\",\"columnComment\":\"所属站点ID\",\"columnId\":38,\"columnName\":\"site_id\",\"columnType\":\"bigint\",\"createBy\":\"admin\",\"createTime\":\"2024-06-06 14:29:27\",\"dictType\":\"\",\"edit\":true,\"htmlType\":\"input\",\"increment\":false,\"insert\":true,\"isEdit\":\"1\",\"isIncrement\":\"0\",\"isInsert\":\"1\",\"isList\":\"1\",\"isPk\":\"0\",\"isQuery\":\"1\",\"isRequired\":\"1\",\"javaField\":\"siteId\",\"javaType\":\"Long\",\"list\":true,\"params\":{},\"pk\":false,\"query\":true,\"queryType\":\"EQ\",\"required\":true,\"sort\":2,\"superColumn\":false,\"tableId\":2,\"updateBy\":\"\",\"updateTime\":\"2024-06-06 14:39:58\",\"usableColumn\":false},{\"capJavaField\":\"CatalogId\",\"columnComment\":\"所属栏目ID\",\"columnId\":39,\"columnName\":\"catalog_id\",\"columnType\":\"bigint\",\"createBy\":\"admin\",\"createTime\":\"2024-06-06 14:29:27\",\"dictType\":\"\",\"edit\":true,\"htmlType\":\"input\",\"increment\":false,\"insert\":true,\"isEdit\":\"1\",\"isIncrement\":\"0\",\"isInsert\":\"1\",\"isList\":\"1\",\"isPk\":\"0\",\"isQuery\":\"1\",\"isRequired\":\"1\",\"javaField\":\"catalogId\",\"javaType\":\"Long\",\"list\":true,\"params\":{},\"pk\":false,\"query\":true,\"queryType\":\"EQ\",\"required\":true,\"sort\":3,\"superColumn\":false,\"tableId\":2,\"updateBy\":\"\",\"updateTime\":\"2024-06-06 14:39:58\",\"usableColumn\":false},{\"capJavaField\":\"CatalogAncestors\",\"columnComment\":\"所属栏目祖级IDs\",\"columnId\":40,\"columnName\":\"catalog_ancestors\",\"columnType\":\"varchar(100)\",\"createBy\":\"admin\",\"createTime\":\"2024-06-06 14:29:27\",\"dictType\":\"\",\"edit\":true,\"htmlType\":\"input\",\"increment\":false,\"i', '{\"msg\":\"操作成功\",\"code\":200}', 0, NULL, '2024-06-06 14:43:30', 77);
INSERT INTO `sys_oper_log` VALUES (24, '代码生成', 8, 'com.yuji.gen.controller.GenController.batchGenCode()', 'GET', 1, 'admin', NULL, '/gen/batchGenCode', '127.0.0.1', '内网', '{\"tables\":\"cms_catalog,cms_content,cms_content_rela,cms_page_widget,cms_publishpipe,cms_resource,cms_site,cms_site_property,cms_template\"}', NULL, 0, NULL, '2024-06-06 14:43:52', 449);
INSERT INTO `sys_oper_log` VALUES (25, '菜单管理', 2, 'com.yuji.system.controller.SysMenuController.edit()', 'PUT', 1, 'admin', NULL, '/menu', '127.0.0.1', '内网', '{\"children\":[],\"component\":\"cms/catalog/index\",\"createTime\":\"2024-06-06 14:45:48\",\"icon\":\"tree-table\",\"isCache\":\"0\",\"isFrame\":\"1\",\"menuId\":2001,\"menuName\":\"栏目管理\",\"menuType\":\"C\",\"orderNum\":2,\"params\":{},\"parentId\":2000,\"path\":\"catalog\",\"perms\":\"cms:catalog:list\",\"status\":\"0\",\"updateBy\":\"admin\",\"visible\":\"0\"}', '{\"msg\":\"操作成功\",\"code\":200}', 0, NULL, '2024-06-06 14:48:33', 81);
INSERT INTO `sys_oper_log` VALUES (26, '菜单管理', 2, 'com.yuji.system.controller.SysMenuController.edit()', 'PUT', 1, 'admin', NULL, '/menu', '127.0.0.1', '内网', '{\"children\":[],\"component\":\"cms/site/index\",\"createTime\":\"2024-06-06 14:46:10\",\"icon\":\"cascader\",\"isCache\":\"0\",\"isFrame\":\"1\",\"menuId\":2013,\"menuName\":\"站点管理\",\"menuType\":\"C\",\"orderNum\":1,\"params\":{},\"parentId\":2000,\"path\":\"site\",\"perms\":\"cms:site:list\",\"status\":\"0\",\"updateBy\":\"admin\",\"visible\":\"0\"}', '{\"msg\":\"操作成功\",\"code\":200}', 0, NULL, '2024-06-06 14:49:13', 78);
INSERT INTO `sys_oper_log` VALUES (27, '菜单管理', 2, 'com.yuji.system.controller.SysMenuController.edit()', 'PUT', 1, 'admin', NULL, '/menu', '127.0.0.1', '内网', '{\"children\":[],\"component\":\"cms/content/index\",\"createTime\":\"2024-06-06 14:45:54\",\"icon\":\"textarea\",\"isCache\":\"0\",\"isFrame\":\"1\",\"menuId\":2007,\"menuName\":\"内容管理\",\"menuType\":\"C\",\"orderNum\":3,\"params\":{},\"parentId\":2000,\"path\":\"content\",\"perms\":\"cms:content:list\",\"status\":\"0\",\"updateBy\":\"admin\",\"visible\":\"0\"}', '{\"msg\":\"操作成功\",\"code\":200}', 0, NULL, '2024-06-06 14:49:55', 97);
INSERT INTO `sys_oper_log` VALUES (28, '菜单管理', 2, 'com.yuji.system.controller.SysMenuController.edit()', 'PUT', 1, 'admin', NULL, '/menu', '127.0.0.1', '内网', '{\"children\":[],\"component\":\"cms/resource/index\",\"createTime\":\"2024-06-06 14:46:26\",\"icon\":\"upload\",\"isCache\":\"0\",\"isFrame\":\"1\",\"menuId\":2025,\"menuName\":\"资源管理\",\"menuType\":\"C\",\"orderNum\":4,\"params\":{},\"parentId\":2000,\"path\":\"resource\",\"perms\":\"cms:resource:list\",\"status\":\"0\",\"updateBy\":\"admin\",\"visible\":\"0\"}', '{\"msg\":\"操作成功\",\"code\":200}', 0, NULL, '2024-06-06 14:50:57', 173);
INSERT INTO `sys_oper_log` VALUES (29, '菜单管理', 2, 'com.yuji.system.controller.SysMenuController.edit()', 'PUT', 1, 'admin', NULL, '/menu', '127.0.0.1', '内网', '{\"children\":[],\"component\":\"cms/publishpipe/index\",\"createTime\":\"2024-06-06 14:46:53\",\"icon\":\"component\",\"isCache\":\"0\",\"isFrame\":\"1\",\"menuId\":2031,\"menuName\":\"发布通道\",\"menuType\":\"C\",\"orderNum\":5,\"params\":{},\"parentId\":2000,\"path\":\"publishpipe\",\"perms\":\"cms:publishpipe:list\",\"status\":\"0\",\"updateBy\":\"admin\",\"visible\":\"0\"}', '{\"msg\":\"操作成功\",\"code\":200}', 0, NULL, '2024-06-06 14:51:37', 174);
INSERT INTO `sys_oper_log` VALUES (30, '菜单管理', 2, 'com.yuji.system.controller.SysMenuController.edit()', 'PUT', 1, 'admin', NULL, '/menu', '127.0.0.1', '内网', '{\"children\":[],\"component\":\"cms/template/index\",\"createTime\":\"2024-06-06 14:46:19\",\"icon\":\"example\",\"isCache\":\"0\",\"isFrame\":\"1\",\"menuId\":2019,\"menuName\":\"模板管理\",\"menuType\":\"C\",\"orderNum\":7,\"params\":{},\"parentId\":2000,\"path\":\"template\",\"perms\":\"cms:template:list\",\"status\":\"0\",\"updateBy\":\"admin\",\"visible\":\"0\"}', '{\"msg\":\"操作成功\",\"code\":200}', 0, NULL, '2024-06-06 14:52:36', 76);
INSERT INTO `sys_oper_log` VALUES (31, '菜单管理', 1, 'com.yuji.system.controller.SysMenuController.add()', 'POST', 1, 'admin', NULL, '/menu', '127.0.0.1', '内网', '{\"children\":[],\"createBy\":\"admin\",\"icon\":\"code\",\"isCache\":\"0\",\"isFrame\":\"1\",\"menuName\":\"模板指令\",\"menuType\":\"C\",\"orderNum\":8,\"params\":{},\"parentId\":2000,\"path\":\"/cms/staticize/index\",\"status\":\"0\",\"visible\":\"0\"}', '{\"msg\":\"操作成功\",\"code\":200}', 0, NULL, '2024-06-06 14:53:24', 293);
INSERT INTO `sys_oper_log` VALUES (32, '用户头像', 2, 'com.yuji.system.controller.SysProfileController.avatar()', 'POST', 1, 'admin', NULL, '/user/profile/avatar', '127.0.0.1', '内网', '', '{\"msg\":\"操作成功\",\"imgUrl\":\"http://127.0.0.1:9300/statics/2024/06/06/Koala_20240606164437A001.jpg\",\"code\":200}', 0, NULL, '2024-06-06 16:44:38', 550);
INSERT INTO `sys_oper_log` VALUES (33, '用户头像', 2, 'com.yuji.system.controller.SysProfileController.avatar()', 'POST', 1, 'admin', NULL, '/user/profile/avatar', '127.0.0.1', '内网', '', '{\"msg\":\"文件服务异常，请联系管理员\",\"code\":500}', 0, NULL, '2024-06-06 17:06:17', 10056);
INSERT INTO `sys_oper_log` VALUES (34, '用户头像', 2, 'com.yuji.system.controller.SysProfileController.avatar()', 'POST', 1, 'admin', NULL, '/user/profile/avatar', '127.0.0.1', '内网', '', '{\"msg\":\"操作成功\",\"imgUrl\":\"http://127.0.0.1:9000/test/2024/06/06/Hydrangeas_20240606170841A001.jpg\",\"code\":200}', 0, NULL, '2024-06-06 17:08:44', 6847);

-- ----------------------------
-- Table structure for sys_post
-- ----------------------------
DROP TABLE IF EXISTS `sys_post`;
CREATE TABLE `sys_post`  (
  `post_id` bigint(0) NOT NULL AUTO_INCREMENT COMMENT '岗位ID',
  `post_code` varchar(64) CHARACTER SET utf8 COLLATE utf8_general_ci NOT NULL COMMENT '岗位编码',
  `post_name` varchar(50) CHARACTER SET utf8 COLLATE utf8_general_ci NOT NULL COMMENT '岗位名称',
  `post_sort` int(0) NOT NULL COMMENT '显示顺序',
  `status` char(1) CHARACTER SET utf8 COLLATE utf8_general_ci NOT NULL COMMENT '状态（0正常 1停用）',
  `create_by` varchar(64) CHARACTER SET utf8 COLLATE utf8_general_ci NULL DEFAULT '' COMMENT '创建者',
  `create_time` datetime(0) NULL DEFAULT NULL COMMENT '创建时间',
  `update_by` varchar(64) CHARACTER SET utf8 COLLATE utf8_general_ci NULL DEFAULT '' COMMENT '更新者',
  `update_time` datetime(0) NULL DEFAULT NULL COMMENT '更新时间',
  `remark` varchar(500) CHARACTER SET utf8 COLLATE utf8_general_ci NULL DEFAULT NULL COMMENT '备注',
  PRIMARY KEY (`post_id`) USING BTREE
) ENGINE = InnoDB AUTO_INCREMENT = 5 CHARACTER SET = utf8 COLLATE = utf8_general_ci COMMENT = '岗位信息表' ROW_FORMAT = Dynamic;

-- ----------------------------
-- Records of sys_post
-- ----------------------------
INSERT INTO `sys_post` VALUES (1, 'ceo', '董事长', 1, '0', 'admin', '2024-05-29 09:49:50', '', NULL, '');
INSERT INTO `sys_post` VALUES (2, 'se', '项目经理', 2, '0', 'admin', '2024-05-29 09:49:50', '', NULL, '');
INSERT INTO `sys_post` VALUES (3, 'hr', '人力资源', 3, '0', 'admin', '2024-05-29 09:49:50', '', NULL, '');
INSERT INTO `sys_post` VALUES (4, 'user', '普通员工', 4, '0', 'admin', '2024-05-29 09:49:50', '', NULL, '');

-- ----------------------------
-- Table structure for sys_role
-- ----------------------------
DROP TABLE IF EXISTS `sys_role`;
CREATE TABLE `sys_role`  (
  `role_id` bigint(0) NOT NULL AUTO_INCREMENT COMMENT '角色ID',
  `role_name` varchar(30) CHARACTER SET utf8 COLLATE utf8_general_ci NOT NULL COMMENT '角色名称',
  `role_key` varchar(100) CHARACTER SET utf8 COLLATE utf8_general_ci NOT NULL COMMENT '角色权限字符串',
  `role_sort` int(0) NOT NULL COMMENT '显示顺序',
  `data_scope` char(1) CHARACTER SET utf8 COLLATE utf8_general_ci NULL DEFAULT '1' COMMENT '数据范围（1：全部数据权限 2：自定数据权限 3：本部门数据权限 4：本部门及以下数据权限）',
  `menu_check_strictly` tinyint(1) NULL DEFAULT 1 COMMENT '菜单树选择项是否关联显示',
  `dept_check_strictly` tinyint(1) NULL DEFAULT 1 COMMENT '部门树选择项是否关联显示',
  `status` char(1) CHARACTER SET utf8 COLLATE utf8_general_ci NOT NULL COMMENT '角色状态（0正常 1停用）',
  `del_flag` char(1) CHARACTER SET utf8 COLLATE utf8_general_ci NULL DEFAULT '0' COMMENT '删除标志（0代表存在 2代表删除）',
  `create_by` varchar(64) CHARACTER SET utf8 COLLATE utf8_general_ci NULL DEFAULT '' COMMENT '创建者',
  `create_time` datetime(0) NULL DEFAULT NULL COMMENT '创建时间',
  `update_by` varchar(64) CHARACTER SET utf8 COLLATE utf8_general_ci NULL DEFAULT '' COMMENT '更新者',
  `update_time` datetime(0) NULL DEFAULT NULL COMMENT '更新时间',
  `remark` varchar(500) CHARACTER SET utf8 COLLATE utf8_general_ci NULL DEFAULT NULL COMMENT '备注',
  PRIMARY KEY (`role_id`) USING BTREE
) ENGINE = InnoDB AUTO_INCREMENT = 100 CHARACTER SET = utf8 COLLATE = utf8_general_ci COMMENT = '角色信息表' ROW_FORMAT = Dynamic;

-- ----------------------------
-- Records of sys_role
-- ----------------------------
INSERT INTO `sys_role` VALUES (1, '超级管理员', 'admin', 1, '1', 1, 1, '0', '0', 'admin', '2024-05-29 09:49:51', '', NULL, '超级管理员');
INSERT INTO `sys_role` VALUES (2, '普通角色', 'common', 2, '2', 1, 1, '0', '0', 'admin', '2024-05-29 09:49:51', '', NULL, '普通角色');

-- ----------------------------
-- Table structure for sys_role_dept
-- ----------------------------
DROP TABLE IF EXISTS `sys_role_dept`;
CREATE TABLE `sys_role_dept`  (
  `role_id` bigint(0) NOT NULL COMMENT '角色ID',
  `dept_id` bigint(0) NOT NULL COMMENT '部门ID',
  PRIMARY KEY (`role_id`, `dept_id`) USING BTREE
) ENGINE = InnoDB CHARACTER SET = utf8 COLLATE = utf8_general_ci COMMENT = '角色和部门关联表' ROW_FORMAT = Dynamic;

-- ----------------------------
-- Records of sys_role_dept
-- ----------------------------
INSERT INTO `sys_role_dept` VALUES (2, 100);
INSERT INTO `sys_role_dept` VALUES (2, 101);
INSERT INTO `sys_role_dept` VALUES (2, 105);

-- ----------------------------
-- Table structure for sys_role_menu
-- ----------------------------
DROP TABLE IF EXISTS `sys_role_menu`;
CREATE TABLE `sys_role_menu`  (
  `role_id` bigint(0) NOT NULL COMMENT '角色ID',
  `menu_id` bigint(0) NOT NULL COMMENT '菜单ID',
  PRIMARY KEY (`role_id`, `menu_id`) USING BTREE
) ENGINE = InnoDB CHARACTER SET = utf8 COLLATE = utf8_general_ci COMMENT = '角色和菜单关联表' ROW_FORMAT = Dynamic;

-- ----------------------------
-- Records of sys_role_menu
-- ----------------------------
INSERT INTO `sys_role_menu` VALUES (2, 1);
INSERT INTO `sys_role_menu` VALUES (2, 2);
INSERT INTO `sys_role_menu` VALUES (2, 3);
INSERT INTO `sys_role_menu` VALUES (2, 4);
INSERT INTO `sys_role_menu` VALUES (2, 100);
INSERT INTO `sys_role_menu` VALUES (2, 101);
INSERT INTO `sys_role_menu` VALUES (2, 102);
INSERT INTO `sys_role_menu` VALUES (2, 103);
INSERT INTO `sys_role_menu` VALUES (2, 104);
INSERT INTO `sys_role_menu` VALUES (2, 105);
INSERT INTO `sys_role_menu` VALUES (2, 106);
INSERT INTO `sys_role_menu` VALUES (2, 107);
INSERT INTO `sys_role_menu` VALUES (2, 108);
INSERT INTO `sys_role_menu` VALUES (2, 109);
INSERT INTO `sys_role_menu` VALUES (2, 110);
INSERT INTO `sys_role_menu` VALUES (2, 111);
INSERT INTO `sys_role_menu` VALUES (2, 112);
INSERT INTO `sys_role_menu` VALUES (2, 113);
INSERT INTO `sys_role_menu` VALUES (2, 114);
INSERT INTO `sys_role_menu` VALUES (2, 115);
INSERT INTO `sys_role_menu` VALUES (2, 116);
INSERT INTO `sys_role_menu` VALUES (2, 500);
INSERT INTO `sys_role_menu` VALUES (2, 501);
INSERT INTO `sys_role_menu` VALUES (2, 1000);
INSERT INTO `sys_role_menu` VALUES (2, 1001);
INSERT INTO `sys_role_menu` VALUES (2, 1002);
INSERT INTO `sys_role_menu` VALUES (2, 1003);
INSERT INTO `sys_role_menu` VALUES (2, 1004);
INSERT INTO `sys_role_menu` VALUES (2, 1005);
INSERT INTO `sys_role_menu` VALUES (2, 1006);
INSERT INTO `sys_role_menu` VALUES (2, 1007);
INSERT INTO `sys_role_menu` VALUES (2, 1008);
INSERT INTO `sys_role_menu` VALUES (2, 1009);
INSERT INTO `sys_role_menu` VALUES (2, 1010);
INSERT INTO `sys_role_menu` VALUES (2, 1011);
INSERT INTO `sys_role_menu` VALUES (2, 1012);
INSERT INTO `sys_role_menu` VALUES (2, 1013);
INSERT INTO `sys_role_menu` VALUES (2, 1014);
INSERT INTO `sys_role_menu` VALUES (2, 1015);
INSERT INTO `sys_role_menu` VALUES (2, 1016);
INSERT INTO `sys_role_menu` VALUES (2, 1017);
INSERT INTO `sys_role_menu` VALUES (2, 1018);
INSERT INTO `sys_role_menu` VALUES (2, 1019);
INSERT INTO `sys_role_menu` VALUES (2, 1020);
INSERT INTO `sys_role_menu` VALUES (2, 1021);
INSERT INTO `sys_role_menu` VALUES (2, 1022);
INSERT INTO `sys_role_menu` VALUES (2, 1023);
INSERT INTO `sys_role_menu` VALUES (2, 1024);
INSERT INTO `sys_role_menu` VALUES (2, 1025);
INSERT INTO `sys_role_menu` VALUES (2, 1026);
INSERT INTO `sys_role_menu` VALUES (2, 1027);
INSERT INTO `sys_role_menu` VALUES (2, 1028);
INSERT INTO `sys_role_menu` VALUES (2, 1029);
INSERT INTO `sys_role_menu` VALUES (2, 1030);
INSERT INTO `sys_role_menu` VALUES (2, 1031);
INSERT INTO `sys_role_menu` VALUES (2, 1032);
INSERT INTO `sys_role_menu` VALUES (2, 1033);
INSERT INTO `sys_role_menu` VALUES (2, 1034);
INSERT INTO `sys_role_menu` VALUES (2, 1035);
INSERT INTO `sys_role_menu` VALUES (2, 1036);
INSERT INTO `sys_role_menu` VALUES (2, 1037);
INSERT INTO `sys_role_menu` VALUES (2, 1038);
INSERT INTO `sys_role_menu` VALUES (2, 1039);
INSERT INTO `sys_role_menu` VALUES (2, 1040);
INSERT INTO `sys_role_menu` VALUES (2, 1041);
INSERT INTO `sys_role_menu` VALUES (2, 1042);
INSERT INTO `sys_role_menu` VALUES (2, 1043);
INSERT INTO `sys_role_menu` VALUES (2, 1044);
INSERT INTO `sys_role_menu` VALUES (2, 1045);
INSERT INTO `sys_role_menu` VALUES (2, 1046);
INSERT INTO `sys_role_menu` VALUES (2, 1047);
INSERT INTO `sys_role_menu` VALUES (2, 1048);
INSERT INTO `sys_role_menu` VALUES (2, 1049);
INSERT INTO `sys_role_menu` VALUES (2, 1050);
INSERT INTO `sys_role_menu` VALUES (2, 1051);
INSERT INTO `sys_role_menu` VALUES (2, 1052);
INSERT INTO `sys_role_menu` VALUES (2, 1053);
INSERT INTO `sys_role_menu` VALUES (2, 1054);
INSERT INTO `sys_role_menu` VALUES (2, 1055);
INSERT INTO `sys_role_menu` VALUES (2, 1056);
INSERT INTO `sys_role_menu` VALUES (2, 1057);
INSERT INTO `sys_role_menu` VALUES (2, 1058);
INSERT INTO `sys_role_menu` VALUES (2, 1059);
INSERT INTO `sys_role_menu` VALUES (2, 1060);

-- ----------------------------
-- Table structure for sys_user
-- ----------------------------
DROP TABLE IF EXISTS `sys_user`;
CREATE TABLE `sys_user`  (
  `user_id` bigint(0) NOT NULL AUTO_INCREMENT COMMENT '用户ID',
  `dept_id` bigint(0) NULL DEFAULT NULL COMMENT '部门ID',
  `user_name` varchar(30) CHARACTER SET utf8 COLLATE utf8_general_ci NOT NULL COMMENT '用户账号',
  `nick_name` varchar(30) CHARACTER SET utf8 COLLATE utf8_general_ci NOT NULL COMMENT '用户昵称',
  `user_type` varchar(2) CHARACTER SET utf8 COLLATE utf8_general_ci NULL DEFAULT '00' COMMENT '用户类型（00系统用户）',
  `email` varchar(50) CHARACTER SET utf8 COLLATE utf8_general_ci NULL DEFAULT '' COMMENT '用户邮箱',
  `phonenumber` varchar(11) CHARACTER SET utf8 COLLATE utf8_general_ci NULL DEFAULT '' COMMENT '手机号码',
  `sex` char(1) CHARACTER SET utf8 COLLATE utf8_general_ci NULL DEFAULT '0' COMMENT '用户性别（0男 1女 2未知）',
  `avatar` varchar(100) CHARACTER SET utf8 COLLATE utf8_general_ci NULL DEFAULT '' COMMENT '头像地址',
  `password` varchar(100) CHARACTER SET utf8 COLLATE utf8_general_ci NULL DEFAULT '' COMMENT '密码',
  `status` char(1) CHARACTER SET utf8 COLLATE utf8_general_ci NULL DEFAULT '0' COMMENT '帐号状态（0正常 1停用）',
  `del_flag` char(1) CHARACTER SET utf8 COLLATE utf8_general_ci NULL DEFAULT '0' COMMENT '删除标志（0代表存在 2代表删除）',
  `login_ip` varchar(128) CHARACTER SET utf8 COLLATE utf8_general_ci NULL DEFAULT '' COMMENT '最后登录IP',
  `login_date` datetime(0) NULL DEFAULT NULL COMMENT '最后登录时间',
  `create_by` varchar(64) CHARACTER SET utf8 COLLATE utf8_general_ci NULL DEFAULT '' COMMENT '创建者',
  `create_time` datetime(0) NULL DEFAULT NULL COMMENT '创建时间',
  `update_by` varchar(64) CHARACTER SET utf8 COLLATE utf8_general_ci NULL DEFAULT '' COMMENT '更新者',
  `update_time` datetime(0) NULL DEFAULT NULL COMMENT '更新时间',
  `remark` varchar(500) CHARACTER SET utf8 COLLATE utf8_general_ci NULL DEFAULT NULL COMMENT '备注',
  PRIMARY KEY (`user_id`) USING BTREE
) ENGINE = InnoDB AUTO_INCREMENT = 100 CHARACTER SET = utf8 COLLATE = utf8_general_ci COMMENT = '用户信息表' ROW_FORMAT = Dynamic;

-- ----------------------------
-- Records of sys_user
-- ----------------------------
INSERT INTO `sys_user` VALUES (1, 103, 'admin', '雨霁', '00', '123@qq.com', '15888888888', '1', 'http://127.0.0.1:9000/test/2024/06/06/Hydrangeas_20240606170841A001.jpg', '$2a$10$7JB720yubVSZvUI0rEqK/.VqGOZTH.ulu33dHOiBE8ByOhJIrdAu2', '0', '0', '127.0.0.1', '2024-06-07 14:12:38', 'admin', '2024-05-29 09:49:49', '', '2024-06-07 14:12:38', '管理员');
INSERT INTO `sys_user` VALUES (2, 105, 'yuji', '雨霁', '00', '123@qq.com', '15666666666', '1', '', '$2a$10$7JB720yubVSZvUI0rEqK/.VqGOZTH.ulu33dHOiBE8ByOhJIrdAu2', '0', '0', '127.0.0.1', '2024-05-29 09:49:49', 'admin', '2024-05-29 09:49:49', '', NULL, '测试员');

-- ----------------------------
-- Table structure for sys_user_post
-- ----------------------------
DROP TABLE IF EXISTS `sys_user_post`;
CREATE TABLE `sys_user_post`  (
  `user_id` bigint(0) NOT NULL COMMENT '用户ID',
  `post_id` bigint(0) NOT NULL COMMENT '岗位ID',
  PRIMARY KEY (`user_id`, `post_id`) USING BTREE
) ENGINE = InnoDB CHARACTER SET = utf8 COLLATE = utf8_general_ci COMMENT = '用户与岗位关联表' ROW_FORMAT = Dynamic;

-- ----------------------------
-- Records of sys_user_post
-- ----------------------------
INSERT INTO `sys_user_post` VALUES (2, 2);

-- ----------------------------
-- Table structure for sys_user_role
-- ----------------------------
DROP TABLE IF EXISTS `sys_user_role`;
CREATE TABLE `sys_user_role`  (
  `user_id` bigint(0) NOT NULL COMMENT '用户ID',
  `role_id` bigint(0) NOT NULL COMMENT '角色ID',
  PRIMARY KEY (`user_id`, `role_id`) USING BTREE
) ENGINE = InnoDB CHARACTER SET = utf8 COLLATE = utf8_general_ci COMMENT = '用户和角色关联表' ROW_FORMAT = Dynamic;

-- ----------------------------
-- Records of sys_user_role
-- ----------------------------
INSERT INTO `sys_user_role` VALUES (2, 2);

SET FOREIGN_KEY_CHECKS = 1;
